path,folder,extension,bytes,rows,modified,chipboard_id,start_time_unix,start_time_string,acq_time_s,hv_v,threshold_kev,pixet_version,mpx_type,interface
08_thu_proton_daily_batch/toa_tot__r0000006974.t3pa,08_thu_proton_daily_batch,.t3pa,624,22,2026-05-02T19:39:57.485478+00:00,G07-W0050,1707363163.701,Thu Feb  8 04:32:43.700999 2024,20.0,80.0,3.49132,1.8.0,4,MiniPIX
08_thu_proton_daily_batch/toa_tot__r0000006974.t3pa.info,08_thu_proton_daily_batch,.t3pa.info,944,,2026-05-02T19:39:57.501375+00:00,G07-W0050,1707363163.701,Thu Feb  8 04:32:43.700999 2024,20.0,80.0,3.49132,1.8.0,4,MiniPIX
08_thu_proton_daily_batch/toa_tot__r0000006975.t3pa,08_thu_proton_daily_batch,.t3pa,1117,40,2026-05-02T19:39:57.446233+00:00,G07-W0050,1707363183.934,Thu Feb  8 04:33:03.934000 2024,20.0,80.0,3.49132,1.8.0,4,MiniPIX
08_thu_proton_daily_batch/toa_tot__r0000006975.t3pa.info,08_thu_proton_daily_batch,.t3pa.info,944,,2026-05-02T19:39:57.498267+00:00,G07-W0050,1707363183.934,Thu Feb  8 04:33:03.934000 2024,20.0,80.0,3.49132,1.8.0,4,MiniPIX
08_thu_proton_daily_batch/toa_tot__r0000006976.t3pa,08_thu_proton_daily_batch,.t3pa,1547,57,2026-05-02T19:39:57.446134+00:00,G07-W0050,1707363204.167,Thu Feb  8 04:33:24.167000 2024,20.0,80.0,3.49132,1.8.0,4,MiniPIX
08_thu_proton_daily_batch/toa_tot__r0000006976.t3pa.info,08_thu_proton_daily_batch,.t3pa.info,944,,2026-05-02T19:39:57.482691+00:00,G07-W0050,1707363204.167,Thu Feb  8 04:33:24.167000 2024,20.0,80.0,3.49132,1.8.0,4,MiniPIX
08_thu_proton_daily_batch/toa_tot__r0000006977.t3pa,08_thu_proton_daily_batch,.t3pa,755,27,2026-05-02T19:39:57.450425+00:00,G07-W0050,1707363224.4,Thu Feb  8 04:33:44.400000 2024,20.0,80.0,3.49132,1.8.0,4,MiniPIX
08_thu_proton_daily_batch/toa_tot__r0000006977.t3pa.info,08_thu_proton_daily_batch,.t3pa.info,944,,2026-05-02T19:39:57.499151+00:00,G07-W0050,1707363224.4,Thu Feb  8 04:33:44.400000 2024,20.0,80.0,3.49132,1.8.0,4,MiniPIX
08_thu_proton_daily_batch/toa_tot__r0000006978.t3pa,08_thu_proton_daily_batch,.t3pa,974,35,2026-05-02T19:39:57.500928+00:00,G07-W0050,1707363244.617,Thu Feb  8 04:34:04.617000 2024,20.0,80.0,3.49132,1.8.0,4,MiniPIX
08_thu_proton_daily_batch/toa_tot__r0000006978.t3pa.info,08_thu_proton_daily_batch,.t3pa.info,944,,2026-05-02T19:39:57.499595+00:00,G07-W0050,1707363244.617,Thu Feb  8 04:34:04.617000 2024,20.0,80.0,3.49132,1.8.0,4,MiniPIX
08_thu_proton_daily_batch/toa_tot__r0000006979.t3pa,08_thu_proton_daily_batch,.t3pa,2340,86,2026-05-02T19:39:57.446477+00:00,G07-W0050,1707363264.866,Thu Feb  8 04:34:24.865999 2024,20.0,80.0,3.49132,1.8.0,4,MiniPIX
08_thu_proton_daily_batch/toa_tot__r0000006979.t3pa.info,08_thu_proton_daily_batch,.t3pa.info,944,,2026-05-02T19:39:57.482619+00:00,G07-W0050,1707363264.866,Thu Feb  8 04:34:24.865999 2024,20.0,80.0,3.49132,1.8.0,4,MiniPIX
08_thu_proton_daily_batch/toa_tot__r0000006980.t3pa,08_thu_proton_daily_batch,.t3pa,1794,66,2026-05-02T19:39:57.461246+00:00,G07-W0050,1707363285.099,Thu Feb  8 04:34:45.098999 2024,20.0,80.0,3.49132,1.8.0,4,MiniPIX
08_thu_proton_daily_batch/toa_tot__r0000006980.t3pa.info,08_thu_proton_daily_batch,.t3pa.info,944,,2026-05-02T19:39:57.463206+00:00,G07-W0050,1707363285.099,Thu Feb  8 04:34:45.098999 2024,20.0,80.0,3.49132,1.8.0,4,MiniPIX
08_thu_proton_daily_batch/toa_tot__r0000006981.t3pa,08_thu_proton_daily_batch,.t3pa,1915780,62851,2026-05-02T19:39:57.502750+00:00,G07-W0050,1707363305.332,Thu Feb  8 04:35:05.332000 2024,20.0,80.0,3.49132,1.8.0,4,MiniPIX
08_thu_proton_daily_batch/toa_tot__r0000006981.t3pa.info,08_thu_proton_daily_batch,.t3pa.info,944,,2026-05-02T19:39:57.482432+00:00,G07-W0050,1707363305.332,Thu Feb  8 04:35:05.332000 2024,20.0,80.0,3.49132,1.8.0,4,MiniPIX
08_thu_proton_daily_batch/toa_tot__r0000006982.t3pa,08_thu_proton_daily_batch,.t3pa,3063,111,2026-05-02T19:39:57.452026+00:00,G07-W0050,1707363325.752,Thu Feb  8 04:35:25.752000 2024,20.0,80.0,3.49132,1.8.0,4,MiniPIX
08_thu_proton_daily_batch/toa_tot__r0000006982.t3pa.info,08_thu_proton_daily_batch,.t3pa.info,944,,2026-05-02T19:39:57.451215+00:00,G07-W0050,1707363325.752,Thu Feb  8 04:35:25.752000 2024,20.0,80.0,3.49132,1.8.0,4,MiniPIX
08_thu_proton_daily_batch/toa_tot__r0000006983.t3pa,08_thu_proton_daily_batch,.t3pa,3094,113,2026-05-02T19:39:57.502131+00:00,G07-W0050,1707363345.985,Thu Feb  8 04:35:45.984999 2024,20.0,80.0,3.49132,1.8.0,4,MiniPIX
08_thu_proton_daily_batch/toa_tot__r0000006983.t3pa.info,08_thu_proton_daily_batch,.t3pa.info,944,,2026-05-02T19:39:57.453418+00:00,G07-W0050,1707363345.985,Thu Feb  8 04:35:45.984999 2024,20.0,80.0,3.49132,1.8.0,4,MiniPIX
08_thu_proton_daily_batch/toa_tot__r0000006984.t3pa,08_thu_proton_daily_batch,.t3pa,2206,80,2026-05-02T19:39:57.501122+00:00,G07-W0050,1707363366.218,Thu Feb  8 04:36:06.217999 2024,20.0,80.0,3.49132,1.8.0,4,MiniPIX
08_thu_proton_daily_batch/toa_tot__r0000006984.t3pa.info,08_thu_proton_daily_batch,.t3pa.info,944,,2026-05-02T19:39:57.501782+00:00,G07-W0050,1707363366.218,Thu Feb  8 04:36:06.217999 2024,20.0,80.0,3.49132,1.8.0,4,MiniPIX
08_thu_proton_daily_batch/toa_tot__r0000006985.t3pa,08_thu_proton_daily_batch,.t3pa,958,34,2026-05-02T19:39:57.453128+00:00,G07-W0050,1707363386.451,Thu Feb  8 04:36:26.450999 2024,20.0,80.0,3.49132,1.8.0,4,MiniPIX
08_thu_proton_daily_batch/toa_tot__r0000006985.t3pa.info,08_thu_proton_daily_batch,.t3pa.info,944,,2026-05-02T19:39:57.483293+00:00,G07-W0050,1707363386.451,Thu Feb  8 04:36:26.450999 2024,20.0,80.0,3.49132,1.8.0,4,MiniPIX
08_thu_proton_daily_batch/toa_tot__r0000006986.t3pa,08_thu_proton_daily_batch,.t3pa,963,34,2026-05-02T19:39:57.501830+00:00,G07-W0050,1707363406.684,Thu Feb  8 04:36:46.684000 2024,20.0,80.0,3.49132,1.8.0,4,MiniPIX
08_thu_proton_daily_batch/toa_tot__r0000006986.t3pa.info,08_thu_proton_daily_batch,.t3pa.info,944,,2026-05-02T19:39:57.451920+00:00,G07-W0050,1707363406.684,Thu Feb  8 04:36:46.684000 2024,20.0,80.0,3.49132,1.8.0,4,MiniPIX
08_thu_proton_daily_batch/toa_tot__r0000006987.t3pa,08_thu_proton_daily_batch,.t3pa,1513,54,2026-05-02T19:39:57.450108+00:00,G07-W0050,1707363426.917,Thu Feb  8 04:37:06.917000 2024,20.0,80.0,3.49132,1.8.0,4,MiniPIX
08_thu_proton_daily_batch/toa_tot__r0000006987.t3pa.info,08_thu_proton_daily_batch,.t3pa.info,944,,2026-05-02T19:39:57.463286+00:00,G07-W0050,1707363426.917,Thu Feb  8 04:37:06.917000 2024,20.0,80.0,3.49132,1.8.0,4,MiniPIX
08_thu_proton_daily_batch/toa_tot__r0000006988.t3pa,08_thu_proton_daily_batch,.t3pa,1069,38,2026-05-02T19:39:57.453549+00:00,G07-W0050,1707363447.15,Thu Feb  8 04:37:27.150000 2024,20.0,80.0,3.49132,1.8.0,4,MiniPIX
08_thu_proton_daily_batch/toa_tot__r0000006988.t3pa.info,08_thu_proton_daily_batch,.t3pa.info,944,,2026-05-02T19:39:57.483032+00:00,G07-W0050,1707363447.15,Thu Feb  8 04:37:27.150000 2024,20.0,80.0,3.49132,1.8.0,4,MiniPIX
08_thu_proton_daily_batch/toa_tot__r0000006989.t3pa,08_thu_proton_daily_batch,.t3pa,929,33,2026-05-02T19:39:57.450556+00:00,G07-W0050,1707363467.383,Thu Feb  8 04:37:47.382999 2024,20.0,80.0,3.49132,1.8.0,4,MiniPIX
08_thu_proton_daily_batch/toa_tot__r0000006989.t3pa.info,08_thu_proton_daily_batch,.t3pa.info,944,,2026-05-02T19:39:57.500286+00:00,G07-W0050,1707363467.383,Thu Feb  8 04:37:47.382999 2024,20.0,80.0,3.49132,1.8.0,4,MiniPIX
08_thu_proton_daily_batch/toa_tot__r0000006990.t3pa,08_thu_proton_daily_batch,.t3pa,1664,60,2026-05-02T19:39:57.462715+00:00,G07-W0050,1707363487.617,Thu Feb  8 04:38:07.617000 2024,20.0,80.0,3.49132,1.8.0,4,MiniPIX
08_thu_proton_daily_batch/toa_tot__r0000006990.t3pa.info,08_thu_proton_daily_batch,.t3pa.info,944,,2026-05-02T19:39:57.449941+00:00,G07-W0050,1707363487.617,Thu Feb  8 04:38:07.617000 2024,20.0,80.0,3.49132,1.8.0,4,MiniPIX
08_thu_proton_daily_batch/toa_tot__r0000006991.t3pa,08_thu_proton_daily_batch,.t3pa,736,26,2026-05-02T19:39:57.501806+00:00,G07-W0050,1707363507.85,Thu Feb  8 04:38:27.849999 2024,20.0,80.0,3.49132,1.8.0,4,MiniPIX
08_thu_proton_daily_batch/toa_tot__r0000006991.t3pa.info,08_thu_proton_daily_batch,.t3pa.info,944,,2026-05-02T19:39:57.461632+00:00,G07-W0050,1707363507.85,Thu Feb  8 04:38:27.849999 2024,20.0,80.0,3.49132,1.8.0,4,MiniPIX
08_thu_proton_daily_batch/toa_tot__r0000006992.t3pa,08_thu_proton_daily_batch,.t3pa,1676,61,2026-05-02T19:39:57.501324+00:00,G07-W0050,1707363528.083,Thu Feb  8 04:38:48.082999 2024,20.0,80.0,3.49132,1.8.0,4,MiniPIX
08_thu_proton_daily_batch/toa_tot__r0000006992.t3pa.info,08_thu_proton_daily_batch,.t3pa.info,944,,2026-05-02T19:39:57.451051+00:00,G07-W0050,1707363528.083,Thu Feb  8 04:38:48.082999 2024,20.0,80.0,3.49132,1.8.0,4,MiniPIX
08_thu_proton_daily_batch/toa_tot__r0000006993.t3pa,08_thu_proton_daily_batch,.t3pa,2749,99,2026-05-02T19:39:57.462050+00:00,G07-W0050,1707363548.316,Thu Feb  8 04:39:08.315999 2024,20.0,80.0,3.49132,1.8.0,4,MiniPIX
08_thu_proton_daily_batch/toa_tot__r0000006993.t3pa.info,08_thu_proton_daily_batch,.t3pa.info,944,,2026-05-02T19:39:57.462831+00:00,G07-W0050,1707363548.316,Thu Feb  8 04:39:08.315999 2024,20.0,80.0,3.49132,1.8.0,4,MiniPIX
08_thu_proton_daily_batch/toa_tot__r0000006994.t3pa,08_thu_proton_daily_batch,.t3pa,907,32,2026-05-02T19:39:57.453106+00:00,G07-W0050,1707363568.549,Thu Feb  8 04:39:28.549000 2024,20.0,80.0,3.49132,1.8.0,4,MiniPIX
08_thu_proton_daily_batch/toa_tot__r0000006994.t3pa.info,08_thu_proton_daily_batch,.t3pa.info,944,,2026-05-02T19:39:57.502380+00:00,G07-W0050,1707363568.549,Thu Feb  8 04:39:28.549000 2024,20.0,80.0,3.49132,1.8.0,4,MiniPIX
08_thu_proton_daily_batch/toa_tot__r0000006995.t3pa,08_thu_proton_daily_batch,.t3pa,2307,83,2026-05-02T19:39:57.451753+00:00,G07-W0050,1707363588.766,Thu Feb  8 04:39:48.766000 2024,20.0,80.0,3.49132,1.8.0,4,MiniPIX
08_thu_proton_daily_batch/toa_tot__r0000006995.t3pa.info,08_thu_proton_daily_batch,.t3pa.info,944,,2026-05-02T19:39:57.498833+00:00,G07-W0050,1707363588.766,Thu Feb  8 04:39:48.766000 2024,20.0,80.0,3.49132,1.8.0,4,MiniPIX
08_thu_proton_daily_batch/toa_tot__r0000006996.t3pa,08_thu_proton_daily_batch,.t3pa,1203,43,2026-05-02T19:39:57.498292+00:00,G07-W0050,1707363609.015,Thu Feb  8 04:40:09.015000 2024,20.0,80.0,3.49132,1.8.0,4,MiniPIX
08_thu_proton_daily_batch/toa_tot__r0000006996.t3pa.info,08_thu_proton_daily_batch,.t3pa.info,944,,2026-05-02T19:39:57.444692+00:00,G07-W0050,1707363609.015,Thu Feb  8 04:40:09.015000 2024,20.0,80.0,3.49132,1.8.0,4,MiniPIX
08_thu_proton_daily_batch/toa_tot__r0000006997.t3pa,08_thu_proton_daily_batch,.t3pa,486,17,2026-05-02T19:39:57.482643+00:00,G07-W0050,1707363629.25,Thu Feb  8 04:40:29.250000 2024,20.0,80.0,3.49132,1.8.0,4,MiniPIX
08_thu_proton_daily_batch/toa_tot__r0000006997.t3pa.info,08_thu_proton_daily_batch,.t3pa.info,944,,2026-05-02T19:39:57.483428+00:00,G07-W0050,1707363629.25,Thu Feb  8 04:40:29.250000 2024,20.0,80.0,3.49132,1.8.0,4,MiniPIX
08_thu_proton_daily_batch/toa_tot__r0000006998.t3pa,08_thu_proton_daily_batch,.t3pa,1323,47,2026-05-02T19:39:57.452118+00:00,G07-W0050,1707363649.483,Thu Feb  8 04:40:49.483000 2024,20.0,80.0,3.49132,1.8.0,4,MiniPIX
08_thu_proton_daily_batch/toa_tot__r0000006998.t3pa.info,08_thu_proton_daily_batch,.t3pa.info,944,,2026-05-02T19:39:57.445417+00:00,G07-W0050,1707363649.483,Thu Feb  8 04:40:49.483000 2024,20.0,80.0,3.49132,1.8.0,4,MiniPIX
08_thu_proton_daily_batch/toa_tot__r0000006999.t3pa,08_thu_proton_daily_batch,.t3pa,2419,87,2026-05-02T19:39:57.451848+00:00,G07-W0050,1707363669.716,Thu Feb  8 04:41:09.716000 2024,20.0,80.0,3.49132,1.8.0,4,MiniPIX
08_thu_proton_daily_batch/toa_tot__r0000006999.t3pa.info,08_thu_proton_daily_batch,.t3pa.info,944,,2026-05-02T19:39:57.499051+00:00,G07-W0050,1707363669.716,Thu Feb  8 04:41:09.716000 2024,20.0,80.0,3.49132,1.8.0,4,MiniPIX
08_thu_proton_daily_batch/toa_tot__r0000007000.t3pa,08_thu_proton_daily_batch,.t3pa,1155,42,2026-05-02T19:39:57.452610+00:00,G07-W0050,1707363689.95,Thu Feb  8 04:41:29.950000 2024,20.0,80.0,3.49132,1.8.0,4,MiniPIX
08_thu_proton_daily_batch/toa_tot__r0000007000.t3pa.info,08_thu_proton_daily_batch,.t3pa.info,944,,2026-05-02T19:39:57.463640+00:00,G07-W0050,1707363689.95,Thu Feb  8 04:41:29.950000 2024,20.0,80.0,3.49132,1.8.0,4,MiniPIX
08_thu_proton_daily_batch/toa_tot__r0000007001.t3pa,08_thu_proton_daily_batch,.t3pa,1398,50,2026-05-02T19:39:57.498613+00:00,G07-W0050,1707363710.183,Thu Feb  8 04:41:50.183000 2024,20.0,80.0,3.49132,1.8.0,4,MiniPIX
08_thu_proton_daily_batch/toa_tot__r0000007001.t3pa.info,08_thu_proton_daily_batch,.t3pa.info,944,,2026-05-02T19:39:57.504897+00:00,G07-W0050,1707363710.183,Thu Feb  8 04:41:50.183000 2024,20.0,80.0,3.49132,1.8.0,4,MiniPIX
08_thu_proton_daily_batch/toa_tot__r0000007002.t3pa,08_thu_proton_daily_batch,.t3pa,1406,50,2026-05-02T19:39:57.453358+00:00,G07-W0050,1707363730.416,Thu Feb  8 04:42:10.415999 2024,20.0,80.0,3.49132,1.8.0,4,MiniPIX
08_thu_proton_daily_batch/toa_tot__r0000007002.t3pa.info,08_thu_proton_daily_batch,.t3pa.info,944,,2026-05-02T19:39:57.504921+00:00,G07-W0050,1707363730.416,Thu Feb  8 04:42:10.415999 2024,20.0,80.0,3.49132,1.8.0,4,MiniPIX
08_thu_proton_daily_batch/toa_tot__r0000007003.t3pa,08_thu_proton_daily_batch,.t3pa,917,32,2026-05-02T19:39:57.501147+00:00,G07-W0050,1707363750.649,Thu Feb  8 04:42:30.648999 2024,20.0,80.0,3.49132,1.8.0,4,MiniPIX
08_thu_proton_daily_batch/toa_tot__r0000007003.t3pa.info,08_thu_proton_daily_batch,.t3pa.info,944,,2026-05-02T19:39:57.461560+00:00,G07-W0050,1707363750.649,Thu Feb  8 04:42:30.648999 2024,20.0,80.0,3.49132,1.8.0,4,MiniPIX
08_thu_proton_daily_batch/toa_tot__r0000007004.t3pa,08_thu_proton_daily_batch,.t3pa,756,27,2026-05-02T19:39:57.452226+00:00,G07-W0050,1707363770.882,Thu Feb  8 04:42:50.881999 2024,20.0,80.0,3.49132,1.8.0,4,MiniPIX
08_thu_proton_daily_batch/toa_tot__r0000007004.t3pa.info,08_thu_proton_daily_batch,.t3pa.info,944,,2026-05-02T19:39:57.499617+00:00,G07-W0050,1707363770.882,Thu Feb  8 04:42:50.881999 2024,20.0,80.0,3.49132,1.8.0,4,MiniPIX
08_thu_proton_daily_batch/toa_tot__r0000007005.t3pa,08_thu_proton_daily_batch,.t3pa,881,31,2026-05-02T19:39:57.445994+00:00,G07-W0050,1707363791.131,Thu Feb  8 04:43:11.131000 2024,20.0,80.0,3.49132,1.8.0,4,MiniPIX
08_thu_proton_daily_batch/toa_tot__r0000007005.t3pa.info,08_thu_proton_daily_batch,.t3pa.info,944,,2026-05-02T19:39:57.453864+00:00,G07-W0050,1707363791.131,Thu Feb  8 04:43:11.131000 2024,20.0,80.0,3.49132,1.8.0,4,MiniPIX
08_thu_proton_daily_batch/toa_tot__r0000007006.t3pa,08_thu_proton_daily_batch,.t3pa,947,34,2026-05-02T19:39:57.445240+00:00,G07-W0050,1707363811.364,Thu Feb  8 04:43:31.364000 2024,20.0,80.0,3.49132,1.8.0,4,MiniPIX
08_thu_proton_daily_batch/toa_tot__r0000007006.t3pa.info,08_thu_proton_daily_batch,.t3pa.info,944,,2026-05-02T19:39:57.451285+00:00,G07-W0050,1707363811.364,Thu Feb  8 04:43:31.364000 2024,20.0,80.0,3.49132,1.8.0,4,MiniPIX
08_thu_proton_daily_batch/toa_tot__r0000007007.t3pa,08_thu_proton_daily_batch,.t3pa,540,19,2026-05-02T19:39:57.484827+00:00,G07-W0050,1707363831.597,Thu Feb  8 04:43:51.596999 2024,20.0,80.0,3.49132,1.8.0,4,MiniPIX
08_thu_proton_daily_batch/toa_tot__r0000007007.t3pa.info,08_thu_proton_daily_batch,.t3pa.info,944,,2026-05-02T19:39:57.499813+00:00,G07-W0050,1707363831.597,Thu Feb  8 04:43:51.596999 2024,20.0,80.0,3.49132,1.8.0,4,MiniPIX
08_thu_proton_daily_batch/toa_tot__r0000007008.t3pa,08_thu_proton_daily_batch,.t3pa,762,27,2026-05-02T19:39:57.451589+00:00,G07-W0050,1707363851.83,Thu Feb  8 04:44:11.829999 2024,20.0,80.0,3.49132,1.8.0,4,MiniPIX
08_thu_proton_daily_batch/toa_tot__r0000007008.t3pa.info,08_thu_proton_daily_batch,.t3pa.info,944,,2026-05-02T19:39:57.482715+00:00,G07-W0050,1707363851.83,Thu Feb  8 04:44:11.829999 2024,20.0,80.0,3.49132,1.8.0,4,MiniPIX
08_thu_proton_daily_batch/toa_tot__r0000007009.t3pa,08_thu_proton_daily_batch,.t3pa,1018,36,2026-05-02T19:39:57.485403+00:00,G07-W0050,1707363872.064,Thu Feb  8 04:44:32.063999 2024,20.0,80.0,3.49132,1.8.0,4,MiniPIX
08_thu_proton_daily_batch/toa_tot__r0000007009.t3pa.info,08_thu_proton_daily_batch,.t3pa.info,944,,2026-05-02T19:39:57.450607+00:00,G07-W0050,1707363872.064,Thu Feb  8 04:44:32.063999 2024,20.0,80.0,3.49132,1.8.0,4,MiniPIX
08_thu_proton_daily_batch/toa_tot__r0000007010.t3pa,08_thu_proton_daily_batch,.t3pa,1865,67,2026-05-02T19:39:57.483737+00:00,G07-W0050,1707363892.299,Thu Feb  8 04:44:52.299000 2024,20.0,80.0,3.49132,1.8.0,4,MiniPIX
08_thu_proton_daily_batch/toa_tot__r0000007010.t3pa.info,08_thu_proton_daily_batch,.t3pa.info,944,,2026-05-02T19:39:57.462192+00:00,G07-W0050,1707363892.299,Thu Feb  8 04:44:52.299000 2024,20.0,80.0,3.49132,1.8.0,4,MiniPIX
08_thu_proton_daily_batch/toa_tot__r0000007011.t3pa,08_thu_proton_daily_batch,.t3pa,649,23,2026-05-02T19:39:57.452542+00:00,G07-W0050,1707363912.531,Thu Feb  8 04:45:12.530999 2024,20.0,80.0,3.49132,1.8.0,4,MiniPIX
08_thu_proton_daily_batch/toa_tot__r0000007011.t3pa.info,08_thu_proton_daily_batch,.t3pa.info,944,,2026-05-02T19:39:57.445905+00:00,G07-W0050,1707363912.531,Thu Feb  8 04:45:12.530999 2024,20.0,80.0,3.49132,1.8.0,4,MiniPIX
08_thu_proton_daily_batch/toa_tot__r0000007012.t3pa,08_thu_proton_daily_batch,.t3pa,1135,41,2026-05-02T19:39:57.444541+00:00,G07-W0050,1707363932.766,Thu Feb  8 04:45:32.766000 2024,20.0,80.0,3.49132,1.8.0,4,MiniPIX
08_thu_proton_daily_batch/toa_tot__r0000007012.t3pa.info,08_thu_proton_daily_batch,.t3pa.info,944,,2026-05-02T19:39:57.446718+00:00,G07-W0050,1707363932.766,Thu Feb  8 04:45:32.766000 2024,20.0,80.0,3.49132,1.8.0,4,MiniPIX
08_thu_proton_daily_batch/toa_tot__r0000007013.t3pa,08_thu_proton_daily_batch,.t3pa,1156,41,2026-05-02T19:39:57.505140+00:00,G07-W0050,1707363952.999,Thu Feb  8 04:45:52.999000 2024,20.0,80.0,3.49132,1.8.0,4,MiniPIX
08_thu_proton_daily_batch/toa_tot__r0000007013.t3pa.info,08_thu_proton_daily_batch,.t3pa.info,944,,2026-05-02T19:39:57.489256+00:00,G07-W0050,1707363952.999,Thu Feb  8 04:45:52.999000 2024,20.0,80.0,3.49132,1.8.0,4,MiniPIX
08_thu_proton_daily_batch/toa_tot__r0000007014.t3pa,08_thu_proton_daily_batch,.t3pa,1994,71,2026-05-02T19:39:57.451309+00:00,G07-W0050,1707363973.232,Thu Feb  8 04:46:13.232000 2024,20.0,80.0,3.49132,1.8.0,4,MiniPIX
08_thu_proton_daily_batch/toa_tot__r0000007014.t3pa.info,08_thu_proton_daily_batch,.t3pa.info,944,,2026-05-02T19:39:57.498439+00:00,G07-W0050,1707363973.232,Thu Feb  8 04:46:13.232000 2024,20.0,80.0,3.49132,1.8.0,4,MiniPIX
08_thu_proton_daily_batch/toa_tot__r0000007015.t3pa,08_thu_proton_daily_batch,.t3pa,1088,39,2026-05-02T19:39:57.453446+00:00,G07-W0050,1707363994.465,Thu Feb  8 04:46:34.464999 2024,20.0,80.0,3.49132,1.8.0,4,MiniPIX
08_thu_proton_daily_batch/toa_tot__r0000007015.t3pa.info,08_thu_proton_daily_batch,.t3pa.info,944,,2026-05-02T19:39:57.502301+00:00,G07-W0050,1707363994.465,Thu Feb  8 04:46:34.464999 2024,20.0,80.0,3.49132,1.8.0,4,MiniPIX
08_thu_proton_daily_batch/toa_tot__r0000007016.t3pa,08_thu_proton_daily_batch,.t3pa,1188,43,2026-05-02T19:39:57.501879+00:00,G07-W0050,1707364014.697,Thu Feb  8 04:46:54.697000 2024,20.0,80.0,3.49132,1.8.0,4,MiniPIX
08_thu_proton_daily_batch/toa_tot__r0000007016.t3pa.info,08_thu_proton_daily_batch,.t3pa.info,944,,2026-05-02T19:39:57.498466+00:00,G07-W0050,1707364014.697,Thu Feb  8 04:46:54.697000 2024,20.0,80.0,3.49132,1.8.0,4,MiniPIX
08_thu_proton_daily_batch/toa_tot__r0000007017.t3pa,08_thu_proton_daily_batch,.t3pa,813,29,2026-05-02T19:39:57.451611+00:00,G07-W0050,1707364034.93,Thu Feb  8 04:47:14.930000 2024,20.0,80.0,3.49132,1.8.0,4,MiniPIX
08_thu_proton_daily_batch/toa_tot__r0000007017.t3pa.info,08_thu_proton_daily_batch,.t3pa.info,944,,2026-05-02T19:39:57.483378+00:00,G07-W0050,1707364034.93,Thu Feb  8 04:47:14.930000 2024,20.0,80.0,3.49132,1.8.0,4,MiniPIX
08_thu_proton_daily_batch/toa_tot__r0000007018.t3pa,08_thu_proton_daily_batch,.t3pa,905,32,2026-05-02T19:39:57.484905+00:00,G07-W0050,1707364055.165,Thu Feb  8 04:47:35.164999 2024,20.0,80.0,3.49132,1.8.0,4,MiniPIX
08_thu_proton_daily_batch/toa_tot__r0000007018.t3pa.info,08_thu_proton_daily_batch,.t3pa.info,944,,2026-05-02T19:39:57.484982+00:00,G07-W0050,1707364055.165,Thu Feb  8 04:47:35.164999 2024,20.0,80.0,3.49132,1.8.0,4,MiniPIX
08_thu_proton_daily_batch/toa_tot__r0000007019.t3pa,08_thu_proton_daily_batch,.t3pa,1338,48,2026-05-02T19:39:57.502104+00:00,G07-W0050,1707364075.398,Thu Feb  8 04:47:55.398000 2024,20.0,80.0,3.49132,1.8.0,4,MiniPIX
08_thu_proton_daily_batch/toa_tot__r0000007019.t3pa.info,08_thu_proton_daily_batch,.t3pa.info,944,,2026-05-02T19:39:57.445263+00:00,G07-W0050,1707364075.398,Thu Feb  8 04:47:55.398000 2024,20.0,80.0,3.49132,1.8.0,4,MiniPIX
08_thu_proton_daily_batch/toa_tot__r0000007020.t3pa,08_thu_proton_daily_batch,.t3pa,1296,47,2026-05-02T19:39:57.484751+00:00,G07-W0050,1707364095.631,Thu Feb  8 04:48:15.631000 2024,20.0,80.0,3.49132,1.8.0,4,MiniPIX
08_thu_proton_daily_batch/toa_tot__r0000007020.t3pa.info,08_thu_proton_daily_batch,.t3pa.info,944,,2026-05-02T19:39:57.445197+00:00,G07-W0050,1707364095.631,Thu Feb  8 04:48:15.631000 2024,20.0,80.0,3.49132,1.8.0,4,MiniPIX
08_thu_proton_daily_batch/toa_tot__r0000007021.t3pa,08_thu_proton_daily_batch,.t3pa,1285,46,2026-05-02T19:39:57.499006+00:00,G07-W0050,1707364115.864,Thu Feb  8 04:48:35.864000 2024,20.0,80.0,3.49132,1.8.0,4,MiniPIX
08_thu_proton_daily_batch/toa_tot__r0000007021.t3pa.info,08_thu_proton_daily_batch,.t3pa.info,944,,2026-05-02T19:39:57.462402+00:00,G07-W0050,1707364115.864,Thu Feb  8 04:48:35.864000 2024,20.0,80.0,3.49132,1.8.0,4,MiniPIX
08_thu_proton_daily_batch/toa_tot__r0000007022.t3pa,08_thu_proton_daily_batch,.t3pa,1306,47,2026-05-02T19:39:57.498491+00:00,G07-W0050,1707364136.1,Thu Feb  8 04:48:56.099999 2024,20.0,80.0,3.49132,1.8.0,4,MiniPIX
08_thu_proton_daily_batch/toa_tot__r0000007022.t3pa.info,08_thu_proton_daily_batch,.t3pa.info,944,,2026-05-02T19:39:57.504799+00:00,G07-W0050,1707364136.1,Thu Feb  8 04:48:56.099999 2024,20.0,80.0,3.49132,1.8.0,4,MiniPIX
08_thu_proton_daily_batch/toa_tot__r0000007023.t3pa,08_thu_proton_daily_batch,.t3pa,625,22,2026-05-02T19:39:57.451332+00:00,G07-W0050,1707364156.333,Thu Feb  8 04:49:16.332999 2024,20.0,80.0,3.49132,1.8.0,4,MiniPIX
08_thu_proton_daily_batch/toa_tot__r0000007023.t3pa.info,08_thu_proton_daily_batch,.t3pa.info,944,,2026-05-02T19:39:57.463071+00:00,G07-W0050,1707364156.333,Thu Feb  8 04:49:16.332999 2024,20.0,80.0,3.49132,1.8.0,4,MiniPIX
08_thu_proton_daily_batch/toa_tot__r0000007024.t3pa,08_thu_proton_daily_batch,.t3pa,1423,51,2026-05-02T19:39:57.454166+00:00,G07-W0050,1707364176.566,Thu Feb  8 04:49:36.565999 2024,20.0,80.0,3.49132,1.8.0,4,MiniPIX
08_thu_proton_daily_batch/toa_tot__r0000007024.t3pa.info,08_thu_proton_daily_batch,.t3pa.info,944,,2026-05-02T19:39:57.505261+00:00,G07-W0050,1707364176.566,Thu Feb  8 04:49:36.565999 2024,20.0,80.0,3.49132,1.8.0,4,MiniPIX
08_thu_proton_daily_batch/toa_tot__r0000007025.t3pa,08_thu_proton_daily_batch,.t3pa,1627,58,2026-05-02T19:39:57.450296+00:00,G07-W0050,1707364196.799,Thu Feb  8 04:49:56.799000 2024,20.0,80.0,3.49132,1.8.0,4,MiniPIX
08_thu_proton_daily_batch/toa_tot__r0000007025.t3pa.info,08_thu_proton_daily_batch,.t3pa.info,944,,2026-05-02T19:39:57.488992+00:00,G07-W0050,1707364196.799,Thu Feb  8 04:49:56.799000 2024,20.0,80.0,3.49132,1.8.0,4,MiniPIX
08_thu_proton_daily_batch/toa_tot__r0000007026.t3pa,08_thu_proton_daily_batch,.t3pa,538,19,2026-05-02T19:39:57.502278+00:00,G07-W0050,1707364217.032,Thu Feb  8 04:50:17.032000 2024,20.0,80.0,3.49132,1.8.0,4,MiniPIX
08_thu_proton_daily_batch/toa_tot__r0000007026.t3pa.info,08_thu_proton_daily_batch,.t3pa.info,944,,2026-05-02T19:39:57.502496+00:00,G07-W0050,1707364217.032,Thu Feb  8 04:50:17.032000 2024,20.0,80.0,3.49132,1.8.0,4,MiniPIX
08_thu_proton_daily_batch/toa_tot__r0000007027.t3pa,08_thu_proton_daily_batch,.t3pa,858,30,2026-05-02T19:39:57.502583+00:00,G07-W0050,1707364237.267,Thu Feb  8 04:50:37.266999 2024,20.0,80.0,3.49132,1.8.0,4,MiniPIX
08_thu_proton_daily_batch/toa_tot__r0000007027.t3pa.info,08_thu_proton_daily_batch,.t3pa.info,944,,2026-05-02T19:39:57.452946+00:00,G07-W0050,1707364237.267,Thu Feb  8 04:50:37.266999 2024,20.0,80.0,3.49132,1.8.0,4,MiniPIX
08_thu_proton_daily_batch/toa_tot__r0000007028.t3pa,08_thu_proton_daily_batch,.t3pa,1355,48,2026-05-02T19:39:57.446603+00:00,G07-W0050,1707364257.502,Thu Feb  8 04:50:57.502000 2024,20.0,80.0,3.49132,1.8.0,4,MiniPIX
08_thu_proton_daily_batch/toa_tot__r0000007028.t3pa.info,08_thu_proton_daily_batch,.t3pa.info,944,,2026-05-02T19:39:57.463048+00:00,G07-W0050,1707364257.502,Thu Feb  8 04:50:57.502000 2024,20.0,80.0,3.49132,1.8.0,4,MiniPIX
08_thu_proton_daily_batch/toa_tot__r0000007029.t3pa,08_thu_proton_daily_batch,.t3pa,767,27,2026-05-02T19:39:57.445307+00:00,G07-W0050,1707364278.735,Thu Feb  8 04:51:18.734999 2024,20.0,80.0,3.49132,1.8.0,4,MiniPIX
08_thu_proton_daily_batch/toa_tot__r0000007029.t3pa.info,08_thu_proton_daily_batch,.t3pa.info,944,,2026-05-02T19:39:57.501019+00:00,G07-W0050,1707364278.735,Thu Feb  8 04:51:18.734999 2024,20.0,80.0,3.49132,1.8.0,4,MiniPIX
08_thu_proton_daily_batch/toa_tot__r0000007030.t3pa,08_thu_proton_daily_batch,.t3pa,752,27,2026-05-02T19:39:57.450451+00:00,G07-W0050,1707364298.969,Thu Feb  8 04:51:38.969000 2024,20.0,80.0,3.49132,1.8.0,4,MiniPIX
08_thu_proton_daily_batch/toa_tot__r0000007030.t3pa.info,08_thu_proton_daily_batch,.t3pa.info,944,,2026-05-02T19:39:57.462098+00:00,G07-W0050,1707364298.969,Thu Feb  8 04:51:38.969000 2024,20.0,80.0,3.49132,1.8.0,4,MiniPIX
08_thu_proton_daily_batch/toa_tot__r0000007031.t3pa,08_thu_proton_daily_batch,.t3pa,929,33,2026-05-02T19:39:57.451193+00:00,G07-W0050,1707364319.201,Thu Feb  8 04:51:59.200999 2024,20.0,80.0,3.49132,1.8.0,4,MiniPIX
08_thu_proton_daily_batch/toa_tot__r0000007031.t3pa.info,08_thu_proton_daily_batch,.t3pa.info,944,,2026-05-02T19:39:57.453037+00:00,G07-W0050,1707364319.201,Thu Feb  8 04:51:59.200999 2024,20.0,80.0,3.49132,1.8.0,4,MiniPIX
08_thu_proton_daily_batch/toa_tot__r0000007032.t3pa,08_thu_proton_daily_batch,.t3pa,593,21,2026-05-02T19:39:57.499381+00:00,G07-W0050,1707364339.435,Thu Feb  8 04:52:19.434999 2024,20.0,80.0,3.49132,1.8.0,4,MiniPIX
08_thu_proton_daily_batch/toa_tot__r0000007032.t3pa.info,08_thu_proton_daily_batch,.t3pa.info,944,,2026-05-02T19:39:57.444967+00:00,G07-W0050,1707364339.435,Thu Feb  8 04:52:19.434999 2024,20.0,80.0,3.49132,1.8.0,4,MiniPIX
08_thu_proton_daily_batch/toa_tot__r0000007033.t3pa,08_thu_proton_daily_batch,.t3pa,806,29,2026-05-02T19:39:57.489330+00:00,G07-W0050,1707364359.668,Thu Feb  8 04:52:39.667999 2024,20.0,80.0,3.49132,1.8.0,4,MiniPIX
08_thu_proton_daily_batch/toa_tot__r0000007033.t3pa.info,08_thu_proton_daily_batch,.t3pa.info,944,,2026-05-02T19:39:57.483177+00:00,G07-W0050,1707364359.668,Thu Feb  8 04:52:39.667999 2024,20.0,80.0,3.49132,1.8.0,4,MiniPIX
08_thu_proton_daily_batch/toa_tot__r0000007034.t3pa,08_thu_proton_daily_batch,.t3pa,1443,52,2026-05-02T19:39:57.482569+00:00,G07-W0050,1707364379.903,Thu Feb  8 04:52:59.903000 2024,20.0,80.0,3.49132,1.8.0,4,MiniPIX
08_thu_proton_daily_batch/toa_tot__r0000007034.t3pa.info,08_thu_proton_daily_batch,.t3pa.info,944,,2026-05-02T19:39:57.449989+00:00,G07-W0050,1707364379.903,Thu Feb  8 04:52:59.903000 2024,20.0,80.0,3.49132,1.8.0,4,MiniPIX
08_thu_proton_daily_batch/toa_tot__r0000007035.t3pa,08_thu_proton_daily_batch,.t3pa,1420,51,2026-05-02T19:39:57.451099+00:00,G07-W0050,1707364400.136,Thu Feb  8 04:53:20.135999 2024,20.0,80.0,3.49132,1.8.0,4,MiniPIX
08_thu_proton_daily_batch/toa_tot__r0000007035.t3pa.info,08_thu_proton_daily_batch,.t3pa.info,944,,2026-05-02T19:39:57.446853+00:00,G07-W0050,1707364400.136,Thu Feb  8 04:53:20.135999 2024,20.0,80.0,3.49132,1.8.0,4,MiniPIX
08_thu_proton_daily_batch/toa_tot__r0000007036.t3pa,08_thu_proton_daily_batch,.t3pa,2155,77,2026-05-02T19:39:57.505211+00:00,G07-W0050,1707364420.369,Thu Feb  8 04:53:40.368999 2024,20.0,80.0,3.49132,1.8.0,4,MiniPIX
08_thu_proton_daily_batch/toa_tot__r0000007036.t3pa.info,08_thu_proton_daily_batch,.t3pa.info,944,,2026-05-02T19:39:57.483864+00:00,G07-W0050,1707364420.369,Thu Feb  8 04:53:40.368999 2024,20.0,80.0,3.49132,1.8.0,4,MiniPIX
08_thu_proton_daily_batch/toa_tot__r0000007037.t3pa,08_thu_proton_daily_batch,.t3pa,1758,63,2026-05-02T19:39:57.453501+00:00,G07-W0050,1707364440.602,Thu Feb  8 04:54:00.601999 2024,20.0,80.0,3.49132,1.8.0,4,MiniPIX
08_thu_proton_daily_batch/toa_tot__r0000007037.t3pa.info,08_thu_proton_daily_batch,.t3pa.info,944,,2026-05-02T19:39:57.450773+00:00,G07-W0050,1707364440.602,Thu Feb  8 04:54:00.601999 2024,20.0,80.0,3.49132,1.8.0,4,MiniPIX
08_thu_proton_daily_batch/toa_tot__r0000007038.t3pa,08_thu_proton_daily_batch,.t3pa,1148,41,2026-05-02T19:39:57.505357+00:00,G07-W0050,1707364460.835,Thu Feb  8 04:54:20.835000 2024,20.0,80.0,3.49132,1.8.0,4,MiniPIX
08_thu_proton_daily_batch/toa_tot__r0000007038.t3pa.info,08_thu_proton_daily_batch,.t3pa.info,944,,2026-05-02T19:39:57.454009+00:00,G07-W0050,1707364460.835,Thu Feb  8 04:54:20.835000 2024,20.0,80.0,3.49132,1.8.0,4,MiniPIX
08_thu_proton_daily_batch/toa_tot__r0000007039.t3pa,08_thu_proton_daily_batch,.t3pa,655,23,2026-05-02T19:39:57.450956+00:00,G07-W0050,1707364481.069,Thu Feb  8 04:54:41.069000 2024,20.0,80.0,3.49132,1.8.0,4,MiniPIX
08_thu_proton_daily_batch/toa_tot__r0000007039.t3pa.info,08_thu_proton_daily_batch,.t3pa.info,944,,2026-05-02T19:39:57.445395+00:00,G07-W0050,1707364481.069,Thu Feb  8 04:54:41.069000 2024,20.0,80.0,3.49132,1.8.0,4,MiniPIX
08_thu_proton_daily_batch/toa_tot__r0000007040.t3pa,08_thu_proton_daily_batch,.t3pa,1937,70,2026-05-02T19:39:57.500734+00:00,G07-W0050,1707364501.302,Thu Feb  8 04:55:01.302000 2024,20.0,80.0,3.49132,1.8.0,4,MiniPIX
08_thu_proton_daily_batch/toa_tot__r0000007040.t3pa.info,08_thu_proton_daily_batch,.t3pa.info,944,,2026-05-02T19:39:57.482792+00:00,G07-W0050,1707364501.302,Thu Feb  8 04:55:01.302000 2024,20.0,80.0,3.49132,1.8.0,4,MiniPIX
08_thu_proton_daily_batch/toa_tot__r0000007041.t3pa,08_thu_proton_daily_batch,.t3pa,901,32,2026-05-02T19:39:57.444784+00:00,G07-W0050,1707364521.551,Thu Feb  8 04:55:21.551000 2024,20.0,80.0,3.49132,1.8.0,4,MiniPIX
08_thu_proton_daily_batch/toa_tot__r0000007041.t3pa.info,08_thu_proton_daily_batch,.t3pa.info,944,,2026-05-02T19:39:57.453083+00:00,G07-W0050,1707364521.551,Thu Feb  8 04:55:21.551000 2024,20.0,80.0,3.49132,1.8.0,4,MiniPIX
08_thu_proton_daily_batch/toa_tot__r0000007042.t3pa,08_thu_proton_daily_batch,.t3pa,407,14,2026-05-02T19:39:57.501068+00:00,G07-W0050,1707364541.784,Thu Feb  8 04:55:41.783999 2024,20.0,80.0,3.49132,1.8.0,4,MiniPIX
08_thu_proton_daily_batch/toa_tot__r0000007042.t3pa.info,08_thu_proton_daily_batch,.t3pa.info,944,,2026-05-02T19:39:57.499856+00:00,G07-W0050,1707364541.784,Thu Feb  8 04:55:41.783999 2024,20.0,80.0,3.49132,1.8.0,4,MiniPIX
08_thu_proton_daily_batch/toa_tot__r0000007043.t3pa,08_thu_proton_daily_batch,.t3pa,824,29,2026-05-02T19:39:57.485167+00:00,G07-W0050,1707364562.017,Thu Feb  8 04:56:02.016999 2024,20.0,80.0,3.49132,1.8.0,4,MiniPIX
08_thu_proton_daily_batch/toa_tot__r0000007043.t3pa.info,08_thu_proton_daily_batch,.t3pa.info,944,,2026-05-02T19:39:57.450249+00:00,G07-W0050,1707364562.017,Thu Feb  8 04:56:02.016999 2024,20.0,80.0,3.49132,1.8.0,4,MiniPIX
08_thu_proton_daily_batch/toa_tot__r0000007044.t3pa,08_thu_proton_daily_batch,.t3pa,2584,95,2026-05-02T19:39:57.450323+00:00,G07-W0050,1707364582.249,Thu Feb  8 04:56:22.249000 2024,20.0,80.0,3.49132,1.8.0,4,MiniPIX
08_thu_proton_daily_batch/toa_tot__r0000007044.t3pa.info,08_thu_proton_daily_batch,.t3pa.info,944,,2026-05-02T19:39:57.449845+00:00,G07-W0050,1707364582.249,Thu Feb  8 04:56:22.249000 2024,20.0,80.0,3.49132,1.8.0,4,MiniPIX
08_thu_proton_daily_batch/toa_tot__r0000007045.t3pa,08_thu_proton_daily_batch,.t3pa,1536,55,2026-05-02T19:39:57.445439+00:00,G07-W0050,1707364602.482,Thu Feb  8 04:56:42.482000 2024,20.0,80.0,3.49132,1.8.0,4,MiniPIX
08_thu_proton_daily_batch/toa_tot__r0000007045.t3pa.info,08_thu_proton_daily_batch,.t3pa.info,944,,2026-05-02T19:39:57.462877+00:00,G07-W0050,1707364602.482,Thu Feb  8 04:56:42.482000 2024,20.0,80.0,3.49132,1.8.0,4,MiniPIX
08_thu_proton_daily_batch/toa_tot__r0000007046.t3pa,08_thu_proton_daily_batch,.t3pa,1929,69,2026-05-02T19:39:57.498416+00:00,G07-W0050,1707364622.715,Thu Feb  8 04:57:02.714999 2024,20.0,80.0,3.49132,1.8.0,4,MiniPIX
08_thu_proton_daily_batch/toa_tot__r0000007046.t3pa.info,08_thu_proton_daily_batch,.t3pa.info,944,,2026-05-02T19:39:57.463335+00:00,G07-W0050,1707364622.715,Thu Feb  8 04:57:02.714999 2024,20.0,80.0,3.49132,1.8.0,4,MiniPIX
08_thu_proton_daily_batch/toa_tot__r0000007047.t3pa,08_thu_proton_daily_batch,.t3pa,379,13,2026-05-02T19:39:57.444807+00:00,G07-W0050,1707364642.948,Thu Feb  8 04:57:22.947999 2024,20.0,80.0,3.49132,1.8.0,4,MiniPIX
08_thu_proton_daily_batch/toa_tot__r0000007047.t3pa.info,08_thu_proton_daily_batch,.t3pa.info,944,,2026-05-02T19:39:57.484775+00:00,G07-W0050,1707364642.948,Thu Feb  8 04:57:22.947999 2024,20.0,80.0,3.49132,1.8.0,4,MiniPIX
08_thu_proton_daily_batch/toa_tot__r0000007048.t3pa,08_thu_proton_daily_batch,.t3pa,770,27,2026-05-02T19:39:57.453707+00:00,G07-W0050,1707364663.181,Thu Feb  8 04:57:43.180999 2024,20.0,80.0,3.49132,1.8.0,4,MiniPIX
08_thu_proton_daily_batch/toa_tot__r0000007048.t3pa.info,08_thu_proton_daily_batch,.t3pa.info,944,,2026-05-02T19:39:57.462022+00:00,G07-W0050,1707364663.181,Thu Feb  8 04:57:43.180999 2024,20.0,80.0,3.49132,1.8.0,4,MiniPIX
08_thu_proton_daily_batch/toa_tot__r0000007049.t3pa,08_thu_proton_daily_batch,.t3pa,1170,43,2026-05-02T19:39:57.450702+00:00,G07-W0050,1707364683.414,Thu Feb  8 04:58:03.414000 2024,20.0,80.0,3.49132,1.8.0,4,MiniPIX
08_thu_proton_daily_batch/toa_tot__r0000007049.t3pa.info,08_thu_proton_daily_batch,.t3pa.info,944,,2026-05-02T19:39:57.445971+00:00,G07-W0050,1707364683.414,Thu Feb  8 04:58:03.414000 2024,20.0,80.0,3.49132,1.8.0,4,MiniPIX
08_thu_proton_daily_batch/toa_tot__r0000007050.t3pa,08_thu_proton_daily_batch,.t3pa,915,33,2026-05-02T19:39:57.501855+00:00,G07-W0050,1707364703.647,Thu Feb  8 04:58:23.647000 2024,20.0,80.0,3.49132,1.8.0,4,MiniPIX
08_thu_proton_daily_batch/toa_tot__r0000007050.t3pa.info,08_thu_proton_daily_batch,.t3pa.info,944,,2026-05-02T19:39:57.505092+00:00,G07-W0050,1707364703.647,Thu Feb  8 04:58:23.647000 2024,20.0,80.0,3.49132,1.8.0,4,MiniPIX
08_thu_proton_daily_batch/toa_tot__r0000007051.t3pa,08_thu_proton_daily_batch,.t3pa,1406,50,2026-05-02T19:39:57.445882+00:00,G07-W0050,1707364723.88,Thu Feb  8 04:58:43.880000 2024,20.0,80.0,3.49132,1.8.0,4,MiniPIX
08_thu_proton_daily_batch/toa_tot__r0000007051.t3pa.info,08_thu_proton_daily_batch,.t3pa.info,944,,2026-05-02T19:39:57.499972+00:00,G07-W0050,1707364723.88,Thu Feb  8 04:58:43.880000 2024,20.0,80.0,3.49132,1.8.0,4,MiniPIX
08_thu_proton_daily_batch/toa_tot__r0000007052.t3pa,08_thu_proton_daily_batch,.t3pa,2203,80,2026-05-02T19:39:57.452849+00:00,G07-W0050,1707364744.113,Thu Feb  8 04:59:04.112999 2024,20.0,80.0,3.49132,1.8.0,4,MiniPIX
08_thu_proton_daily_batch/toa_tot__r0000007052.t3pa.info,08_thu_proton_daily_batch,.t3pa.info,944,,2026-05-02T19:39:57.482884+00:00,G07-W0050,1707364744.113,Thu Feb  8 04:59:04.112999 2024,20.0,80.0,3.49132,1.8.0,4,MiniPIX
08_thu_proton_daily_batch/toa_tot__r0000007053.t3pa,08_thu_proton_daily_batch,.t3pa,2103,76,2026-05-02T19:39:57.501251+00:00,G07-W0050,1707364765.346,Thu Feb  8 04:59:25.345999 2024,20.0,80.0,3.49132,1.8.0,4,MiniPIX
08_thu_proton_daily_batch/toa_tot__r0000007053.t3pa.info,08_thu_proton_daily_batch,.t3pa.info,944,,2026-05-02T19:39:57.484185+00:00,G07-W0050,1707364765.346,Thu Feb  8 04:59:25.345999 2024,20.0,80.0,3.49132,1.8.0,4,MiniPIX
08_thu_proton_daily_batch/toa_tot__r0000007054.t3pa,08_thu_proton_daily_batch,.t3pa,1643,60,2026-05-02T19:39:57.453328+00:00,G07-W0050,1707364785.594,Thu Feb  8 04:59:45.594000 2024,20.0,80.0,3.49132,1.8.0,4,MiniPIX
08_thu_proton_daily_batch/toa_tot__r0000007054.t3pa.info,08_thu_proton_daily_batch,.t3pa.info,944,,2026-05-02T19:39:57.450011+00:00,G07-W0050,1707364785.594,Thu Feb  8 04:59:45.594000 2024,20.0,80.0,3.49132,1.8.0,4,MiniPIX
08_thu_proton_daily_batch/toa_tot__r0000007055.t3pa,08_thu_proton_daily_batch,.t3pa,3668,133,2026-05-02T19:39:57.482745+00:00,G07-W0050,1707364805.812,Thu Feb  8 05:00:05.812000 2024,20.0,80.0,3.49132,1.8.0,4,MiniPIX
08_thu_proton_daily_batch/toa_tot__r0000007055.t3pa.info,08_thu_proton_daily_batch,.t3pa.info,944,,2026-05-02T19:39:57.505185+00:00,G07-W0050,1707364805.812,Thu Feb  8 05:00:05.812000 2024,20.0,80.0,3.49132,1.8.0,4,MiniPIX
08_thu_proton_daily_batch/toa_tot__r0000007056.t3pa,08_thu_proton_daily_batch,.t3pa,1076,39,2026-05-02T19:39:57.501496+00:00,G07-W0050,1707364826.06,Thu Feb  8 05:00:26.059999 2024,20.0,80.0,3.49132,1.8.0,4,MiniPIX
08_thu_proton_daily_batch/toa_tot__r0000007056.t3pa.info,08_thu_proton_daily_batch,.t3pa.info,944,,2026-05-02T19:39:57.501902+00:00,G07-W0050,1707364826.06,Thu Feb  8 05:00:26.059999 2024,20.0,80.0,3.49132,1.8.0,4,MiniPIX
08_thu_proton_daily_batch/toa_tot__r0000007057.t3pa,08_thu_proton_daily_batch,.t3pa,1690,62,2026-05-02T19:39:57.498192+00:00,G07-W0050,1707364846.293,Thu Feb  8 05:00:46.292999 2024,20.0,80.0,3.49132,1.8.0,4,MiniPIX
08_thu_proton_daily_batch/toa_tot__r0000007057.t3pa.info,08_thu_proton_daily_batch,.t3pa.info,944,,2026-05-02T19:39:57.501225+00:00,G07-W0050,1707364846.293,Thu Feb  8 05:00:46.292999 2024,20.0,80.0,3.49132,1.8.0,4,MiniPIX
08_thu_proton_daily_batch/toa_tot__r0000007058.t3pa,08_thu_proton_daily_batch,.t3pa,1873,68,2026-05-02T19:39:57.452322+00:00,G07-W0050,1707364866.526,Thu Feb  8 05:01:06.526000 2024,20.0,80.0,3.49132,1.8.0,4,MiniPIX
08_thu_proton_daily_batch/toa_tot__r0000007058.t3pa.info,08_thu_proton_daily_batch,.t3pa.info,944,,2026-05-02T19:39:57.500309+00:00,G07-W0050,1707364866.526,Thu Feb  8 05:01:06.526000 2024,20.0,80.0,3.49132,1.8.0,4,MiniPIX
08_thu_proton_daily_batch/toa_tot__r0000007059.t3pa,08_thu_proton_daily_batch,.t3pa,1634,59,2026-05-02T19:39:57.452461+00:00,G07-W0050,1707364886.759,Thu Feb  8 05:01:26.759000 2024,20.0,80.0,3.49132,1.8.0,4,MiniPIX
08_thu_proton_daily_batch/toa_tot__r0000007059.t3pa.info,08_thu_proton_daily_batch,.t3pa.info,944,,2026-05-02T19:39:57.482405+00:00,G07-W0050,1707364886.759,Thu Feb  8 05:01:26.759000 2024,20.0,80.0,3.49132,1.8.0,4,MiniPIX
08_thu_proton_daily_batch/toa_tot__r0000007060.t3pa,08_thu_proton_daily_batch,.t3pa,2116,76,2026-05-02T19:39:57.445695+00:00,G07-W0050,1707364906.992,Thu Feb  8 05:01:46.992000 2024,20.0,80.0,3.49132,1.8.0,4,MiniPIX
08_thu_proton_daily_batch/toa_tot__r0000007060.t3pa.info,08_thu_proton_daily_batch,.t3pa.info,944,,2026-05-02T19:39:57.461977+00:00,G07-W0050,1707364906.992,Thu Feb  8 05:01:46.992000 2024,20.0,80.0,3.49132,1.8.0,4,MiniPIX
08_thu_proton_daily_batch/toa_tot__r0000007061.t3pa,08_thu_proton_daily_batch,.t3pa,627,22,2026-05-02T19:39:57.500021+00:00,G07-W0050,1707364928.225,Thu Feb  8 05:02:08.224999 2024,20.0,80.0,3.49132,1.8.0,4,MiniPIX
08_thu_proton_daily_batch/toa_tot__r0000007061.t3pa.info,08_thu_proton_daily_batch,.t3pa.info,944,,2026-05-02T19:39:57.462927+00:00,G07-W0050,1707364928.225,Thu Feb  8 05:02:08.224999 2024,20.0,80.0,3.49132,1.8.0,4,MiniPIX
08_thu_proton_daily_batch/toa_tot__r0000007062.t3pa,08_thu_proton_daily_batch,.t3pa,1261,45,2026-05-02T19:39:57.450728+00:00,G07-W0050,1707364949.458,Thu Feb  8 05:02:29.457999 2024,20.0,80.0,3.49132,1.8.0,4,MiniPIX
08_thu_proton_daily_batch/toa_tot__r0000007062.t3pa.info,08_thu_proton_daily_batch,.t3pa.info,944,,2026-05-02T19:39:57.444898+00:00,G07-W0050,1707364949.458,Thu Feb  8 05:02:29.457999 2024,20.0,80.0,3.49132,1.8.0,4,MiniPIX
08_thu_proton_daily_batch/toa_tot__r0000007063.t3pa,08_thu_proton_daily_batch,.t3pa,1097,39,2026-05-02T19:39:57.463184+00:00,G07-W0050,1707364969.691,Thu Feb  8 05:02:49.690999 2024,20.0,80.0,3.49132,1.8.0,4,MiniPIX
08_thu_proton_daily_batch/toa_tot__r0000007063.t3pa.info,08_thu_proton_daily_batch,.t3pa.info,944,,2026-05-02T19:39:57.499995+00:00,G07-W0050,1707364969.691,Thu Feb  8 05:02:49.690999 2024,20.0,80.0,3.49132,1.8.0,4,MiniPIX
08_thu_proton_daily_batch/toa_tot__r0000007064.t3pa,08_thu_proton_daily_batch,.t3pa,1313,47,2026-05-02T19:39:57.485008+00:00,G07-W0050,1707364989.923,Thu Feb  8 05:03:09.923000 2024,20.0,80.0,3.49132,1.8.0,4,MiniPIX
08_thu_proton_daily_batch/toa_tot__r0000007064.t3pa.info,08_thu_proton_daily_batch,.t3pa.info,944,,2026-05-02T19:39:57.485427+00:00,G07-W0050,1707364989.923,Thu Feb  8 05:03:09.923000 2024,20.0,80.0,3.49132,1.8.0,4,MiniPIX
08_thu_proton_daily_batch/toa_tot__r0000007065.t3pa,08_thu_proton_daily_batch,.t3pa,1060,38,2026-05-02T19:39:57.445623+00:00,G07-W0050,1707365010.156,Thu Feb  8 05:03:30.155999 2024,20.0,80.0,3.49132,1.8.0,4,MiniPIX
08_thu_proton_daily_batch/toa_tot__r0000007065.t3pa.info,08_thu_proton_daily_batch,.t3pa.info,944,,2026-05-02T19:39:57.483332+00:00,G07-W0050,1707365010.156,Thu Feb  8 05:03:30.155999 2024,20.0,80.0,3.49132,1.8.0,4,MiniPIX
08_thu_proton_daily_batch/toa_tot__r0000007066.t3pa,08_thu_proton_daily_batch,.t3pa,483,17,2026-05-02T19:39:57.498343+00:00,G07-W0050,1707365030.389,Thu Feb  8 05:03:50.388999 2024,20.0,80.0,3.49132,1.8.0,4,MiniPIX
08_thu_proton_daily_batch/toa_tot__r0000007066.t3pa.info,08_thu_proton_daily_batch,.t3pa.info,944,,2026-05-02T19:39:57.462523+00:00,G07-W0050,1707365030.389,Thu Feb  8 05:03:50.388999 2024,20.0,80.0,3.49132,1.8.0,4,MiniPIX
08_thu_proton_daily_batch/toa_tot__r0000007067.t3pa,08_thu_proton_daily_batch,.t3pa,1474,53,2026-05-02T19:39:57.482596+00:00,G07-W0050,1707365050.622,Thu Feb  8 05:04:10.621999 2024,20.0,80.0,3.49132,1.8.0,4,MiniPIX
08_thu_proton_daily_batch/toa_tot__r0000007067.t3pa.info,08_thu_proton_daily_batch,.t3pa.info,944,,2026-05-02T19:39:57.461294+00:00,G07-W0050,1707365050.622,Thu Feb  8 05:04:10.621999 2024,20.0,80.0,3.49132,1.8.0,4,MiniPIX
08_thu_proton_daily_batch/toa_tot__r0000007068.t3pa,08_thu_proton_daily_batch,.t3pa,1030,37,2026-05-02T19:39:57.462951+00:00,G07-W0050,1707365070.855,Thu Feb  8 05:04:30.855000 2024,20.0,80.0,3.49132,1.8.0,4,MiniPIX
08_thu_proton_daily_batch/toa_tot__r0000007068.t3pa.info,08_thu_proton_daily_batch,.t3pa.info,944,,2026-05-02T19:39:57.452992+00:00,G07-W0050,1707365070.855,Thu Feb  8 05:04:30.855000 2024,20.0,80.0,3.49132,1.8.0,4,MiniPIX
08_thu_proton_daily_batch/toa_tot__r0000007069.t3pa,08_thu_proton_daily_batch,.t3pa,1922,69,2026-05-02T19:39:57.485561+00:00,G07-W0050,1707365091.089,Thu Feb  8 05:04:51.088999 2024,20.0,80.0,3.49132,1.8.0,4,MiniPIX
08_thu_proton_daily_batch/toa_tot__r0000007069.t3pa.info,08_thu_proton_daily_batch,.t3pa.info,944,,2026-05-02T19:39:57.450794+00:00,G07-W0050,1707365091.089,Thu Feb  8 05:04:51.088999 2024,20.0,80.0,3.49132,1.8.0,4,MiniPIX
08_thu_proton_daily_batch/toa_tot__r0000007070.t3pa,08_thu_proton_daily_batch,.t3pa,1278,46,2026-05-02T19:39:57.483654+00:00,G07-W0050,1707365111.322,Thu Feb  8 05:05:11.322000 2024,20.0,80.0,3.49132,1.8.0,4,MiniPIX
08_thu_proton_daily_batch/toa_tot__r0000007070.t3pa.info,08_thu_proton_daily_batch,.t3pa.info,944,,2026-05-02T19:39:57.444830+00:00,G07-W0050,1707365111.322,Thu Feb  8 05:05:11.322000 2024,20.0,80.0,3.49132,1.8.0,4,MiniPIX
08_thu_proton_daily_batch/toa_tot__r0000007071.t3pa,08_thu_proton_daily_batch,.t3pa,679,24,2026-05-02T19:39:57.501094+00:00,G07-W0050,1707365131.555,Thu Feb  8 05:05:31.555000 2024,20.0,80.0,3.49132,1.8.0,4,MiniPIX
08_thu_proton_daily_batch/toa_tot__r0000007071.t3pa.info,08_thu_proton_daily_batch,.t3pa.info,944,,2026-05-02T19:39:57.489018+00:00,G07-W0050,1707365131.555,Thu Feb  8 05:05:31.555000 2024,20.0,80.0,3.49132,1.8.0,4,MiniPIX
08_thu_proton_daily_batch/toa_tot__r0000007072.t3pa,08_thu_proton_daily_batch,.t3pa,1173,42,2026-05-02T19:39:57.445598+00:00,G07-W0050,1707365151.788,Thu Feb  8 05:05:51.788000 2024,20.0,80.0,3.49132,1.8.0,4,MiniPIX
08_thu_proton_daily_batch/toa_tot__r0000007072.t3pa.info,08_thu_proton_daily_batch,.t3pa.info,944,,2026-05-02T19:39:57.452484+00:00,G07-W0050,1707365151.788,Thu Feb  8 05:05:51.788000 2024,20.0,80.0,3.49132,1.8.0,4,MiniPIX
08_thu_proton_daily_batch/toa_tot__r0000007073.t3pa,08_thu_proton_daily_batch,.t3pa,873,31,2026-05-02T19:39:57.504705+00:00,G07-W0050,1707365172.021,Thu Feb  8 05:06:12.020999 2024,20.0,80.0,3.49132,1.8.0,4,MiniPIX
08_thu_proton_daily_batch/toa_tot__r0000007073.t3pa.info,08_thu_proton_daily_batch,.t3pa.info,944,,2026-05-02T19:39:57.451004+00:00,G07-W0050,1707365172.021,Thu Feb  8 05:06:12.020999 2024,20.0,80.0,3.49132,1.8.0,4,MiniPIX
08_thu_proton_daily_batch/toa_tot__r0000007074.t3pa,08_thu_proton_daily_batch,.t3pa,905,32,2026-05-02T19:39:57.452776+00:00,G07-W0050,1707365192.254,Thu Feb  8 05:06:32.253999 2024,20.0,80.0,3.49132,1.8.0,4,MiniPIX
08_thu_proton_daily_batch/toa_tot__r0000007074.t3pa.info,08_thu_proton_daily_batch,.t3pa.info,944,,2026-05-02T19:39:57.489352+00:00,G07-W0050,1707365192.254,Thu Feb  8 05:06:32.253999 2024,20.0,80.0,3.49132,1.8.0,4,MiniPIX
08_thu_proton_daily_batch/toa_tot__r0000007075.t3pa,08_thu_proton_daily_batch,.t3pa,1479,53,2026-05-02T19:39:57.500176+00:00,G07-W0050,1707365212.487,Thu Feb  8 05:06:52.486999 2024,20.0,80.0,3.49132,1.8.0,4,MiniPIX
08_thu_proton_daily_batch/toa_tot__r0000007075.t3pa.info,08_thu_proton_daily_batch,.t3pa.info,944,,2026-05-02T19:39:57.462495+00:00,G07-W0050,1707365212.487,Thu Feb  8 05:06:52.486999 2024,20.0,80.0,3.49132,1.8.0,4,MiniPIX
08_thu_proton_daily_batch/toa_tot__r0000007076.t3pa,08_thu_proton_daily_batch,.t3pa,818,29,2026-05-02T19:39:57.445351+00:00,G07-W0050,1707365232.72,Thu Feb  8 05:07:12.720000 2024,20.0,80.0,3.49132,1.8.0,4,MiniPIX
08_thu_proton_daily_batch/toa_tot__r0000007076.t3pa.info,08_thu_proton_daily_batch,.t3pa.info,944,,2026-05-02T19:39:57.449963+00:00,G07-W0050,1707365232.72,Thu Feb  8 05:07:12.720000 2024,20.0,80.0,3.49132,1.8.0,4,MiniPIX
08_thu_proton_daily_batch/toa_tot__r0000007077.t3pa,08_thu_proton_daily_batch,.t3pa,1014,36,2026-05-02T19:39:57.462854+00:00,G07-W0050,1707365252.953,Thu Feb  8 05:07:32.953000 2024,20.0,80.0,3.49132,1.8.0,4,MiniPIX
08_thu_proton_daily_batch/toa_tot__r0000007077.t3pa.info,08_thu_proton_daily_batch,.t3pa.info,944,,2026-05-02T19:39:57.451870+00:00,G07-W0050,1707365252.953,Thu Feb  8 05:07:32.953000 2024,20.0,80.0,3.49132,1.8.0,4,MiniPIX
08_thu_proton_daily_batch/toa_tot__r0000007078.t3pa,08_thu_proton_daily_batch,.t3pa,923,33,2026-05-02T19:39:57.504629+00:00,G07-W0050,1707365273.186,Thu Feb  8 05:07:53.186000 2024,20.0,80.0,3.49132,1.8.0,4,MiniPIX
08_thu_proton_daily_batch/toa_tot__r0000007078.t3pa.info,08_thu_proton_daily_batch,.t3pa.info,944,,2026-05-02T19:39:57.483080+00:00,G07-W0050,1707365273.186,Thu Feb  8 05:07:53.186000 2024,20.0,80.0,3.49132,1.8.0,4,MiniPIX
08_thu_proton_daily_batch/toa_tot__r0000007079.t3pa,08_thu_proton_daily_batch,.t3pa,764,27,2026-05-02T19:39:57.500225+00:00,G07-W0050,1707365293.418,Thu Feb  8 05:08:13.417999 2024,20.0,80.0,3.49132,1.8.0,4,MiniPIX
08_thu_proton_daily_batch/toa_tot__r0000007079.t3pa.info,08_thu_proton_daily_batch,.t3pa.info,944,,2026-05-02T19:39:57.446158+00:00,G07-W0050,1707365293.418,Thu Feb  8 05:08:13.417999 2024,20.0,80.0,3.49132,1.8.0,4,MiniPIX
08_thu_proton_daily_batch/toa_tot__r0000007080.t3pa,08_thu_proton_daily_batch,.t3pa,1037,37,2026-05-02T19:39:57.444511+00:00,G07-W0050,1707365313.651,Thu Feb  8 05:08:33.651000 2024,20.0,80.0,3.49132,1.8.0,4,MiniPIX
08_thu_proton_daily_batch/toa_tot__r0000007080.t3pa.info,08_thu_proton_daily_batch,.t3pa.info,944,,2026-05-02T19:39:57.453964+00:00,G07-W0050,1707365313.651,Thu Feb  8 05:08:33.651000 2024,20.0,80.0,3.49132,1.8.0,4,MiniPIX
08_thu_proton_daily_batch/toa_tot__r0000007081.t3pa,08_thu_proton_daily_batch,.t3pa,1018,36,2026-05-02T19:39:57.449798+00:00,G07-W0050,1707365333.884,Thu Feb  8 05:08:53.884000 2024,20.0,80.0,3.49132,1.8.0,4,MiniPIX
08_thu_proton_daily_batch/toa_tot__r0000007081.t3pa.info,08_thu_proton_daily_batch,.t3pa.info,944,,2026-05-02T19:39:57.450585+00:00,G07-W0050,1707365333.884,Thu Feb  8 05:08:53.884000 2024,20.0,80.0,3.49132,1.8.0,4,MiniPIX
08_thu_proton_daily_batch/toa_tot__r0000007082.t3pa,08_thu_proton_daily_batch,.t3pa,825,29,2026-05-02T19:39:57.446210+00:00,G07-W0050,1707365354.117,Thu Feb  8 05:09:14.117000 2024,20.0,80.0,3.49132,1.8.0,4,MiniPIX
08_thu_proton_daily_batch/toa_tot__r0000007082.t3pa.info,08_thu_proton_daily_batch,.t3pa.info,944,,2026-05-02T19:39:57.499172+00:00,G07-W0050,1707365354.117,Thu Feb  8 05:09:14.117000 2024,20.0,80.0,3.49132,1.8.0,4,MiniPIX
08_thu_proton_daily_batch/toa_tot__r0000007083.t3pa,08_thu_proton_daily_batch,.t3pa,1262,45,2026-05-02T19:39:57.501757+00:00,G07-W0050,1707365374.35,Thu Feb  8 05:09:34.349999 2024,20.0,80.0,3.49132,1.8.0,4,MiniPIX
08_thu_proton_daily_batch/toa_tot__r0000007083.t3pa.info,08_thu_proton_daily_batch,.t3pa.info,944,,2026-05-02T19:39:57.489210+00:00,G07-W0050,1707365374.35,Thu Feb  8 05:09:34.349999 2024,20.0,80.0,3.49132,1.8.0,4,MiniPIX
08_thu_proton_daily_batch/toa_tot__r0000007084.t3pa,08_thu_proton_daily_batch,.t3pa,1226,44,2026-05-02T19:39:57.450083+00:00,G07-W0050,1707365395.567,Thu Feb  8 05:09:55.566999 2024,20.0,80.0,3.49132,1.8.0,4,MiniPIX
08_thu_proton_daily_batch/toa_tot__r0000007084.t3pa.info,08_thu_proton_daily_batch,.t3pa.info,944,,2026-05-02T19:39:57.502050+00:00,G07-W0050,1707365395.567,Thu Feb  8 05:09:55.566999 2024,20.0,80.0,3.49132,1.8.0,4,MiniPIX
08_thu_proton_daily_batch/toa_tot__r0000007085.t3pa,08_thu_proton_daily_batch,.t3pa,884,32,2026-05-02T19:39:57.453150+00:00,G07-W0050,1707365415.8,Thu Feb  8 05:10:15.799999 2024,20.0,80.0,3.49132,1.8.0,4,MiniPIX
08_thu_proton_daily_batch/toa_tot__r0000007085.t3pa.info,08_thu_proton_daily_batch,.t3pa.info,944,,2026-05-02T19:39:57.499571+00:00,G07-W0050,1707365415.8,Thu Feb  8 05:10:15.799999 2024,20.0,80.0,3.49132,1.8.0,4,MiniPIX
08_thu_proton_daily_batch/toa_tot__r0000007086.t3pa,08_thu_proton_daily_batch,.t3pa,1090,39,2026-05-02T19:39:57.485059+00:00,G07-W0050,1707365436.033,Thu Feb  8 05:10:36.032999 2024,20.0,80.0,3.49132,1.8.0,4,MiniPIX
08_thu_proton_daily_batch/toa_tot__r0000007086.t3pa.info,08_thu_proton_daily_batch,.t3pa.info,944,,2026-05-02T19:39:57.504551+00:00,G07-W0050,1707365436.033,Thu Feb  8 05:10:36.032999 2024,20.0,80.0,3.49132,1.8.0,4,MiniPIX
08_thu_proton_daily_batch/toa_tot__r0000007087.t3pa,08_thu_proton_daily_batch,.t3pa,953,34,2026-05-02T19:39:57.500126+00:00,G07-W0050,1707365457.266,Thu Feb  8 05:10:57.266000 2024,20.0,80.0,3.49132,1.8.0,4,MiniPIX
08_thu_proton_daily_batch/toa_tot__r0000007087.t3pa.info,08_thu_proton_daily_batch,.t3pa.info,944,,2026-05-02T19:39:57.461462+00:00,G07-W0050,1707365457.266,Thu Feb  8 05:10:57.266000 2024,20.0,80.0,3.49132,1.8.0,4,MiniPIX
08_thu_proton_daily_batch/toa_tot__r0000007088.t3pa,08_thu_proton_daily_batch,.t3pa,941,34,2026-05-02T19:39:57.505018+00:00,G07-W0050,1707365477.499,Thu Feb  8 05:11:17.499000 2024,20.0,80.0,3.49132,1.8.0,4,MiniPIX
08_thu_proton_daily_batch/toa_tot__r0000007088.t3pa.info,08_thu_proton_daily_batch,.t3pa.info,944,,2026-05-02T19:39:57.461138+00:00,G07-W0050,1707365477.499,Thu Feb  8 05:11:17.499000 2024,20.0,80.0,3.49132,1.8.0,4,MiniPIX
08_thu_proton_daily_batch/toa_tot__r0000007089.t3pa,08_thu_proton_daily_batch,.t3pa,608,21,2026-05-02T19:39:57.484724+00:00,G07-W0050,1707365497.732,Thu Feb  8 05:11:37.732000 2024,20.0,80.0,3.49132,1.8.0,4,MiniPIX
08_thu_proton_daily_batch/toa_tot__r0000007089.t3pa.info,08_thu_proton_daily_batch,.t3pa.info,944,,2026-05-02T19:39:57.498787+00:00,G07-W0050,1707365497.732,Thu Feb  8 05:11:37.732000 2024,20.0,80.0,3.49132,1.8.0,4,MiniPIX
08_thu_proton_daily_batch/toa_tot__r0000007090.t3pa,08_thu_proton_daily_batch,.t3pa,1136,40,2026-05-02T19:39:57.446876+00:00,G07-W0050,1707365517.981,Thu Feb  8 05:11:57.980999 2024,20.0,80.0,3.49132,1.8.0,4,MiniPIX
08_thu_proton_daily_batch/toa_tot__r0000007090.t3pa.info,08_thu_proton_daily_batch,.t3pa.info,944,,2026-05-02T19:39:57.444643+00:00,G07-W0050,1707365517.981,Thu Feb  8 05:11:57.980999 2024,20.0,80.0,3.49132,1.8.0,4,MiniPIX
08_thu_proton_daily_batch/toa_tot__r0000007091.t3pa,08_thu_proton_daily_batch,.t3pa,403,14,2026-05-02T19:39:57.444619+00:00,G07-W0050,1707365538.213,Thu Feb  8 05:12:18.213000 2024,20.0,80.0,3.49132,1.8.0,4,MiniPIX
08_thu_proton_daily_batch/toa_tot__r0000007091.t3pa.info,08_thu_proton_daily_batch,.t3pa.info,944,,2026-05-02T19:39:57.461317+00:00,G07-W0050,1707365538.213,Thu Feb  8 05:12:18.213000 2024,20.0,80.0,3.49132,1.8.0,4,MiniPIX
08_thu_proton_daily_batch/toa_tot__r0000007092.t3pa,08_thu_proton_daily_batch,.t3pa,928,33,2026-05-02T19:39:57.502230+00:00,G07-W0050,1707365558.449,Thu Feb  8 05:12:38.448999 2024,20.0,80.0,3.49132,1.8.0,4,MiniPIX
08_thu_proton_daily_batch/toa_tot__r0000007092.t3pa.info,08_thu_proton_daily_batch,.t3pa.info,944,,2026-05-02T19:39:57.499835+00:00,G07-W0050,1707365558.449,Thu Feb  8 05:12:38.448999 2024,20.0,80.0,3.49132,1.8.0,4,MiniPIX
08_thu_proton_daily_batch/toa_tot__r0000007093.t3pa,08_thu_proton_daily_batch,.t3pa,578,20,2026-05-02T19:39:57.453987+00:00,G07-W0050,1707365578.683,Thu Feb  8 05:12:58.683000 2024,20.0,80.0,3.49132,1.8.0,4,MiniPIX
08_thu_proton_daily_batch/toa_tot__r0000007093.t3pa.info,08_thu_proton_daily_batch,.t3pa.info,944,,2026-05-02T19:39:57.453216+00:00,G07-W0050,1707365578.683,Thu Feb  8 05:12:58.683000 2024,20.0,80.0,3.49132,1.8.0,4,MiniPIX
08_thu_proton_daily_batch/toa_tot__r0000007094.t3pa,08_thu_proton_daily_batch,.t3pa,904,32,2026-05-02T19:39:57.454142+00:00,G07-W0050,1707365598.916,Thu Feb  8 05:13:18.915999 2024,20.0,80.0,3.49132,1.8.0,4,MiniPIX
08_thu_proton_daily_batch/toa_tot__r0000007094.t3pa.info,08_thu_proton_daily_batch,.t3pa.info,944,,2026-05-02T19:39:57.501275+00:00,G07-W0050,1707365598.916,Thu Feb  8 05:13:18.915999 2024,20.0,80.0,3.49132,1.8.0,4,MiniPIX
08_thu_proton_daily_batch/toa_tot__r0000007095.t3pa,08_thu_proton_daily_batch,.t3pa,458,16,2026-05-02T19:39:57.504678+00:00,G07-W0050,1707365619.149,Thu Feb  8 05:13:39.148999 2024,20.0,80.0,3.49132,1.8.0,4,MiniPIX
08_thu_proton_daily_batch/toa_tot__r0000007095.t3pa.info,08_thu_proton_daily_batch,.t3pa.info,944,,2026-05-02T19:39:57.454098+00:00,G07-W0050,1707365619.149,Thu Feb  8 05:13:39.148999 2024,20.0,80.0,3.49132,1.8.0,4,MiniPIX
08_thu_proton_daily_batch/toa_tot__r0000007096.t3pa,08_thu_proton_daily_batch,.t3pa,879,31,2026-05-02T19:39:57.499879+00:00,G07-W0050,1707365639.382,Thu Feb  8 05:13:59.381999 2024,20.0,80.0,3.49132,1.8.0,4,MiniPIX
08_thu_proton_daily_batch/toa_tot__r0000007096.t3pa.info,08_thu_proton_daily_batch,.t3pa.info,944,,2026-05-02T19:39:57.484319+00:00,G07-W0050,1707365639.382,Thu Feb  8 05:13:59.381999 2024,20.0,80.0,3.49132,1.8.0,4,MiniPIX
08_thu_proton_daily_batch/toa_tot__r0000007097.t3pa,08_thu_proton_daily_batch,.t3pa,511,18,2026-05-02T19:39:57.450678+00:00,G07-W0050,1707365659.614,Thu Feb  8 05:14:19.614000 2024,20.0,80.0,3.49132,1.8.0,4,MiniPIX
08_thu_proton_daily_batch/toa_tot__r0000007097.t3pa.info,08_thu_proton_daily_batch,.t3pa.info,944,,2026-05-02T19:39:57.453639+00:00,G07-W0050,1707365659.614,Thu Feb  8 05:14:19.614000 2024,20.0,80.0,3.49132,1.8.0,4,MiniPIX
08_thu_proton_daily_batch/toa_tot__r0000007098.t3pa,08_thu_proton_daily_batch,.t3pa,1358,49,2026-05-02T19:39:57.451262+00:00,G07-W0050,1707365679.847,Thu Feb  8 05:14:39.846999 2024,20.0,80.0,3.49132,1.8.0,4,MiniPIX
08_thu_proton_daily_batch/toa_tot__r0000007098.t3pa.info,08_thu_proton_daily_batch,.t3pa.info,944,,2026-05-02T19:39:57.500679+00:00,G07-W0050,1707365679.847,Thu Feb  8 05:14:39.846999 2024,20.0,80.0,3.49132,1.8.0,4,MiniPIX
08_thu_proton_daily_batch/toa_tot__r0000007099.t3pa,08_thu_proton_daily_batch,.t3pa,1209,43,2026-05-02T19:39:57.444943+00:00,G07-W0050,1707365700.065,Thu Feb  8 05:15:00.065000 2024,20.0,80.0,3.49132,1.8.0,4,MiniPIX
08_thu_proton_daily_batch/toa_tot__r0000007099.t3pa.info,08_thu_proton_daily_batch,.t3pa.info,944,,2026-05-02T19:39:57.463256+00:00,G07-W0050,1707365700.065,Thu Feb  8 05:15:00.065000 2024,20.0,80.0,3.49132,1.8.0,4,MiniPIX
08_thu_proton_daily_batch/toa_tot__r0000007100.t3pa,08_thu_proton_daily_batch,.t3pa,824,29,2026-05-02T19:39:57.445723+00:00,G07-W0050,1707365720.313,Thu Feb  8 05:15:20.312999 2024,20.0,80.0,3.49132,1.8.0,4,MiniPIX
08_thu_proton_daily_batch/toa_tot__r0000007100.t3pa.info,08_thu_proton_daily_batch,.t3pa.info,944,,2026-05-02T19:39:57.500150+00:00,G07-W0050,1707365720.313,Thu Feb  8 05:15:20.312999 2024,20.0,80.0,3.49132,1.8.0,4,MiniPIX
08_thu_proton_daily_batch/toa_tot__r0000007101.t3pa,08_thu_proton_daily_batch,.t3pa,1249,45,2026-05-02T19:39:57.484240+00:00,G07-W0050,1707365740.546,Thu Feb  8 05:15:40.546000 2024,20.0,80.0,3.49132,1.8.0,4,MiniPIX
08_thu_proton_daily_batch/toa_tot__r0000007101.t3pa.info,08_thu_proton_daily_batch,.t3pa.info,944,,2026-05-02T19:39:57.452155+00:00,G07-W0050,1707365740.546,Thu Feb  8 05:15:40.546000 2024,20.0,80.0,3.49132,1.8.0,4,MiniPIX
08_thu_proton_daily_batch/toa_tot__r0000007102.t3pa,08_thu_proton_daily_batch,.t3pa,1692,61,2026-05-02T19:39:57.451657+00:00,G07-W0050,1707365760.779,Thu Feb  8 05:16:00.779000 2024,20.0,80.0,3.49132,1.8.0,4,MiniPIX
08_thu_proton_daily_batch/toa_tot__r0000007102.t3pa.info,08_thu_proton_daily_batch,.t3pa.info,944,,2026-05-02T19:39:57.501400+00:00,G07-W0050,1707365760.779,Thu Feb  8 05:16:00.779000 2024,20.0,80.0,3.49132,1.8.0,4,MiniPIX
08_thu_proton_daily_batch/toa_tot__r0000007103.t3pa,08_thu_proton_daily_batch,.t3pa,1694,61,2026-05-02T19:39:57.505068+00:00,G07-W0050,1707365781.012,Thu Feb  8 05:16:21.012000 2024,20.0,80.0,3.49132,1.8.0,4,MiniPIX
08_thu_proton_daily_batch/toa_tot__r0000007103.t3pa.info,08_thu_proton_daily_batch,.t3pa.info,944,,2026-05-02T19:39:57.499311+00:00,G07-W0050,1707365781.012,Thu Feb  8 05:16:21.012000 2024,20.0,80.0,3.49132,1.8.0,4,MiniPIX
08_thu_proton_daily_batch/toa_tot__r0000007104.t3pa,08_thu_proton_daily_batch,.t3pa,1081,39,2026-05-02T19:39:57.450655+00:00,G07-W0050,1707365801.246,Thu Feb  8 05:16:41.246000 2024,20.0,80.0,3.49132,1.8.0,4,MiniPIX
08_thu_proton_daily_batch/toa_tot__r0000007104.t3pa.info,08_thu_proton_daily_batch,.t3pa.info,944,,2026-05-02T19:39:57.485033+00:00,G07-W0050,1707365801.246,Thu Feb  8 05:16:41.246000 2024,20.0,80.0,3.49132,1.8.0,4,MiniPIX
08_thu_proton_daily_batch/toa_tot__r0000007105.t3pa,08_thu_proton_daily_batch,.t3pa,731,26,2026-05-02T19:39:57.446580+00:00,G07-W0050,1707365821.479,Thu Feb  8 05:17:01.479000 2024,20.0,80.0,3.49132,1.8.0,4,MiniPIX
08_thu_proton_daily_batch/toa_tot__r0000007105.t3pa.info,08_thu_proton_daily_batch,.t3pa.info,944,,2026-05-02T19:39:57.452798+00:00,G07-W0050,1707365821.479,Thu Feb  8 05:17:01.479000 2024,20.0,80.0,3.49132,1.8.0,4,MiniPIX
08_thu_proton_daily_batch/toa_tot__r0000007106.t3pa,08_thu_proton_daily_batch,.t3pa,1077,39,2026-05-02T19:39:57.499700+00:00,G07-W0050,1707365841.713,Thu Feb  8 05:17:21.713000 2024,20.0,80.0,3.49132,1.8.0,4,MiniPIX
08_thu_proton_daily_batch/toa_tot__r0000007106.t3pa.info,08_thu_proton_daily_batch,.t3pa.info,944,,2026-05-02T19:39:57.445037+00:00,G07-W0050,1707365841.713,Thu Feb  8 05:17:21.713000 2024,20.0,80.0,3.49132,1.8.0,4,MiniPIX
08_thu_proton_daily_batch/toa_tot__r0000007107.t3pa,08_thu_proton_daily_batch,.t3pa,901,32,2026-05-02T19:39:57.463022+00:00,G07-W0050,1707365861.946,Thu Feb  8 05:17:41.946000 2024,20.0,80.0,3.49132,1.8.0,4,MiniPIX
08_thu_proton_daily_batch/toa_tot__r0000007107.t3pa.info,08_thu_proton_daily_batch,.t3pa.info,944,,2026-05-02T19:39:57.444761+00:00,G07-W0050,1707365861.946,Thu Feb  8 05:17:41.946000 2024,20.0,80.0,3.49132,1.8.0,4,MiniPIX
08_thu_proton_daily_batch/toa_tot__r0000007108.t3pa,08_thu_proton_daily_batch,.t3pa,1132,40,2026-05-02T19:39:57.483764+00:00,G07-W0050,1707365882.179,Thu Feb  8 05:18:02.178999 2024,20.0,80.0,3.49132,1.8.0,4,MiniPIX
08_thu_proton_daily_batch/toa_tot__r0000007108.t3pa.info,08_thu_proton_daily_batch,.t3pa.info,944,,2026-05-02T19:39:57.462447+00:00,G07-W0050,1707365882.179,Thu Feb  8 05:18:02.178999 2024,20.0,80.0,3.49132,1.8.0,4,MiniPIX
08_thu_proton_daily_batch/toa_tot__r0000007109.t3pa,08_thu_proton_daily_batch,.t3pa,1026,37,2026-05-02T19:39:57.501472+00:00,G07-W0050,1707365902.416,Thu Feb  8 05:18:22.415999 2024,20.0,80.0,3.49132,1.8.0,4,MiniPIX
08_thu_proton_daily_batch/toa_tot__r0000007109.t3pa.info,08_thu_proton_daily_batch,.t3pa.info,944,,2026-05-02T19:39:57.484376+00:00,G07-W0050,1707365902.416,Thu Feb  8 05:18:22.415999 2024,20.0,80.0,3.49132,1.8.0,4,MiniPIX
08_thu_proton_daily_batch/toa_tot__r0000007110.t3pa,08_thu_proton_daily_batch,.t3pa,544,19,2026-05-02T19:39:57.482769+00:00,G07-W0050,1707365922.649,Thu Feb  8 05:18:42.648999 2024,20.0,80.0,3.49132,1.8.0,4,MiniPIX
08_thu_proton_daily_batch/toa_tot__r0000007110.t3pa.info,08_thu_proton_daily_batch,.t3pa.info,944,,2026-05-02T19:39:57.489186+00:00,G07-W0050,1707365922.649,Thu Feb  8 05:18:42.648999 2024,20.0,80.0,3.49132,1.8.0,4,MiniPIX
08_thu_proton_daily_batch/toa_tot__r0000007111.t3pa,08_thu_proton_daily_batch,.t3pa,329,11,2026-05-02T19:39:57.451075+00:00,G07-W0050,1707365942.882,Thu Feb  8 05:19:02.881999 2024,20.0,80.0,3.49132,1.8.0,4,MiniPIX
08_thu_proton_daily_batch/toa_tot__r0000007111.t3pa.info,08_thu_proton_daily_batch,.t3pa.info,944,,2026-05-02T19:39:57.452072+00:00,G07-W0050,1707365942.882,Thu Feb  8 05:19:02.881999 2024,20.0,80.0,3.49132,1.8.0,4,MiniPIX
08_thu_proton_daily_batch/toa_tot__r0000007112.t3pa,08_thu_proton_daily_batch,.t3pa,1484,53,2026-05-02T19:39:57.483890+00:00,G07-W0050,1707365963.115,Thu Feb  8 05:19:23.115000 2024,20.0,80.0,3.49132,1.8.0,4,MiniPIX
08_thu_proton_daily_batch/toa_tot__r0000007112.t3pa.info,08_thu_proton_daily_batch,.t3pa.info,944,,2026-05-02T19:39:57.453910+00:00,G07-W0050,1707365963.115,Thu Feb  8 05:19:23.115000 2024,20.0,80.0,3.49132,1.8.0,4,MiniPIX
08_thu_proton_daily_batch/toa_tot__r0000007113.t3pa,08_thu_proton_daily_batch,.t3pa,1574,56,2026-05-02T19:39:57.445646+00:00,G07-W0050,1707365983.348,Thu Feb  8 05:19:43.348000 2024,20.0,80.0,3.49132,1.8.0,4,MiniPIX
08_thu_proton_daily_batch/toa_tot__r0000007113.t3pa.info,08_thu_proton_daily_batch,.t3pa.info,944,,2026-05-02T19:39:57.484550+00:00,G07-W0050,1707365983.348,Thu Feb  8 05:19:43.348000 2024,20.0,80.0,3.49132,1.8.0,4,MiniPIX
08_thu_proton_daily_batch/toa_tot__r0000007114.t3pa,08_thu_proton_daily_batch,.t3pa,353,12,2026-05-02T19:39:57.482512+00:00,G07-W0050,1707366003.581,Thu Feb  8 05:20:03.581000 2024,20.0,80.0,3.49132,1.8.0,4,MiniPIX
08_thu_proton_daily_batch/toa_tot__r0000007114.t3pa.info,08_thu_proton_daily_batch,.t3pa.info,944,,2026-05-02T19:39:57.463161+00:00,G07-W0050,1707366003.581,Thu Feb  8 05:20:03.581000 2024,20.0,80.0,3.49132,1.8.0,4,MiniPIX
08_thu_proton_daily_batch/toa_tot__r0000007115.t3pa,08_thu_proton_daily_batch,.t3pa,843,30,2026-05-02T19:39:57.462570+00:00,G07-W0050,1707366023.799,Thu Feb  8 05:20:23.799000 2024,20.0,80.0,3.49132,1.8.0,4,MiniPIX
08_thu_proton_daily_batch/toa_tot__r0000007115.t3pa.info,08_thu_proton_daily_batch,.t3pa.info,944,,2026-05-02T19:39:57.463381+00:00,G07-W0050,1707366023.799,Thu Feb  8 05:20:23.799000 2024,20.0,80.0,3.49132,1.8.0,4,MiniPIX
08_thu_proton_daily_batch/toa_tot__r0000007116.t3pa,08_thu_proton_daily_batch,.t3pa,1081,39,2026-05-02T19:39:57.453305+00:00,G07-W0050,1707366044.048,Thu Feb  8 05:20:44.048000 2024,20.0,80.0,3.49132,1.8.0,4,MiniPIX
08_thu_proton_daily_batch/toa_tot__r0000007116.t3pa.info,08_thu_proton_daily_batch,.t3pa.info,944,,2026-05-02T19:39:57.451822+00:00,G07-W0050,1707366044.048,Thu Feb  8 05:20:44.048000 2024,20.0,80.0,3.49132,1.8.0,4,MiniPIX
08_thu_proton_daily_batch/toa_tot__r0000007117.t3pa,08_thu_proton_daily_batch,.t3pa,684,24,2026-05-02T19:39:57.505162+00:00,G07-W0050,1707366064.281,Thu Feb  8 05:21:04.280999 2024,20.0,80.0,3.49132,1.8.0,4,MiniPIX
08_thu_proton_daily_batch/toa_tot__r0000007117.t3pa.info,08_thu_proton_daily_batch,.t3pa.info,944,,2026-05-02T19:39:57.452707+00:00,G07-W0050,1707366064.281,Thu Feb  8 05:21:04.280999 2024,20.0,80.0,3.49132,1.8.0,4,MiniPIX
08_thu_proton_daily_batch/toa_tot__r0000007118.t3pa,08_thu_proton_daily_batch,.t3pa,709,25,2026-05-02T19:39:57.498541+00:00,G07-W0050,1707366084.513,Thu Feb  8 05:21:24.513000 2024,20.0,80.0,3.49132,1.8.0,4,MiniPIX
08_thu_proton_daily_batch/toa_tot__r0000007118.t3pa.info,08_thu_proton_daily_batch,.t3pa.info,944,,2026-05-02T19:39:57.483155+00:00,G07-W0050,1707366084.513,Thu Feb  8 05:21:24.513000 2024,20.0,80.0,3.49132,1.8.0,4,MiniPIX
08_thu_proton_daily_batch/toa_tot__r0000007119.t3pa,08_thu_proton_daily_batch,.t3pa,741,26,2026-05-02T19:39:57.485142+00:00,G07-W0050,1707366105.746,Thu Feb  8 05:21:45.746000 2024,20.0,80.0,3.49132,1.8.0,4,MiniPIX
08_thu_proton_daily_batch/toa_tot__r0000007119.t3pa.info,08_thu_proton_daily_batch,.t3pa.info,944,,2026-05-02T19:39:57.453773+00:00,G07-W0050,1707366105.746,Thu Feb  8 05:21:45.746000 2024,20.0,80.0,3.49132,1.8.0,4,MiniPIX
08_thu_proton_daily_batch/toa_tot__r0000007120.t3pa,08_thu_proton_daily_batch,.t3pa,879,31,2026-05-02T19:39:57.462691+00:00,G07-W0050,1707366125.979,Thu Feb  8 05:22:05.979000 2024,20.0,80.0,3.49132,1.8.0,4,MiniPIX
08_thu_proton_daily_batch/toa_tot__r0000007120.t3pa.info,08_thu_proton_daily_batch,.t3pa.info,944,,2026-05-02T19:39:57.484161+00:00,G07-W0050,1707366125.979,Thu Feb  8 05:22:05.979000 2024,20.0,80.0,3.49132,1.8.0,4,MiniPIX
08_thu_proton_daily_batch/toa_tot__r0000007121.t3pa,08_thu_proton_daily_batch,.t3pa,1251,45,2026-05-02T19:39:57.445857+00:00,G07-W0050,1707366146.212,Thu Feb  8 05:22:26.211999 2024,20.0,80.0,3.49132,1.8.0,4,MiniPIX
08_thu_proton_daily_batch/toa_tot__r0000007121.t3pa.info,08_thu_proton_daily_batch,.t3pa.info,944,,2026-05-02T19:39:57.444740+00:00,G07-W0050,1707366146.212,Thu Feb  8 05:22:26.211999 2024,20.0,80.0,3.49132,1.8.0,4,MiniPIX
08_thu_proton_daily_batch/toa_tot__r0000007122.t3pa,08_thu_proton_daily_batch,.t3pa,1032,37,2026-05-02T19:39:57.500555+00:00,G07-W0050,1707366166.445,Thu Feb  8 05:22:46.444999 2024,20.0,80.0,3.49132,1.8.0,4,MiniPIX
08_thu_proton_daily_batch/toa_tot__r0000007122.t3pa.info,08_thu_proton_daily_batch,.t3pa.info,944,,2026-05-02T19:39:57.461509+00:00,G07-W0050,1707366166.445,Thu Feb  8 05:22:46.444999 2024,20.0,80.0,3.49132,1.8.0,4,MiniPIX
08_thu_proton_daily_batch/toa_tot__r0000007123.t3pa,08_thu_proton_daily_batch,.t3pa,783,28,2026-05-02T19:39:57.500344+00:00,G07-W0050,1707366186.678,Thu Feb  8 05:23:06.677999 2024,20.0,80.0,3.49132,1.8.0,4,MiniPIX
08_thu_proton_daily_batch/toa_tot__r0000007123.t3pa.info,08_thu_proton_daily_batch,.t3pa.info,944,,2026-05-02T19:39:57.482959+00:00,G07-W0050,1707366186.678,Thu Feb  8 05:23:06.677999 2024,20.0,80.0,3.49132,1.8.0,4,MiniPIX
08_thu_proton_daily_batch/toa_tot__r0000007124.t3pa,08_thu_proton_daily_batch,.t3pa,1176,44,2026-05-02T19:39:57.482487+00:00,G07-W0050,1707366206.911,Thu Feb  8 05:23:26.911000 2024,20.0,80.0,3.49132,1.8.0,4,MiniPIX
08_thu_proton_daily_batch/toa_tot__r0000007124.t3pa.info,08_thu_proton_daily_batch,.t3pa.info,944,,2026-05-02T19:39:57.454076+00:00,G07-W0050,1707366206.911,Thu Feb  8 05:23:26.911000 2024,20.0,80.0,3.49132,1.8.0,4,MiniPIX
08_thu_proton_daily_batch/toa_tot__r0000007125.t3pa,08_thu_proton_daily_batch,.t3pa,758,27,2026-05-02T19:39:57.498857+00:00,G07-W0050,1707366227.144,Thu Feb  8 05:23:47.144000 2024,20.0,80.0,3.49132,1.8.0,4,MiniPIX
08_thu_proton_daily_batch/toa_tot__r0000007125.t3pa.info,08_thu_proton_daily_batch,.t3pa.info,944,,2026-05-02T19:39:57.501044+00:00,G07-W0050,1707366227.144,Thu Feb  8 05:23:47.144000 2024,20.0,80.0,3.49132,1.8.0,4,MiniPIX
08_thu_proton_daily_batch/toa_tot__r0000007126.t3pa,08_thu_proton_daily_batch,.t3pa,596,21,2026-05-02T19:39:57.484800+00:00,G07-W0050,1707366247.377,Thu Feb  8 05:24:07.377000 2024,20.0,80.0,3.49132,1.8.0,4,MiniPIX
08_thu_proton_daily_batch/toa_tot__r0000007126.t3pa.info,08_thu_proton_daily_batch,.t3pa.info,944,,2026-05-02T19:39:57.450227+00:00,G07-W0050,1707366247.377,Thu Feb  8 05:24:07.377000 2024,20.0,80.0,3.49132,1.8.0,4,MiniPIX
08_thu_proton_daily_batch/toa_tot__r0000007127.t3pa,08_thu_proton_daily_batch,.t3pa,980,35,2026-05-02T19:39:57.483987+00:00,G07-W0050,1707366267.61,Thu Feb  8 05:24:27.609999 2024,20.0,80.0,3.49132,1.8.0,4,MiniPIX
08_thu_proton_daily_batch/toa_tot__r0000007127.t3pa.info,08_thu_proton_daily_batch,.t3pa.info,944,,2026-05-02T19:39:57.499789+00:00,G07-W0050,1707366267.61,Thu Feb  8 05:24:27.609999 2024,20.0,80.0,3.49132,1.8.0,4,MiniPIX
08_thu_proton_daily_batch/toa_tot__r0000007128.t3pa,08_thu_proton_daily_batch,.t3pa,1344,48,2026-05-02T19:39:57.498243+00:00,G07-W0050,1707366287.843,Thu Feb  8 05:24:47.842999 2024,20.0,80.0,3.49132,1.8.0,4,MiniPIX
08_thu_proton_daily_batch/toa_tot__r0000007128.t3pa.info,08_thu_proton_daily_batch,.t3pa.info,944,,2026-05-02T19:39:57.444592+00:00,G07-W0050,1707366287.843,Thu Feb  8 05:24:47.842999 2024,20.0,80.0,3.49132,1.8.0,4,MiniPIX
08_thu_proton_daily_batch/toa_tot__r0000007129.t3pa,08_thu_proton_daily_batch,.t3pa,1114,40,2026-05-02T19:39:57.453730+00:00,G07-W0050,1707366308.079,Thu Feb  8 05:25:08.078999 2024,20.0,80.0,3.49132,1.8.0,4,MiniPIX
08_thu_proton_daily_batch/toa_tot__r0000007129.t3pa.info,08_thu_proton_daily_batch,.t3pa.info,944,,2026-05-02T19:39:57.453282+00:00,G07-W0050,1707366308.079,Thu Feb  8 05:25:08.078999 2024,20.0,80.0,3.49132,1.8.0,4,MiniPIX
08_thu_proton_daily_batch/toa_tot__r0000007130.t3pa,08_thu_proton_daily_batch,.t3pa,876,31,2026-05-02T19:39:57.462738+00:00,G07-W0050,1707366328.312,Thu Feb  8 05:25:28.312000 2024,20.0,80.0,3.49132,1.8.0,4,MiniPIX
08_thu_proton_daily_batch/toa_tot__r0000007130.t3pa.info,08_thu_proton_daily_batch,.t3pa.info,944,,2026-05-02T19:39:57.499722+00:00,G07-W0050,1707366328.312,Thu Feb  8 05:25:28.312000 2024,20.0,80.0,3.49132,1.8.0,4,MiniPIX
08_thu_proton_daily_batch/toa_tot__r0000007131.t3pa,08_thu_proton_daily_batch,.t3pa,917,33,2026-05-02T19:39:57.500074+00:00,G07-W0050,1707366348.545,Thu Feb  8 05:25:48.545000 2024,20.0,80.0,3.49132,1.8.0,4,MiniPIX
08_thu_proton_daily_batch/toa_tot__r0000007131.t3pa.info,08_thu_proton_daily_batch,.t3pa.info,944,,2026-05-02T19:39:57.446948+00:00,G07-W0050,1707366348.545,Thu Feb  8 05:25:48.545000 2024,20.0,80.0,3.49132,1.8.0,4,MiniPIX
08_thu_proton_daily_batch/toa_tot__r0000007132.t3pa,08_thu_proton_daily_batch,.t3pa,679,24,2026-05-02T19:39:57.446383+00:00,G07-W0050,1707366368.779,Thu Feb  8 05:26:08.779000 2024,20.0,80.0,3.49132,1.8.0,4,MiniPIX
08_thu_proton_daily_batch/toa_tot__r0000007132.t3pa.info,08_thu_proton_daily_batch,.t3pa.info,944,,2026-05-02T19:39:57.504752+00:00,G07-W0050,1707366368.779,Thu Feb  8 05:26:08.779000 2024,20.0,80.0,3.49132,1.8.0,4,MiniPIX
08_thu_proton_daily_batch/toa_tot__r0000007133.t3pa,08_thu_proton_daily_batch,.t3pa,1111,40,2026-05-02T19:39:57.463617+00:00,G07-W0050,1707366389.015,Thu Feb  8 05:26:29.015000 2024,20.0,80.0,3.49132,1.8.0,4,MiniPIX
08_thu_proton_daily_batch/toa_tot__r0000007133.t3pa.info,08_thu_proton_daily_batch,.t3pa.info,944,,2026-05-02T19:39:57.489374+00:00,G07-W0050,1707366389.015,Thu Feb  8 05:26:29.015000 2024,20.0,80.0,3.49132,1.8.0,4,MiniPIX
08_thu_proton_daily_batch/toa_tot__r0000007134.t3pa,08_thu_proton_daily_batch,.t3pa,1878,68,2026-05-02T19:39:57.461729+00:00,G07-W0050,1707366409.248,Thu Feb  8 05:26:49.247999 2024,20.0,80.0,3.49132,1.8.0,4,MiniPIX
08_thu_proton_daily_batch/toa_tot__r0000007134.t3pa.info,08_thu_proton_daily_batch,.t3pa.info,944,,2026-05-02T19:39:57.444715+00:00,G07-W0050,1707366409.248,Thu Feb  8 05:26:49.247999 2024,20.0,80.0,3.49132,1.8.0,4,MiniPIX
08_thu_proton_daily_batch/toa_tot__r0000007135.t3pa,08_thu_proton_daily_batch,.t3pa,599,21,2026-05-02T19:39:57.498642+00:00,G07-W0050,1707366429.481,Thu Feb  8 05:27:09.480999 2024,20.0,80.0,3.49132,1.8.0,4,MiniPIX
08_thu_proton_daily_batch/toa_tot__r0000007135.t3pa.info,08_thu_proton_daily_batch,.t3pa.info,944,,2026-05-02T19:39:57.453195+00:00,G07-W0050,1707366429.481,Thu Feb  8 05:27:09.480999 2024,20.0,80.0,3.49132,1.8.0,4,MiniPIX
08_thu_proton_daily_batch/toa_tot__r0000007136.t3pa,08_thu_proton_daily_batch,.t3pa,1077,39,2026-05-02T19:39:57.482460+00:00,G07-W0050,1707366449.698,Thu Feb  8 05:27:29.697999 2024,20.0,80.0,3.49132,1.8.0,4,MiniPIX
08_thu_proton_daily_batch/toa_tot__r0000007136.t3pa.info,08_thu_proton_daily_batch,.t3pa.info,944,,2026-05-02T19:39:57.484682+00:00,G07-W0050,1707366449.698,Thu Feb  8 05:27:29.697999 2024,20.0,80.0,3.49132,1.8.0,4,MiniPIX
08_thu_proton_daily_batch/toa_tot__r0000007137.t3pa,08_thu_proton_daily_batch,.t3pa,568,20,2026-05-02T19:39:57.485376+00:00,G07-W0050,1707366469.951,Thu Feb  8 05:27:49.950999 2024,20.0,80.0,3.49132,1.8.0,4,MiniPIX
08_thu_proton_daily_batch/toa_tot__r0000007137.t3pa.info,08_thu_proton_daily_batch,.t3pa.info,944,,2026-05-02T19:39:57.445081+00:00,G07-W0050,1707366469.951,Thu Feb  8 05:27:49.950999 2024,20.0,80.0,3.49132,1.8.0,4,MiniPIX
08_thu_proton_daily_batch/toa_tot__r0000007138.t3pa,08_thu_proton_daily_batch,.t3pa,1516,56,2026-05-02T19:39:57.485328+00:00,G07-W0050,1707366490.183,Thu Feb  8 05:28:10.183000 2024,20.0,80.0,3.49132,1.8.0,4,MiniPIX
08_thu_proton_daily_batch/toa_tot__r0000007138.t3pa.info,08_thu_proton_daily_batch,.t3pa.info,944,,2026-05-02T19:39:57.499126+00:00,G07-W0050,1707366490.183,Thu Feb  8 05:28:10.183000 2024,20.0,80.0,3.49132,1.8.0,4,MiniPIX
08_thu_proton_daily_batch/toa_tot__r0000007139.t3pa,08_thu_proton_daily_batch,.t3pa,405,14,2026-05-02T19:39:57.504579+00:00,G07-W0050,1707366510.416,Thu Feb  8 05:28:30.415999 2024,20.0,80.0,3.49132,1.8.0,4,MiniPIX
08_thu_proton_daily_batch/toa_tot__r0000007139.t3pa.info,08_thu_proton_daily_batch,.t3pa.info,944,,2026-05-02T19:39:57.451680+00:00,G07-W0050,1707366510.416,Thu Feb  8 05:28:30.415999 2024,20.0,80.0,3.49132,1.8.0,4,MiniPIX
08_thu_proton_daily_batch/toa_tot__r0000007140.t3pa,08_thu_proton_daily_batch,.t3pa,1160,42,2026-05-02T19:39:57.500855+00:00,G07-W0050,1707366530.651,Thu Feb  8 05:28:50.651000 2024,20.0,80.0,3.49132,1.8.0,4,MiniPIX
08_thu_proton_daily_batch/toa_tot__r0000007140.t3pa.info,08_thu_proton_daily_batch,.t3pa.info,944,,2026-05-02T19:39:57.445531+00:00,G07-W0050,1707366530.651,Thu Feb  8 05:28:50.651000 2024,20.0,80.0,3.49132,1.8.0,4,MiniPIX
08_thu_proton_daily_batch/toa_tot__r0000007141.t3pa,08_thu_proton_daily_batch,.t3pa,644,23,2026-05-02T19:39:57.462121+00:00,G07-W0050,1707366550.868,Thu Feb  8 05:29:10.868000 2024,20.0,80.0,3.49132,1.8.0,4,MiniPIX
08_thu_proton_daily_batch/toa_tot__r0000007141.t3pa.info,08_thu_proton_daily_batch,.t3pa.info,944,,2026-05-02T19:39:57.504995+00:00,G07-W0050,1707366550.868,Thu Feb  8 05:29:10.868000 2024,20.0,80.0,3.49132,1.8.0,4,MiniPIX
08_thu_proton_daily_batch/toa_tot__r0000007142.t3pa,08_thu_proton_daily_batch,.t3pa,1235,44,2026-05-02T19:39:57.498317+00:00,G07-W0050,1707366571.117,Thu Feb  8 05:29:31.117000 2024,20.0,80.0,3.49132,1.8.0,4,MiniPIX
08_thu_proton_daily_batch/toa_tot__r0000007142.t3pa.info,08_thu_proton_daily_batch,.t3pa.info,944,,2026-05-02T19:39:57.489114+00:00,G07-W0050,1707366571.117,Thu Feb  8 05:29:31.117000 2024,20.0,80.0,3.49132,1.8.0,4,MiniPIX
08_thu_proton_daily_batch/toa_tot__r0000007143.t3pa,08_thu_proton_daily_batch,.t3pa,1030,37,2026-05-02T19:39:57.500530+00:00,G07-W0050,1707366591.35,Thu Feb  8 05:29:51.349999 2024,20.0,80.0,3.49132,1.8.0,4,MiniPIX
08_thu_proton_daily_batch/toa_tot__r0000007143.t3pa.info,08_thu_proton_daily_batch,.t3pa.info,944,,2026-05-02T19:39:57.484087+00:00,G07-W0050,1707366591.35,Thu Feb  8 05:29:51.349999 2024,20.0,80.0,3.49132,1.8.0,4,MiniPIX
08_thu_proton_daily_batch/toa_tot__r0000007144.t3pa,08_thu_proton_daily_batch,.t3pa,814,29,2026-05-02T19:39:57.452296+00:00,G07-W0050,1707366611.583,Thu Feb  8 05:30:11.582999 2024,20.0,80.0,3.49132,1.8.0,4,MiniPIX
08_thu_proton_daily_batch/toa_tot__r0000007144.t3pa.info,08_thu_proton_daily_batch,.t3pa.info,944,,2026-05-02T19:39:57.500501+00:00,G07-W0050,1707366611.583,Thu Feb  8 05:30:11.582999 2024,20.0,80.0,3.49132,1.8.0,4,MiniPIX
08_thu_proton_daily_batch/toa_tot__r0000007145.t3pa,08_thu_proton_daily_batch,.t3pa,675,24,2026-05-02T19:39:57.446109+00:00,G07-W0050,1707366631.8,Thu Feb  8 05:30:31.799999 2024,20.0,80.0,3.49132,1.8.0,4,MiniPIX
08_thu_proton_daily_batch/toa_tot__r0000007145.t3pa.info,08_thu_proton_daily_batch,.t3pa.info,944,,2026-05-02T19:39:57.446786+00:00,G07-W0050,1707366631.8,Thu Feb  8 05:30:31.799999 2024,20.0,80.0,3.49132,1.8.0,4,MiniPIX
08_thu_proton_daily_batch/toa_tot__r0000007146.t3pa,08_thu_proton_daily_batch,.t3pa,1095,40,2026-05-02T19:39:57.499358+00:00,G07-W0050,1707366653.033,Thu Feb  8 05:30:53.032999 2024,20.0,80.0,3.49132,1.8.0,4,MiniPIX
08_thu_proton_daily_batch/toa_tot__r0000007146.t3pa.info,08_thu_proton_daily_batch,.t3pa.info,944,,2026-05-02T19:39:57.446360+00:00,G07-W0050,1707366653.033,Thu Feb  8 05:30:53.032999 2024,20.0,80.0,3.49132,1.8.0,4,MiniPIX
08_thu_proton_daily_batch/toa_tot__r0000007147.t3pa,08_thu_proton_daily_batch,.t3pa,905,32,2026-05-02T19:39:57.462312+00:00,G07-W0050,1707366673.266,Thu Feb  8 05:31:13.266000 2024,20.0,80.0,3.49132,1.8.0,4,MiniPIX
08_thu_proton_daily_batch/toa_tot__r0000007147.t3pa.info,08_thu_proton_daily_batch,.t3pa.info,944,,2026-05-02T19:39:57.500951+00:00,G07-W0050,1707366673.266,Thu Feb  8 05:31:13.266000 2024,20.0,80.0,3.49132,1.8.0,4,MiniPIX
08_thu_proton_daily_batch/toa_tot__r0000007148.t3pa,08_thu_proton_daily_batch,.t3pa,783,28,2026-05-02T19:39:57.444667+00:00,G07-W0050,1707366694.483,Thu Feb  8 05:31:34.483000 2024,20.0,80.0,3.49132,1.8.0,4,MiniPIX
08_thu_proton_daily_batch/toa_tot__r0000007148.t3pa.info,08_thu_proton_daily_batch,.t3pa.info,944,,2026-05-02T19:39:57.445777+00:00,G07-W0050,1707366694.483,Thu Feb  8 05:31:34.483000 2024,20.0,80.0,3.49132,1.8.0,4,MiniPIX
08_thu_proton_daily_batch/toa_tot__r0000007149.t3pa,08_thu_proton_daily_batch,.t3pa,788,28,2026-05-02T19:39:57.462380+00:00,G07-W0050,1707366714.716,Thu Feb  8 05:31:54.716000 2024,20.0,80.0,3.49132,1.8.0,4,MiniPIX
08_thu_proton_daily_batch/toa_tot__r0000007149.t3pa.info,08_thu_proton_daily_batch,.t3pa.info,944,,2026-05-02T19:39:57.444481+00:00,G07-W0050,1707366714.716,Thu Feb  8 05:31:54.716000 2024,20.0,80.0,3.49132,1.8.0,4,MiniPIX
08_thu_proton_daily_batch/toa_tot__r0000007150.t3pa,08_thu_proton_daily_batch,.t3pa,857,31,2026-05-02T19:39:57.462000+00:00,G07-W0050,1707366734.949,Thu Feb  8 05:32:14.948999 2024,20.0,80.0,3.49132,1.8.0,4,MiniPIX
08_thu_proton_daily_batch/toa_tot__r0000007150.t3pa.info,08_thu_proton_daily_batch,.t3pa.info,944,,2026-05-02T19:39:57.499926+00:00,G07-W0050,1707366734.949,Thu Feb  8 05:32:14.948999 2024,20.0,80.0,3.49132,1.8.0,4,MiniPIX
08_thu_proton_daily_batch/toa_tot__r0000007151.t3pa,08_thu_proton_daily_batch,.t3pa,759,27,2026-05-02T19:39:57.452438+00:00,G07-W0050,1707366755.182,Thu Feb  8 05:32:35.181999 2024,20.0,80.0,3.49132,1.8.0,4,MiniPIX
08_thu_proton_daily_batch/toa_tot__r0000007151.t3pa.info,08_thu_proton_daily_batch,.t3pa.info,944,,2026-05-02T19:39:57.445462+00:00,G07-W0050,1707366755.182,Thu Feb  8 05:32:35.181999 2024,20.0,80.0,3.49132,1.8.0,4,MiniPIX
08_thu_proton_daily_batch/toa_tot__r0000007152.t3pa,08_thu_proton_daily_batch,.t3pa,1197,43,2026-05-02T19:39:57.452684+00:00,G07-W0050,1707366775.415,Thu Feb  8 05:32:55.414999 2024,20.0,80.0,3.49132,1.8.0,4,MiniPIX
08_thu_proton_daily_batch/toa_tot__r0000007152.t3pa.info,08_thu_proton_daily_batch,.t3pa.info,944,,2026-05-02T19:39:57.483568+00:00,G07-W0050,1707366775.415,Thu Feb  8 05:32:55.414999 2024,20.0,80.0,3.49132,1.8.0,4,MiniPIX
08_thu_proton_daily_batch/toa_tot__r0000007153.t3pa,08_thu_proton_daily_batch,.t3pa,1761,64,2026-05-02T19:39:57.445831+00:00,G07-W0050,1707366795.648,Thu Feb  8 05:33:15.648000 2024,20.0,80.0,3.49132,1.8.0,4,MiniPIX
08_thu_proton_daily_batch/toa_tot__r0000007153.t3pa.info,08_thu_proton_daily_batch,.t3pa.info,944,,2026-05-02T19:39:57.485587+00:00,G07-W0050,1707366795.648,Thu Feb  8 05:33:15.648000 2024,20.0,80.0,3.49132,1.8.0,4,MiniPIX
08_thu_proton_daily_batch/toa_tot__r0000007154.t3pa,08_thu_proton_daily_batch,.t3pa,1184,43,2026-05-02T19:39:57.483915+00:00,G07-W0050,1707366815.881,Thu Feb  8 05:33:35.881000 2024,20.0,80.0,3.49132,1.8.0,4,MiniPIX
08_thu_proton_daily_batch/toa_tot__r0000007154.t3pa.info,08_thu_proton_daily_batch,.t3pa.info,944,,2026-05-02T19:39:57.461757+00:00,G07-W0050,1707366815.881,Thu Feb  8 05:33:35.881000 2024,20.0,80.0,3.49132,1.8.0,4,MiniPIX
08_thu_proton_daily_batch/toa_tot__r0000007155.t3pa,08_thu_proton_daily_batch,.t3pa,327,11,2026-05-02T19:39:57.444990+00:00,G07-W0050,1707366836.113,Thu Feb  8 05:33:56.112999 2024,20.0,80.0,3.49132,1.8.0,4,MiniPIX
08_thu_proton_daily_batch/toa_tot__r0000007155.t3pa.info,08_thu_proton_daily_batch,.t3pa.info,944,,2026-05-02T19:39:57.500879+00:00,G07-W0050,1707366836.113,Thu Feb  8 05:33:56.112999 2024,20.0,80.0,3.49132,1.8.0,4,MiniPIX
08_thu_proton_daily_batch/toa_tot__r0000007156.t3pa,08_thu_proton_daily_batch,.t3pa,1097,39,2026-05-02T19:39:57.446899+00:00,G07-W0050,1707366856.346,Thu Feb  8 05:34:16.345999 2024,20.0,80.0,3.49132,1.8.0,4,MiniPIX
08_thu_proton_daily_batch/toa_tot__r0000007156.t3pa.info,08_thu_proton_daily_batch,.t3pa.info,944,,2026-05-02T19:39:57.461851+00:00,G07-W0050,1707366856.346,Thu Feb  8 05:34:16.345999 2024,20.0,80.0,3.49132,1.8.0,4,MiniPIX
08_thu_proton_daily_batch/toa_tot__r0000007157.t3pa,08_thu_proton_daily_batch,.t3pa,525,18,2026-05-02T19:39:57.498517+00:00,G07-W0050,1707366876.579,Thu Feb  8 05:34:36.578999 2024,20.0,80.0,3.49132,1.8.0,4,MiniPIX
08_thu_proton_daily_batch/toa_tot__r0000007157.t3pa.info,08_thu_proton_daily_batch,.t3pa.info,944,,2026-05-02T19:39:57.451799+00:00,G07-W0050,1707366876.579,Thu Feb  8 05:34:36.578999 2024,20.0,80.0,3.49132,1.8.0,4,MiniPIX
08_thu_proton_daily_batch/toa_tot__r0000007158.t3pa,08_thu_proton_daily_batch,.t3pa,1299,46,2026-05-02T19:39:57.452508+00:00,G07-W0050,1707366896.813,Thu Feb  8 05:34:56.812999 2024,20.0,80.0,3.49132,1.8.0,4,MiniPIX
08_thu_proton_daily_batch/toa_tot__r0000007158.t3pa.info,08_thu_proton_daily_batch,.t3pa.info,944,,2026-05-02T19:39:57.502403+00:00,G07-W0050,1707366896.813,Thu Feb  8 05:34:56.812999 2024,20.0,80.0,3.49132,1.8.0,4,MiniPIX
08_thu_proton_daily_batch/toa_tot__r0000007159.t3pa,08_thu_proton_daily_batch,.t3pa,1278,46,2026-05-02T19:39:57.453173+00:00,G07-W0050,1707366917.046,Thu Feb  8 05:35:17.046000 2024,20.0,80.0,3.49132,1.8.0,4,MiniPIX
08_thu_proton_daily_batch/toa_tot__r0000007159.t3pa.info,08_thu_proton_daily_batch,.t3pa.info,944,,2026-05-02T19:39:57.500831+00:00,G07-W0050,1707366917.046,Thu Feb  8 05:35:17.046000 2024,20.0,80.0,3.49132,1.8.0,4,MiniPIX
08_thu_proton_daily_batch/toa_tot__r0000007160.t3pa,08_thu_proton_daily_batch,.t3pa,850,30,2026-05-02T19:39:57.453237+00:00,G07-W0050,1707366937.279,Thu Feb  8 05:35:37.279000 2024,20.0,80.0,3.49132,1.8.0,4,MiniPIX
08_thu_proton_daily_batch/toa_tot__r0000007160.t3pa.info,08_thu_proton_daily_batch,.t3pa.info,944,,2026-05-02T19:39:57.502206+00:00,G07-W0050,1707366937.279,Thu Feb  8 05:35:37.279000 2024,20.0,80.0,3.49132,1.8.0,4,MiniPIX
08_thu_proton_daily_batch/toa_tot__r0000007161.t3pa,08_thu_proton_daily_batch,.t3pa,2146,77,2026-05-02T19:39:57.453061+00:00,G07-W0050,1707366957.512,Thu Feb  8 05:35:57.512000 2024,20.0,80.0,3.49132,1.8.0,4,MiniPIX
08_thu_proton_daily_batch/toa_tot__r0000007161.t3pa.info,08_thu_proton_daily_batch,.t3pa.info,944,,2026-05-02T19:39:57.498390+00:00,G07-W0050,1707366957.512,Thu Feb  8 05:35:57.512000 2024,20.0,80.0,3.49132,1.8.0,4,MiniPIX
08_thu_proton_daily_batch/toa_tot__r0000007162.t3pa,08_thu_proton_daily_batch,.t3pa,566,20,2026-05-02T19:39:57.500783+00:00,G07-W0050,1707366977.744,Thu Feb  8 05:36:17.743999 2024,20.0,80.0,3.49132,1.8.0,4,MiniPIX
08_thu_proton_daily_batch/toa_tot__r0000007162.t3pa.info,08_thu_proton_daily_batch,.t3pa.info,944,,2026-05-02T19:39:57.451566+00:00,G07-W0050,1707366977.744,Thu Feb  8 05:36:17.743999 2024,20.0,80.0,3.49132,1.8.0,4,MiniPIX
08_thu_proton_daily_batch/toa_tot__r0000007163.t3pa,08_thu_proton_daily_batch,.t3pa,1781,64,2026-05-02T19:39:57.484854+00:00,G07-W0050,1707366997.977,Thu Feb  8 05:36:37.976999 2024,20.0,80.0,3.49132,1.8.0,4,MiniPIX
08_thu_proton_daily_batch/toa_tot__r0000007163.t3pa.info,08_thu_proton_daily_batch,.t3pa.info,944,,2026-05-02T19:39:57.452587+00:00,G07-W0050,1707366997.977,Thu Feb  8 05:36:37.976999 2024,20.0,80.0,3.49132,1.8.0,4,MiniPIX
08_thu_proton_daily_batch/toa_tot__r0000007164.t3pa,08_thu_proton_daily_batch,.t3pa,440,15,2026-05-02T19:39:57.450908+00:00,G07-W0050,1707367019.21,Thu Feb  8 05:36:59.210000 2024,20.0,80.0,3.49132,1.8.0,4,MiniPIX
08_thu_proton_daily_batch/toa_tot__r0000007164.t3pa.info,08_thu_proton_daily_batch,.t3pa.info,944,,2026-05-02T19:39:57.489090+00:00,G07-W0050,1707367019.21,Thu Feb  8 05:36:59.210000 2024,20.0,80.0,3.49132,1.8.0,4,MiniPIX
08_thu_proton_daily_batch/toa_tot__r0000007165.t3pa,08_thu_proton_daily_batch,.t3pa,811,29,2026-05-02T19:39:57.501949+00:00,G07-W0050,1707367039.444,Thu Feb  8 05:37:19.444000 2024,20.0,80.0,3.49132,1.8.0,4,MiniPIX
08_thu_proton_daily_batch/toa_tot__r0000007165.t3pa.info,08_thu_proton_daily_batch,.t3pa.info,944,,2026-05-02T19:39:57.461703+00:00,G07-W0050,1707367039.444,Thu Feb  8 05:37:19.444000 2024,20.0,80.0,3.49132,1.8.0,4,MiniPIX
08_thu_proton_daily_batch/toa_tot__r0000007166.t3pa,08_thu_proton_daily_batch,.t3pa,571,20,2026-05-02T19:39:57.445014+00:00,G07-W0050,1707367060.662,Thu Feb  8 05:37:40.661999 2024,20.0,80.0,3.49132,1.8.0,4,MiniPIX
08_thu_proton_daily_batch/toa_tot__r0000007166.t3pa.info,08_thu_proton_daily_batch,.t3pa.info,944,,2026-05-02T19:39:57.483492+00:00,G07-W0050,1707367060.662,Thu Feb  8 05:37:40.661999 2024,20.0,80.0,3.49132,1.8.0,4,MiniPIX
08_thu_proton_daily_batch/toa_tot__r0000007167.t3pa,08_thu_proton_daily_batch,.t3pa,1412,51,2026-05-02T19:39:57.504605+00:00,G07-W0050,1707367080.911,Thu Feb  8 05:38:00.911000 2024,20.0,80.0,3.49132,1.8.0,4,MiniPIX
08_thu_proton_daily_batch/toa_tot__r0000007167.t3pa.info,08_thu_proton_daily_batch,.t3pa.info,944,,2026-05-02T19:39:57.462974+00:00,G07-W0050,1707367080.911,Thu Feb  8 05:38:00.911000 2024,20.0,80.0,3.49132,1.8.0,4,MiniPIX
08_thu_proton_daily_batch/toa_tot__r0000007168.t3pa,08_thu_proton_daily_batch,.t3pa,1263,45,2026-05-02T19:39:57.485453+00:00,G07-W0050,1707367101.144,Thu Feb  8 05:38:21.144000 2024,20.0,80.0,3.49132,1.8.0,4,MiniPIX
08_thu_proton_daily_batch/toa_tot__r0000007168.t3pa.info,08_thu_proton_daily_batch,.t3pa.info,944,,2026-05-02T19:39:57.461793+00:00,G07-W0050,1707367101.144,Thu Feb  8 05:38:21.144000 2024,20.0,80.0,3.49132,1.8.0,4,MiniPIX
08_thu_proton_daily_batch/toa_tot__r0000007169.t3pa,08_thu_proton_daily_batch,.t3pa,712,25,2026-05-02T19:39:57.498664+00:00,G07-W0050,1707367121.377,Thu Feb  8 05:38:41.377000 2024,20.0,80.0,3.49132,1.8.0,4,MiniPIX
08_thu_proton_daily_batch/toa_tot__r0000007169.t3pa.info,08_thu_proton_daily_batch,.t3pa.info,944,,2026-05-02T19:39:57.445218+00:00,G07-W0050,1707367121.377,Thu Feb  8 05:38:41.377000 2024,20.0,80.0,3.49132,1.8.0,4,MiniPIX
08_thu_proton_daily_batch/toa_tot__r0000007170.t3pa,08_thu_proton_daily_batch,.t3pa,541,19,2026-05-02T19:39:57.446040+00:00,G07-W0050,1707367141.61,Thu Feb  8 05:39:01.609999 2024,20.0,80.0,3.49132,1.8.0,4,MiniPIX
08_thu_proton_daily_batch/toa_tot__r0000007170.t3pa.info,08_thu_proton_daily_batch,.t3pa.info,944,,2026-05-02T19:39:57.445576+00:00,G07-W0050,1707367141.61,Thu Feb  8 05:39:01.609999 2024,20.0,80.0,3.49132,1.8.0,4,MiniPIX
08_thu_proton_daily_batch/toa_tot__r0000007171.t3pa,08_thu_proton_daily_batch,.t3pa,563,20,2026-05-02T19:39:57.500903+00:00,G07-W0050,1707367161.843,Thu Feb  8 05:39:21.842999 2024,20.0,80.0,3.49132,1.8.0,4,MiniPIX
08_thu_proton_daily_batch/toa_tot__r0000007171.t3pa.info,08_thu_proton_daily_batch,.t3pa.info,944,,2026-05-02T19:39:57.500249+00:00,G07-W0050,1707367161.843,Thu Feb  8 05:39:21.842999 2024,20.0,80.0,3.49132,1.8.0,4,MiniPIX
08_thu_proton_daily_batch/toa_tot__r0000007172.t3pa,08_thu_proton_daily_batch,.t3pa,439,15,2026-05-02T19:39:57.483223+00:00,G07-W0050,1707367182.075,Thu Feb  8 05:39:42.075000 2024,20.0,80.0,3.49132,1.8.0,4,MiniPIX
08_thu_proton_daily_batch/toa_tot__r0000007172.t3pa.info,08_thu_proton_daily_batch,.t3pa.info,944,,2026-05-02T19:39:57.484010+00:00,G07-W0050,1707367182.075,Thu Feb  8 05:39:42.075000 2024,20.0,80.0,3.49132,1.8.0,4,MiniPIX
08_thu_proton_daily_batch/toa_tot__r0000007173.t3pa,08_thu_proton_daily_batch,.t3pa,627,22,2026-05-02T19:39:57.452178+00:00,G07-W0050,1707367202.308,Thu Feb  8 05:40:02.308000 2024,20.0,80.0,3.49132,1.8.0,4,MiniPIX
08_thu_proton_daily_batch/toa_tot__r0000007173.t3pa.info,08_thu_proton_daily_batch,.t3pa.info,944,,2026-05-02T19:39:57.451122+00:00,G07-W0050,1707367202.308,Thu Feb  8 05:40:02.308000 2024,20.0,80.0,3.49132,1.8.0,4,MiniPIX
08_thu_proton_daily_batch/toa_tot__r0000007174.t3pa,08_thu_proton_daily_batch,.t3pa,1479,53,2026-05-02T19:39:57.505236+00:00,G07-W0050,1707367222.541,Thu Feb  8 05:40:22.540999 2024,20.0,80.0,3.49132,1.8.0,4,MiniPIX
08_thu_proton_daily_batch/toa_tot__r0000007174.t3pa.info,08_thu_proton_daily_batch,.t3pa.info,944,,2026-05-02T19:39:57.453526+00:00,G07-W0050,1707367222.541,Thu Feb  8 05:40:22.540999 2024,20.0,80.0,3.49132,1.8.0,4,MiniPIX
08_thu_proton_daily_batch/toa_tot__r0000007175.t3pa,08_thu_proton_daily_batch,.t3pa,598,21,2026-05-02T19:39:57.450932+00:00,G07-W0050,1707367242.774,Thu Feb  8 05:40:42.773999 2024,20.0,80.0,3.49132,1.8.0,4,MiniPIX
08_thu_proton_daily_batch/toa_tot__r0000007175.t3pa.info,08_thu_proton_daily_batch,.t3pa.info,944,,2026-05-02T19:39:57.451971+00:00,G07-W0050,1707367242.774,Thu Feb  8 05:40:42.773999 2024,20.0,80.0,3.49132,1.8.0,4,MiniPIX
08_thu_proton_daily_batch/toa_tot__r0000007176.t3pa,08_thu_proton_daily_batch,.t3pa,1259,45,2026-05-02T19:39:57.489066+00:00,G07-W0050,1707367263.007,Thu Feb  8 05:41:03.006999 2024,20.0,80.0,3.49132,1.8.0,4,MiniPIX
08_thu_proton_daily_batch/toa_tot__r0000007176.t3pa.info,08_thu_proton_daily_batch,.t3pa.info,944,,2026-05-02T19:39:57.445330+00:00,G07-W0050,1707367263.007,Thu Feb  8 05:41:03.006999 2024,20.0,80.0,3.49132,1.8.0,4,MiniPIX
08_thu_proton_daily_batch/toa_tot__r0000007177.t3pa,08_thu_proton_daily_batch,.t3pa,1150,42,2026-05-02T19:39:57.500993+00:00,G07-W0050,1707367283.24,Thu Feb  8 05:41:23.240000 2024,20.0,80.0,3.49132,1.8.0,4,MiniPIX
08_thu_proton_daily_batch/toa_tot__r0000007177.t3pa.info,08_thu_proton_daily_batch,.t3pa.info,944,,2026-05-02T19:39:57.461875+00:00,G07-W0050,1707367283.24,Thu Feb  8 05:41:23.240000 2024,20.0,80.0,3.49132,1.8.0,4,MiniPIX
08_thu_proton_daily_batch/toa_tot__r0000007178.t3pa,08_thu_proton_daily_batch,.t3pa,841,30,2026-05-02T19:39:57.462763+00:00,G07-W0050,1707367303.473,Thu Feb  8 05:41:43.473000 2024,20.0,80.0,3.49132,1.8.0,4,MiniPIX
08_thu_proton_daily_batch/toa_tot__r0000007178.t3pa.info,08_thu_proton_daily_batch,.t3pa.info,944,,2026-05-02T19:39:57.461899+00:00,G07-W0050,1707367303.473,Thu Feb  8 05:41:43.473000 2024,20.0,80.0,3.49132,1.8.0,4,MiniPIX
08_thu_proton_daily_batch/toa_tot__r0000007179.t3pa,08_thu_proton_daily_batch,.t3pa,1784,64,2026-05-02T19:39:57.504970+00:00,G07-W0050,1707367323.706,Thu Feb  8 05:42:03.706000 2024,20.0,80.0,3.49132,1.8.0,4,MiniPIX
08_thu_proton_daily_batch/toa_tot__r0000007179.t3pa.info,08_thu_proton_daily_batch,.t3pa.info,944,,2026-05-02T19:39:57.499266+00:00,G07-W0050,1707367323.706,Thu Feb  8 05:42:03.706000 2024,20.0,80.0,3.49132,1.8.0,4,MiniPIX
08_thu_proton_daily_batch/toa_tot__r0000007180.t3pa,08_thu_proton_daily_batch,.t3pa,455,16,2026-05-02T19:39:57.484523+00:00,G07-W0050,1707367343.939,Thu Feb  8 05:42:23.938999 2024,20.0,80.0,3.49132,1.8.0,4,MiniPIX
08_thu_proton_daily_batch/toa_tot__r0000007180.t3pa.info,08_thu_proton_daily_batch,.t3pa.info,944,,2026-05-02T19:39:57.463402+00:00,G07-W0050,1707367343.939,Thu Feb  8 05:42:23.938999 2024,20.0,80.0,3.49132,1.8.0,4,MiniPIX
08_thu_proton_daily_batch/toa_tot__r0000007181.t3pa,08_thu_proton_daily_batch,.t3pa,603,21,2026-05-02T19:39:57.453842+00:00,G07-W0050,1707367364.172,Thu Feb  8 05:42:44.171999 2024,20.0,80.0,3.49132,1.8.0,4,MiniPIX
08_thu_proton_daily_batch/toa_tot__r0000007181.t3pa.info,08_thu_proton_daily_batch,.t3pa.info,944,,2026-05-02T19:39:57.449918+00:00,G07-W0050,1707367364.172,Thu Feb  8 05:42:44.171999 2024,20.0,80.0,3.49132,1.8.0,4,MiniPIX
08_thu_proton_daily_batch/toa_tot__r0000007182.t3pa,08_thu_proton_daily_batch,.t3pa,517,18,2026-05-02T19:39:57.484137+00:00,G07-W0050,1707367384.404,Thu Feb  8 05:43:04.404000 2024,20.0,80.0,3.49132,1.8.0,4,MiniPIX
08_thu_proton_daily_batch/toa_tot__r0000007182.t3pa.info,08_thu_proton_daily_batch,.t3pa.info,944,,2026-05-02T19:39:57.451892+00:00,G07-W0050,1707367384.404,Thu Feb  8 05:43:04.404000 2024,20.0,80.0,3.49132,1.8.0,4,MiniPIX
08_thu_proton_daily_batch/toa_tot__r0000007183.t3pa,08_thu_proton_daily_batch,.t3pa,762,27,2026-05-02T19:39:57.462289+00:00,G07-W0050,1707367404.653,Thu Feb  8 05:43:24.653000 2024,20.0,80.0,3.49132,1.8.0,4,MiniPIX
08_thu_proton_daily_batch/toa_tot__r0000007183.t3pa.info,08_thu_proton_daily_batch,.t3pa.info,944,,2026-05-02T19:39:57.449822+00:00,G07-W0050,1707367404.653,Thu Feb  8 05:43:24.653000 2024,20.0,80.0,3.49132,1.8.0,4,MiniPIX
08_thu_proton_daily_batch/toa_tot__r0000007184.t3pa,08_thu_proton_daily_batch,.t3pa,680,24,2026-05-02T19:39:57.450751+00:00,G07-W0050,1707367424.886,Thu Feb  8 05:43:44.885999 2024,20.0,80.0,3.49132,1.8.0,4,MiniPIX
08_thu_proton_daily_batch/toa_tot__r0000007184.t3pa.info,08_thu_proton_daily_batch,.t3pa.info,944,,2026-05-02T19:39:57.500628+00:00,G07-W0050,1707367424.886,Thu Feb  8 05:43:44.885999 2024,20.0,80.0,3.49132,1.8.0,4,MiniPIX
08_thu_proton_daily_batch/toa_tot__r0000007185.t3pa,08_thu_proton_daily_batch,.t3pa,602,21,2026-05-02T19:39:57.504945+00:00,G07-W0050,1707367445.119,Thu Feb  8 05:44:05.118999 2024,20.0,80.0,3.49132,1.8.0,4,MiniPIX
08_thu_proton_daily_batch/toa_tot__r0000007185.t3pa.info,08_thu_proton_daily_batch,.t3pa.info,944,,2026-05-02T19:39:57.452094+00:00,G07-W0050,1707367445.119,Thu Feb  8 05:44:05.118999 2024,20.0,80.0,3.49132,1.8.0,4,MiniPIX
08_thu_proton_daily_batch/toa_tot__r0000007186.t3pa,08_thu_proton_daily_batch,.t3pa,784,28,2026-05-02T19:39:57.452821+00:00,G07-W0050,1707367465.352,Thu Feb  8 05:44:25.351999 2024,20.0,80.0,3.49132,1.8.0,4,MiniPIX
08_thu_proton_daily_batch/toa_tot__r0000007186.t3pa.info,08_thu_proton_daily_batch,.t3pa.info,944,,2026-05-02T19:39:57.462168+00:00,G07-W0050,1707367465.352,Thu Feb  8 05:44:25.351999 2024,20.0,80.0,3.49132,1.8.0,4,MiniPIX
08_thu_proton_daily_batch/toa_tot__r0000007187.t3pa,08_thu_proton_daily_batch,.t3pa,698,25,2026-05-02T19:39:57.501195+00:00,G07-W0050,1707367485.585,Thu Feb  8 05:44:45.585000 2024,20.0,80.0,3.49132,1.8.0,4,MiniPIX
08_thu_proton_daily_batch/toa_tot__r0000007187.t3pa.info,08_thu_proton_daily_batch,.t3pa.info,944,,2026-05-02T19:39:57.500367+00:00,G07-W0050,1707367485.585,Thu Feb  8 05:44:45.585000 2024,20.0,80.0,3.49132,1.8.0,4,MiniPIX
08_thu_proton_daily_batch/toa_tot__r0000007188.t3pa,08_thu_proton_daily_batch,.t3pa,927,33,2026-05-02T19:39:57.461366+00:00,G07-W0050,1707367505.818,Thu Feb  8 05:45:05.818000 2024,20.0,80.0,3.49132,1.8.0,4,MiniPIX
08_thu_proton_daily_batch/toa_tot__r0000007188.t3pa.info,08_thu_proton_daily_batch,.t3pa.info,944,,2026-05-02T19:39:57.446672+00:00,G07-W0050,1707367505.818,Thu Feb  8 05:45:05.818000 2024,20.0,80.0,3.49132,1.8.0,4,MiniPIX
08_thu_proton_daily_batch/toa_tot__r0000007189.t3pa,08_thu_proton_daily_batch,.t3pa,871,31,2026-05-02T19:39:57.446693+00:00,G07-W0050,1707367526.05,Thu Feb  8 05:45:26.049999 2024,20.0,80.0,3.49132,1.8.0,4,MiniPIX
08_thu_proton_daily_batch/toa_tot__r0000007189.t3pa.info,08_thu_proton_daily_batch,.t3pa.info,944,,2026-05-02T19:39:57.453751+00:00,G07-W0050,1707367526.05,Thu Feb  8 05:45:26.049999 2024,20.0,80.0,3.49132,1.8.0,4,MiniPIX
08_thu_proton_daily_batch/toa_tot__r0000007190.t3pa,08_thu_proton_daily_batch,.t3pa,508,18,2026-05-02T19:39:57.500391+00:00,G07-W0050,1707367546.283,Thu Feb  8 05:45:46.282999 2024,20.0,80.0,3.49132,1.8.0,4,MiniPIX
08_thu_proton_daily_batch/toa_tot__r0000007190.t3pa.info,08_thu_proton_daily_batch,.t3pa.info,944,,2026-05-02T19:39:57.461390+00:00,G07-W0050,1707367546.283,Thu Feb  8 05:45:46.282999 2024,20.0,80.0,3.49132,1.8.0,4,MiniPIX
08_thu_proton_daily_batch/toa_tot__r0000007191.t3pa,08_thu_proton_daily_batch,.t3pa,1103,39,2026-05-02T19:39:57.505043+00:00,G07-W0050,1707367566.516,Thu Feb  8 05:46:06.516000 2024,20.0,80.0,3.49132,1.8.0,4,MiniPIX
08_thu_proton_daily_batch/toa_tot__r0000007191.t3pa.info,08_thu_proton_daily_batch,.t3pa.info,944,,2026-05-02T19:39:57.461949+00:00,G07-W0050,1707367566.516,Thu Feb  8 05:46:06.516000 2024,20.0,80.0,3.49132,1.8.0,4,MiniPIX
08_thu_proton_daily_batch/toa_tot__r0000007192.t3pa,08_thu_proton_daily_batch,.t3pa,1115,40,2026-05-02T19:39:57.462145+00:00,G07-W0050,1707367586.734,Thu Feb  8 05:46:26.733999 2024,20.0,80.0,3.49132,1.8.0,4,MiniPIX
08_thu_proton_daily_batch/toa_tot__r0000007192.t3pa.info,08_thu_proton_daily_batch,.t3pa.info,944,,2026-05-02T19:39:57.483814+00:00,G07-W0050,1707367586.734,Thu Feb  8 05:46:26.733999 2024,20.0,80.0,3.49132,1.8.0,4,MiniPIX
08_thu_proton_daily_batch/toa_tot__r0000007193.t3pa,08_thu_proton_daily_batch,.t3pa,1097,40,2026-05-02T19:39:57.489281+00:00,G07-W0050,1707367606.982,Thu Feb  8 05:46:46.982000 2024,20.0,80.0,3.49132,1.8.0,4,MiniPIX
08_thu_proton_daily_batch/toa_tot__r0000007193.t3pa.info,08_thu_proton_daily_batch,.t3pa.info,944,,2026-05-02T19:39:57.461190+00:00,G07-W0050,1707367606.982,Thu Feb  8 05:46:46.982000 2024,20.0,80.0,3.49132,1.8.0,4,MiniPIX
08_thu_proton_daily_batch/toa_tot__r0000007194.t3pa,08_thu_proton_daily_batch,.t3pa,1143,41,2026-05-02T19:39:57.463313+00:00,G07-W0050,1707367627.215,Thu Feb  8 05:47:07.214999 2024,20.0,80.0,3.49132,1.8.0,4,MiniPIX
08_thu_proton_daily_batch/toa_tot__r0000007194.t3pa.info,08_thu_proton_daily_batch,.t3pa.info,944,,2026-05-02T19:39:57.483534+00:00,G07-W0050,1707367627.215,Thu Feb  8 05:47:07.214999 2024,20.0,80.0,3.49132,1.8.0,4,MiniPIX
08_thu_proton_daily_batch/toa_tot__r0000007195.t3pa,08_thu_proton_daily_batch,.t3pa,868,31,2026-05-02T19:39:57.485267+00:00,G07-W0050,1707367648.448,Thu Feb  8 05:47:28.447999 2024,20.0,80.0,3.49132,1.8.0,4,MiniPIX
08_thu_proton_daily_batch/toa_tot__r0000007195.t3pa.info,08_thu_proton_daily_batch,.t3pa.info,944,,2026-05-02T19:39:57.446763+00:00,G07-W0050,1707367648.448,Thu Feb  8 05:47:28.447999 2024,20.0,80.0,3.49132,1.8.0,4,MiniPIX
08_thu_proton_daily_batch/toa_tot__r0000007196.t3pa,08_thu_proton_daily_batch,.t3pa,1090,39,2026-05-02T19:39:57.451401+00:00,G07-W0050,1707367668.696,Thu Feb  8 05:47:48.696000 2024,20.0,80.0,3.49132,1.8.0,4,MiniPIX
08_thu_proton_daily_batch/toa_tot__r0000007196.t3pa.info,08_thu_proton_daily_batch,.t3pa.info,944,,2026-05-02T19:39:57.451703+00:00,G07-W0050,1707367668.696,Thu Feb  8 05:47:48.696000 2024,20.0,80.0,3.49132,1.8.0,4,MiniPIX
08_thu_proton_daily_batch/toa_tot__r0000007197.t3pa,08_thu_proton_daily_batch,.t3pa,358,12,2026-05-02T19:39:57.482838+00:00,G07-W0050,1707367688.929,Thu Feb  8 05:48:08.928999 2024,20.0,80.0,3.49132,1.8.0,4,MiniPIX
08_thu_proton_daily_batch/toa_tot__r0000007197.t3pa.info,08_thu_proton_daily_batch,.t3pa.info,944,,2026-05-02T19:39:57.450816+00:00,G07-W0050,1707367688.929,Thu Feb  8 05:48:08.928999 2024,20.0,80.0,3.49132,1.8.0,4,MiniPIX
08_thu_proton_daily_batch/toa_tot__r0000007198.t3pa,08_thu_proton_daily_batch,.t3pa,737,26,2026-05-02T19:39:57.451544+00:00,G07-W0050,1707367709.162,Thu Feb  8 05:48:29.161999 2024,20.0,80.0,3.49132,1.8.0,4,MiniPIX
08_thu_proton_daily_batch/toa_tot__r0000007198.t3pa.info,08_thu_proton_daily_batch,.t3pa.info,944,,2026-05-02T19:39:57.504728+00:00,G07-W0050,1707367709.162,Thu Feb  8 05:48:29.161999 2024,20.0,80.0,3.49132,1.8.0,4,MiniPIX
08_thu_proton_daily_batch/toa_tot__r0000007199.t3pa,08_thu_proton_daily_batch,.t3pa,464,16,2026-05-02T19:39:57.452660+00:00,G07-W0050,1707367729.395,Thu Feb  8 05:48:49.394999 2024,20.0,80.0,3.49132,1.8.0,4,MiniPIX
08_thu_proton_daily_batch/toa_tot__r0000007199.t3pa.info,08_thu_proton_daily_batch,.t3pa.info,944,,2026-05-02T19:39:57.483132+00:00,G07-W0050,1707367729.395,Thu Feb  8 05:48:49.394999 2024,20.0,80.0,3.49132,1.8.0,4,MiniPIX
08_thu_proton_daily_batch/toa_tot__r0000007200.t3pa,08_thu_proton_daily_batch,.t3pa,1128,40,2026-05-02T19:39:57.451726+00:00,G07-W0050,1707367749.628,Thu Feb  8 05:49:09.628000 2024,20.0,80.0,3.49132,1.8.0,4,MiniPIX
08_thu_proton_daily_batch/toa_tot__r0000007200.t3pa.info,08_thu_proton_daily_batch,.t3pa.info,944,,2026-05-02T19:39:57.446558+00:00,G07-W0050,1707367749.628,Thu Feb  8 05:49:09.628000 2024,20.0,80.0,3.49132,1.8.0,4,MiniPIX
08_thu_proton_daily_batch/toa_tot__r0000007201.t3pa,08_thu_proton_daily_batch,.t3pa,1070,38,2026-05-02T19:39:57.451999+00:00,G07-W0050,1707367769.861,Thu Feb  8 05:49:29.861000 2024,20.0,80.0,3.49132,1.8.0,4,MiniPIX
08_thu_proton_daily_batch/toa_tot__r0000007201.t3pa.info,08_thu_proton_daily_batch,.t3pa.info,944,,2026-05-02T19:39:57.444452+00:00,G07-W0050,1707367769.861,Thu Feb  8 05:49:29.861000 2024,20.0,80.0,3.49132,1.8.0,4,MiniPIX
08_thu_proton_daily_batch/toa_tot__r0000007202.t3pa,08_thu_proton_daily_batch,.t3pa,387,13,2026-05-02T19:39:57.502447+00:00,G07-W0050,1707367790.094,Thu Feb  8 05:49:50.094000 2024,20.0,80.0,3.49132,1.8.0,4,MiniPIX
08_thu_proton_daily_batch/toa_tot__r0000007202.t3pa.info,08_thu_proton_daily_batch,.t3pa.info,944,,2026-05-02T19:39:57.454053+00:00,G07-W0050,1707367790.094,Thu Feb  8 05:49:50.094000 2024,20.0,80.0,3.49132,1.8.0,4,MiniPIX
08_thu_proton_daily_batch/toa_tot__r0000007203.t3pa,08_thu_proton_daily_batch,.t3pa,906,32,2026-05-02T19:39:57.484294+00:00,G07-W0050,1707367810.327,Thu Feb  8 05:50:10.326999 2024,20.0,80.0,3.49132,1.8.0,4,MiniPIX
08_thu_proton_daily_batch/toa_tot__r0000007203.t3pa.info,08_thu_proton_daily_batch,.t3pa.info,944,,2026-05-02T19:39:57.498133+00:00,G07-W0050,1707367810.327,Thu Feb  8 05:50:10.326999 2024,20.0,80.0,3.49132,1.8.0,4,MiniPIX
08_thu_proton_daily_batch/toa_tot__r0000007204.t3pa,08_thu_proton_daily_batch,.t3pa,1125,40,2026-05-02T19:39:57.499221+00:00,G07-W0050,1707367830.56,Thu Feb  8 05:50:30.559999 2024,20.0,80.0,3.49132,1.8.0,4,MiniPIX
08_thu_proton_daily_batch/toa_tot__r0000007204.t3pa.info,08_thu_proton_daily_batch,.t3pa.info,944,,2026-05-02T19:39:57.445286+00:00,G07-W0050,1707367830.56,Thu Feb  8 05:50:30.559999 2024,20.0,80.0,3.49132,1.8.0,4,MiniPIX
08_thu_proton_daily_batch/toa_tot__r0000007205.t3pa,08_thu_proton_daily_batch,.t3pa,1386,50,2026-05-02T19:39:57.498982+00:00,G07-W0050,1707367850.793,Thu Feb  8 05:50:50.792999 2024,20.0,80.0,3.49132,1.8.0,4,MiniPIX
08_thu_proton_daily_batch/toa_tot__r0000007205.t3pa.info,08_thu_proton_daily_batch,.t3pa.info,944,,2026-05-02T19:39:57.454119+00:00,G07-W0050,1707367850.793,Thu Feb  8 05:50:50.792999 2024,20.0,80.0,3.49132,1.8.0,4,MiniPIX
08_thu_proton_daily_batch/toa_tot__r0000007206.t3pa,08_thu_proton_daily_batch,.t3pa,1065,38,2026-05-02T19:39:57.454031+00:00,G07-W0050,1707367871.025,Thu Feb  8 05:51:11.025000 2024,20.0,80.0,3.49132,1.8.0,4,MiniPIX
08_thu_proton_daily_batch/toa_tot__r0000007206.t3pa.info,08_thu_proton_daily_batch,.t3pa.info,944,,2026-05-02T19:39:57.499948+00:00,G07-W0050,1707367871.025,Thu Feb  8 05:51:11.025000 2024,20.0,80.0,3.49132,1.8.0,4,MiniPIX
08_thu_proton_daily_batch/toa_tot__r0000007207.t3pa,08_thu_proton_daily_batch,.t3pa,247,8,2026-05-02T19:39:57.501447+00:00,G07-W0050,1707367891.258,Thu Feb  8 05:51:31.257999 2024,20.0,80.0,3.49132,1.8.0,4,MiniPIX
08_thu_proton_daily_batch/toa_tot__r0000007207.t3pa.info,08_thu_proton_daily_batch,.t3pa.info,944,,2026-05-02T19:39:57.462424+00:00,G07-W0050,1707367891.258,Thu Feb  8 05:51:31.257999 2024,20.0,80.0,3.49132,1.8.0,4,MiniPIX
08_thu_proton_daily_batch/toa_tot__r0000007208.t3pa,08_thu_proton_daily_batch,.t3pa,2635,94,2026-05-02T19:39:57.462903+00:00,G07-W0050,1707367911.491,Thu Feb  8 05:51:51.490999 2024,20.0,80.0,3.49132,1.8.0,4,MiniPIX
08_thu_proton_daily_batch/toa_tot__r0000007208.t3pa.info,08_thu_proton_daily_batch,.t3pa.info,944,,2026-05-02T19:39:57.452347+00:00,G07-W0050,1707367911.491,Thu Feb  8 05:51:51.490999 2024,20.0,80.0,3.49132,1.8.0,4,MiniPIX
08_thu_proton_daily_batch/toa_tot__r0000007209.t3pa,08_thu_proton_daily_batch,.t3pa,517,18,2026-05-02T19:39:57.484631+00:00,G07-W0050,1707367931.724,Thu Feb  8 05:52:11.723999 2024,20.0,80.0,3.49132,1.8.0,4,MiniPIX
08_thu_proton_daily_batch/toa_tot__r0000007209.t3pa.info,08_thu_proton_daily_batch,.t3pa.info,944,,2026-05-02T19:39:57.483245+00:00,G07-W0050,1707367931.724,Thu Feb  8 05:52:11.723999 2024,20.0,80.0,3.49132,1.8.0,4,MiniPIX
08_thu_proton_daily_batch/toa_tot__r0000007210.t3pa,08_thu_proton_daily_batch,.t3pa,881,31,2026-05-02T19:39:57.483711+00:00,G07-W0050,1707367951.957,Thu Feb  8 05:52:31.957000 2024,20.0,80.0,3.49132,1.8.0,4,MiniPIX
08_thu_proton_daily_batch/toa_tot__r0000007210.t3pa.info,08_thu_proton_daily_batch,.t3pa.info,944,,2026-05-02T19:39:57.450501+00:00,G07-W0050,1707367951.957,Thu Feb  8 05:52:31.957000 2024,20.0,80.0,3.49132,1.8.0,4,MiniPIX
08_thu_proton_daily_batch/toa_tot__r0000007211.t3pa,08_thu_proton_daily_batch,.t3pa,1173,43,2026-05-02T19:39:57.450862+00:00,G07-W0050,1707367972.19,Thu Feb  8 05:52:52.190000 2024,20.0,80.0,3.49132,1.8.0,4,MiniPIX
08_thu_proton_daily_batch/toa_tot__r0000007211.t3pa.info,08_thu_proton_daily_batch,.t3pa.info,944,,2026-05-02T19:39:57.445507+00:00,G07-W0050,1707367972.19,Thu Feb  8 05:52:52.190000 2024,20.0,80.0,3.49132,1.8.0,4,MiniPIX
08_thu_proton_daily_batch/toa_tot__r0000007212.t3pa,08_thu_proton_daily_batch,.t3pa,854,30,2026-05-02T19:39:57.463570+00:00,G07-W0050,1707367992.423,Thu Feb  8 05:53:12.423000 2024,20.0,80.0,3.49132,1.8.0,4,MiniPIX
08_thu_proton_daily_batch/toa_tot__r0000007212.t3pa.info,08_thu_proton_daily_batch,.t3pa.info,944,,2026-05-02T19:39:57.499403+00:00,G07-W0050,1707367992.423,Thu Feb  8 05:53:12.423000 2024,20.0,80.0,3.49132,1.8.0,4,MiniPIX
08_thu_proton_daily_batch/toa_tot__r0000007213.t3pa,08_thu_proton_daily_batch,.t3pa,899,32,2026-05-02T19:39:57.451378+00:00,G07-W0050,1707368012.658,Thu Feb  8 05:53:32.657999 2024,20.0,80.0,3.49132,1.8.0,4,MiniPIX
08_thu_proton_daily_batch/toa_tot__r0000007213.t3pa.info,08_thu_proton_daily_batch,.t3pa.info,944,,2026-05-02T19:39:57.445555+00:00,G07-W0050,1707368012.658,Thu Feb  8 05:53:32.657999 2024,20.0,80.0,3.49132,1.8.0,4,MiniPIX
08_thu_proton_daily_batch/toa_tot__r0000007214.t3pa,08_thu_proton_daily_batch,.t3pa,484,17,2026-05-02T19:39:57.461608+00:00,G07-W0050,1707368032.891,Thu Feb  8 05:53:52.891000 2024,20.0,80.0,3.49132,1.8.0,4,MiniPIX
08_thu_proton_daily_batch/toa_tot__r0000007214.t3pa.info,08_thu_proton_daily_batch,.t3pa.info,944,,2026-05-02T19:39:57.498588+00:00,G07-W0050,1707368032.891,Thu Feb  8 05:53:52.891000 2024,20.0,80.0,3.49132,1.8.0,4,MiniPIX
08_thu_proton_daily_batch/toa_tot__r0000007215.t3pa,08_thu_proton_daily_batch,.t3pa,625,22,2026-05-02T19:39:57.463593+00:00,G07-W0050,1707368053.124,Thu Feb  8 05:54:13.124000 2024,20.0,80.0,3.49132,1.8.0,4,MiniPIX
08_thu_proton_daily_batch/toa_tot__r0000007215.t3pa.info,08_thu_proton_daily_batch,.t3pa.info,944,,2026-05-02T19:39:57.445928+00:00,G07-W0050,1707368053.124,Thu Feb  8 05:54:13.124000 2024,20.0,80.0,3.49132,1.8.0,4,MiniPIX
08_thu_proton_daily_batch/toa_tot__r0000007216.t3pa,08_thu_proton_daily_batch,.t3pa,1293,46,2026-05-02T19:39:57.452272+00:00,G07-W0050,1707368073.36,Thu Feb  8 05:54:33.359999 2024,20.0,80.0,3.49132,1.8.0,4,MiniPIX
08_thu_proton_daily_batch/toa_tot__r0000007216.t3pa.info,08_thu_proton_daily_batch,.t3pa.info,944,,2026-05-02T19:39:57.482667+00:00,G07-W0050,1707368073.36,Thu Feb  8 05:54:33.359999 2024,20.0,80.0,3.49132,1.8.0,4,MiniPIX
08_thu_proton_daily_batch/toa_tot__r0000007217.t3pa,08_thu_proton_daily_batch,.t3pa,986,35,2026-05-02T19:39:57.450371+00:00,G07-W0050,1707368093.593,Thu Feb  8 05:54:53.592999 2024,20.0,80.0,3.49132,1.8.0,4,MiniPIX
08_thu_proton_daily_batch/toa_tot__r0000007217.t3pa.info,08_thu_proton_daily_batch,.t3pa.info,944,,2026-05-02T19:39:57.463234+00:00,G07-W0050,1707368093.593,Thu Feb  8 05:54:53.592999 2024,20.0,80.0,3.49132,1.8.0,4,MiniPIX
08_thu_proton_daily_batch/toa_tot__r0000007218.t3pa,08_thu_proton_daily_batch,.t3pa,926,33,2026-05-02T19:39:57.489163+00:00,G07-W0050,1707368113.81,Thu Feb  8 05:55:13.809999 2024,20.0,80.0,3.49132,1.8.0,4,MiniPIX
08_thu_proton_daily_batch/toa_tot__r0000007218.t3pa.info,08_thu_proton_daily_batch,.t3pa.info,944,,2026-05-02T19:39:57.500201+00:00,G07-W0050,1707368113.81,Thu Feb  8 05:55:13.809999 2024,20.0,80.0,3.49132,1.8.0,4,MiniPIX
08_thu_proton_daily_batch/toa_tot__r0000007219.t3pa,08_thu_proton_daily_batch,.t3pa,759,27,2026-05-02T19:39:57.501298+00:00,G07-W0050,1707368134.059,Thu Feb  8 05:55:34.059000 2024,20.0,80.0,3.49132,1.8.0,4,MiniPIX
08_thu_proton_daily_batch/toa_tot__r0000007219.t3pa.info,08_thu_proton_daily_batch,.t3pa.info,944,,2026-05-02T19:39:57.453617+00:00,G07-W0050,1707368134.059,Thu Feb  8 05:55:34.059000 2024,20.0,80.0,3.49132,1.8.0,4,MiniPIX
08_thu_proton_daily_batch/toa_tot__r0000007220.t3pa,08_thu_proton_daily_batch,.t3pa,1605,57,2026-05-02T19:39:57.482369+00:00,G07-W0050,1707368154.292,Thu Feb  8 05:55:54.292000 2024,20.0,80.0,3.49132,1.8.0,4,MiniPIX
08_thu_proton_daily_batch/toa_tot__r0000007220.t3pa.info,08_thu_proton_daily_batch,.t3pa.info,944,,2026-05-02T19:39:57.504874+00:00,G07-W0050,1707368154.292,Thu Feb  8 05:55:54.292000 2024,20.0,80.0,3.49132,1.8.0,4,MiniPIX
08_thu_proton_daily_batch/toa_tot__r0000007221.t3pa,08_thu_proton_daily_batch,.t3pa,919,33,2026-05-02T19:39:57.462593+00:00,G07-W0050,1707368174.541,Thu Feb  8 05:56:14.540999 2024,20.0,80.0,3.49132,1.8.0,4,MiniPIX
08_thu_proton_daily_batch/toa_tot__r0000007221.t3pa.info,08_thu_proton_daily_batch,.t3pa.info,944,,2026-05-02T19:39:57.450884+00:00,G07-W0050,1707368174.541,Thu Feb  8 05:56:14.540999 2024,20.0,80.0,3.49132,1.8.0,4,MiniPIX
08_thu_proton_daily_batch/toa_tot__r0000007222.t3pa,08_thu_proton_daily_batch,.t3pa,960,34,2026-05-02T19:39:57.504776+00:00,G07-W0050,1707368194.774,Thu Feb  8 05:56:34.773999 2024,20.0,80.0,3.49132,1.8.0,4,MiniPIX
08_thu_proton_daily_batch/toa_tot__r0000007222.t3pa.info,08_thu_proton_daily_batch,.t3pa.info,944,,2026-05-02T19:39:57.445060+00:00,G07-W0050,1707368194.774,Thu Feb  8 05:56:34.773999 2024,20.0,80.0,3.49132,1.8.0,4,MiniPIX
08_thu_proton_daily_batch/toa_tot__r0000007223.t3pa,08_thu_proton_daily_batch,.t3pa,1947,71,2026-05-02T19:39:57.453685+00:00,G07-W0050,1707368215.007,Thu Feb  8 05:56:55.006999 2024,20.0,80.0,3.49132,1.8.0,4,MiniPIX
08_thu_proton_daily_batch/toa_tot__r0000007223.t3pa.info,08_thu_proton_daily_batch,.t3pa.info,944,,2026-05-02T19:39:57.485083+00:00,G07-W0050,1707368215.007,Thu Feb  8 05:56:55.006999 2024,20.0,80.0,3.49132,1.8.0,4,MiniPIX
08_thu_proton_daily_batch/toa_tot__r0000007224.t3pa,08_thu_proton_daily_batch,.t3pa,4572,166,2026-05-02T19:39:57.453475+00:00,G07-W0050,1707368235.24,Thu Feb  8 05:57:15.240000 2024,20.0,80.0,3.49132,1.8.0,4,MiniPIX
08_thu_proton_daily_batch/toa_tot__r0000007224.t3pa.info,08_thu_proton_daily_batch,.t3pa.info,944,,2026-05-02T19:39:57.483199+00:00,G07-W0050,1707368235.24,Thu Feb  8 05:57:15.240000 2024,20.0,80.0,3.49132,1.8.0,4,MiniPIX
08_thu_proton_daily_batch/toa_tot__r0000007225.t3pa,08_thu_proton_daily_batch,.t3pa,995,36,2026-05-02T19:39:57.451943+00:00,G07-W0050,1707368255.473,Thu Feb  8 05:57:35.473000 2024,20.0,80.0,3.49132,1.8.0,4,MiniPIX
08_thu_proton_daily_batch/toa_tot__r0000007225.t3pa.info,08_thu_proton_daily_batch,.t3pa.info,944,,2026-05-02T19:39:57.463094+00:00,G07-W0050,1707368255.473,Thu Feb  8 05:57:35.473000 2024,20.0,80.0,3.49132,1.8.0,4,MiniPIX
08_thu_proton_daily_batch/toa_tot__r0000007226.t3pa,08_thu_proton_daily_batch,.t3pa,431,15,2026-05-02T19:39:57.446063+00:00,G07-W0050,1707368275.706,Thu Feb  8 05:57:55.706000 2024,20.0,80.0,3.49132,1.8.0,4,MiniPIX
08_thu_proton_daily_batch/toa_tot__r0000007226.t3pa.info,08_thu_proton_daily_batch,.t3pa.info,944,,2026-05-02T19:39:57.446831+00:00,G07-W0050,1707368275.706,Thu Feb  8 05:57:55.706000 2024,20.0,80.0,3.49132,1.8.0,4,MiniPIX
08_thu_proton_daily_batch/toa_tot__r0000007227.t3pa,08_thu_proton_daily_batch,.t3pa,1196,43,2026-05-02T19:39:57.483789+00:00,G07-W0050,1707368295.939,Thu Feb  8 05:58:15.938999 2024,20.0,80.0,3.49132,1.8.0,4,MiniPIX
08_thu_proton_daily_batch/toa_tot__r0000007227.t3pa.info,08_thu_proton_daily_batch,.t3pa.info,944,,2026-05-02T19:39:57.482543+00:00,G07-W0050,1707368295.939,Thu Feb  8 05:58:15.938999 2024,20.0,80.0,3.49132,1.8.0,4,MiniPIX
08_thu_proton_daily_batch/toa_tot__r0000007228.t3pa,08_thu_proton_daily_batch,.t3pa,1268,46,2026-05-02T19:39:57.462786+00:00,G07-W0050,1707368316.176,Thu Feb  8 05:58:36.176000 2024,20.0,80.0,3.49132,1.8.0,4,MiniPIX
08_thu_proton_daily_batch/toa_tot__r0000007228.t3pa.info,08_thu_proton_daily_batch,.t3pa.info,944,,2026-05-02T19:39:57.484879+00:00,G07-W0050,1707368316.176,Thu Feb  8 05:58:36.176000 2024,20.0,80.0,3.49132,1.8.0,4,MiniPIX
08_thu_proton_daily_batch/toa_tot__r0000007229.t3pa,08_thu_proton_daily_batch,.t3pa,575,20,2026-05-02T19:39:57.485107+00:00,G07-W0050,1707368336.425,Thu Feb  8 05:58:56.424999 2024,20.0,80.0,3.49132,1.8.0,4,MiniPIX
08_thu_proton_daily_batch/toa_tot__r0000007229.t3pa.info,08_thu_proton_daily_batch,.t3pa.info,944,,2026-05-02T19:39:57.499289+00:00,G07-W0050,1707368336.425,Thu Feb  8 05:58:56.424999 2024,20.0,80.0,3.49132,1.8.0,4,MiniPIX
08_thu_proton_daily_batch/toa_tot__r0000007230.t3pa,08_thu_proton_daily_batch,.t3pa,520,18,2026-05-02T19:39:57.483269+00:00,G07-W0050,1707368356.657,Thu Feb  8 05:59:16.657000 2024,20.0,80.0,3.49132,1.8.0,4,MiniPIX
08_thu_proton_daily_batch/toa_tot__r0000007230.t3pa.info,08_thu_proton_daily_batch,.t3pa.info,944,,2026-05-02T19:39:57.499243+00:00,G07-W0050,1707368356.657,Thu Feb  8 05:59:16.657000 2024,20.0,80.0,3.49132,1.8.0,4,MiniPIX
08_thu_proton_daily_batch/toa_tot__r0000007231.t3pa,08_thu_proton_daily_batch,.t3pa,1063,38,2026-05-02T19:39:57.450631+00:00,G07-W0050,1707368376.89,Thu Feb  8 05:59:36.890000 2024,20.0,80.0,3.49132,1.8.0,4,MiniPIX
08_thu_proton_daily_batch/toa_tot__r0000007231.t3pa.info,08_thu_proton_daily_batch,.t3pa.info,944,,2026-05-02T19:39:57.482862+00:00,G07-W0050,1707368376.89,Thu Feb  8 05:59:36.890000 2024,20.0,80.0,3.49132,1.8.0,4,MiniPIX
08_thu_proton_daily_batch/toa_tot__r0000007232.t3pa,08_thu_proton_daily_batch,.t3pa,651,23,2026-05-02T19:39:57.483009+00:00,G07-W0050,1707368397.124,Thu Feb  8 05:59:57.124000 2024,20.0,80.0,3.49132,1.8.0,4,MiniPIX
08_thu_proton_daily_batch/toa_tot__r0000007232.t3pa.info,08_thu_proton_daily_batch,.t3pa.info,944,,2026-05-02T19:39:57.484430+00:00,G07-W0050,1707368397.124,Thu Feb  8 05:59:57.124000 2024,20.0,80.0,3.49132,1.8.0,4,MiniPIX
08_thu_proton_daily_batch/toa_tot__r0000007233.t3pa,08_thu_proton_daily_batch,.t3pa,1299,46,2026-05-02T19:39:57.483057+00:00,G07-W0050,1707368417.357,Thu Feb  8 06:00:17.357000 2024,20.0,80.0,3.49132,1.8.0,4,MiniPIX
08_thu_proton_daily_batch/toa_tot__r0000007233.t3pa.info,08_thu_proton_daily_batch,.t3pa.info,944,,2026-05-02T19:39:57.484578+00:00,G07-W0050,1707368417.357,Thu Feb  8 06:00:17.357000 2024,20.0,80.0,3.49132,1.8.0,4,MiniPIX
08_thu_proton_daily_batch/toa_tot__r0000007234.t3pa,08_thu_proton_daily_batch,.t3pa,700,25,2026-05-02T19:39:57.445483+00:00,G07-W0050,1707368437.59,Thu Feb  8 06:00:37.589999 2024,20.0,80.0,3.49132,1.8.0,4,MiniPIX
08_thu_proton_daily_batch/toa_tot__r0000007234.t3pa.info,08_thu_proton_daily_batch,.t3pa.info,944,,2026-05-02T19:39:57.505380+00:00,G07-W0050,1707368437.59,Thu Feb  8 06:00:37.589999 2024,20.0,80.0,3.49132,1.8.0,4,MiniPIX
08_thu_proton_daily_batch/toa_tot__r0000007235.t3pa,08_thu_proton_daily_batch,.t3pa,486,17,2026-05-02T19:39:57.505286+00:00,G07-W0050,1707368457.807,Thu Feb  8 06:00:57.806999 2024,20.0,80.0,3.49132,1.8.0,4,MiniPIX
08_thu_proton_daily_batch/toa_tot__r0000007235.t3pa.info,08_thu_proton_daily_batch,.t3pa.info,944,,2026-05-02T19:39:57.489042+00:00,G07-W0050,1707368457.807,Thu Feb  8 06:00:57.806999 2024,20.0,80.0,3.49132,1.8.0,4,MiniPIX
08_thu_proton_daily_batch/toa_tot__r0000007236.t3pa,08_thu_proton_daily_batch,.t3pa,571,20,2026-05-02T19:39:57.451497+00:00,G07-W0050,1707368478.055,Thu Feb  8 06:01:18.055000 2024,20.0,80.0,3.49132,1.8.0,4,MiniPIX
08_thu_proton_daily_batch/toa_tot__r0000007236.t3pa.info,08_thu_proton_daily_batch,.t3pa.info,944,,2026-05-02T19:39:57.450131+00:00,G07-W0050,1707368478.055,Thu Feb  8 06:01:18.055000 2024,20.0,80.0,3.49132,1.8.0,4,MiniPIX
08_thu_proton_daily_batch/toa_tot__r0000007237.t3pa,08_thu_proton_daily_batch,.t3pa,843,30,2026-05-02T19:39:57.452969+00:00,G07-W0050,1707368498.288,Thu Feb  8 06:01:38.288000 2024,20.0,80.0,3.49132,1.8.0,4,MiniPIX
08_thu_proton_daily_batch/toa_tot__r0000007237.t3pa.info,08_thu_proton_daily_batch,.t3pa.info,944,,2026-05-02T19:39:57.451633+00:00,G07-W0050,1707368498.288,Thu Feb  8 06:01:38.288000 2024,20.0,80.0,3.49132,1.8.0,4,MiniPIX
08_thu_proton_daily_batch/toa_tot__r0000007238.t3pa,08_thu_proton_daily_batch,.t3pa,1062,38,2026-05-02T19:39:57.498810+00:00,G07-W0050,1707368518.521,Thu Feb  8 06:01:58.520999 2024,20.0,80.0,3.49132,1.8.0,4,MiniPIX
08_thu_proton_daily_batch/toa_tot__r0000007238.t3pa.info,08_thu_proton_daily_batch,.t3pa.info,944,,2026-05-02T19:39:57.498912+00:00,G07-W0050,1707368518.521,Thu Feb  8 06:01:58.520999 2024,20.0,80.0,3.49132,1.8.0,4,MiniPIX
08_thu_proton_daily_batch/toa_tot__r0000007239.t3pa,08_thu_proton_daily_batch,.t3pa,1559,56,2026-05-02T19:39:57.453389+00:00,G07-W0050,1707368538.738,Thu Feb  8 06:02:18.737999 2024,20.0,80.0,3.49132,1.8.0,4,MiniPIX
08_thu_proton_daily_batch/toa_tot__r0000007239.t3pa.info,08_thu_proton_daily_batch,.t3pa.info,944,,2026-05-02T19:39:57.500807+00:00,G07-W0050,1707368538.738,Thu Feb  8 06:02:18.737999 2024,20.0,80.0,3.49132,1.8.0,4,MiniPIX
08_thu_proton_daily_batch/toa_tot__r0000007240.t3pa,08_thu_proton_daily_batch,.t3pa,1544,55,2026-05-02T19:39:57.462075+00:00,G07-W0050,1707368558.987,Thu Feb  8 06:02:38.986999 2024,20.0,80.0,3.49132,1.8.0,4,MiniPIX
08_thu_proton_daily_batch/toa_tot__r0000007240.t3pa.info,08_thu_proton_daily_batch,.t3pa.info,944,,2026-05-02T19:39:57.451027+00:00,G07-W0050,1707368558.987,Thu Feb  8 06:02:38.986999 2024,20.0,80.0,3.49132,1.8.0,4,MiniPIX
08_thu_proton_daily_batch/toa_tot__r0000007241.t3pa,08_thu_proton_daily_batch,.t3pa,960,34,2026-05-02T19:39:57.498566+00:00,G07-W0050,1707368579.22,Thu Feb  8 06:02:59.220000 2024,20.0,80.0,3.49132,1.8.0,4,MiniPIX
08_thu_proton_daily_batch/toa_tot__r0000007241.t3pa.info,08_thu_proton_daily_batch,.t3pa.info,944,,2026-05-02T19:39:57.499767+00:00,G07-W0050,1707368579.22,Thu Feb  8 06:02:59.220000 2024,20.0,80.0,3.49132,1.8.0,4,MiniPIX
08_thu_proton_daily_batch/toa_tot__r0000007242.t3pa,08_thu_proton_daily_batch,.t3pa,603,21,2026-05-02T19:39:57.484267+00:00,G07-W0050,1707368599.453,Thu Feb  8 06:03:19.453000 2024,20.0,80.0,3.49132,1.8.0,4,MiniPIX
08_thu_proton_daily_batch/toa_tot__r0000007242.t3pa.info,08_thu_proton_daily_batch,.t3pa.info,944,,2026-05-02T19:39:57.445374+00:00,G07-W0050,1707368599.453,Thu Feb  8 06:03:19.453000 2024,20.0,80.0,3.49132,1.8.0,4,MiniPIX
08_thu_proton_daily_batch/toa_tot__r0000007243.t3pa,08_thu_proton_daily_batch,.t3pa,604,21,2026-05-02T19:39:57.483840+00:00,G07-W0050,1707368620.671,Thu Feb  8 06:03:40.671000 2024,20.0,80.0,3.49132,1.8.0,4,MiniPIX
08_thu_proton_daily_batch/toa_tot__r0000007243.t3pa.info,08_thu_proton_daily_batch,.t3pa.info,944,,2026-05-02T19:39:57.452248+00:00,G07-W0050,1707368620.671,Thu Feb  8 06:03:40.671000 2024,20.0,80.0,3.49132,1.8.0,4,MiniPIX
08_thu_proton_daily_batch/toa_tot__r0000007244.t3pa,08_thu_proton_daily_batch,.t3pa,1529,56,2026-05-02T19:39:57.462473+00:00,G07-W0050,1707368640.889,Thu Feb  8 06:04:00.888999 2024,20.0,80.0,3.49132,1.8.0,4,MiniPIX
08_thu_proton_daily_batch/toa_tot__r0000007244.t3pa.info,08_thu_proton_daily_batch,.t3pa.info,944,,2026-05-02T19:39:57.500580+00:00,G07-W0050,1707368640.889,Thu Feb  8 06:04:00.888999 2024,20.0,80.0,3.49132,1.8.0,4,MiniPIX
08_thu_proton_daily_batch/toa_tot__r0000007245.t3pa,08_thu_proton_daily_batch,.t3pa,1073,38,2026-05-02T19:39:57.501996+00:00,G07-W0050,1707368661.137,Thu Feb  8 06:04:21.137000 2024,20.0,80.0,3.49132,1.8.0,4,MiniPIX
08_thu_proton_daily_batch/toa_tot__r0000007245.t3pa.info,08_thu_proton_daily_batch,.t3pa.info,944,,2026-05-02T19:39:57.483957+00:00,G07-W0050,1707368661.137,Thu Feb  8 06:04:21.137000 2024,20.0,80.0,3.49132,1.8.0,4,MiniPIX
08_thu_proton_daily_batch/toa_tot__r0000007246.t3pa,08_thu_proton_daily_batch,.t3pa,1497,54,2026-05-02T19:39:57.451146+00:00,G07-W0050,1707368681.37,Thu Feb  8 06:04:41.369999 2024,20.0,80.0,3.49132,1.8.0,4,MiniPIX
08_thu_proton_daily_batch/toa_tot__r0000007246.t3pa.info,08_thu_proton_daily_batch,.t3pa.info,944,,2026-05-02T19:39:57.484603+00:00,G07-W0050,1707368681.37,Thu Feb  8 06:04:41.369999 2024,20.0,80.0,3.49132,1.8.0,4,MiniPIX
08_thu_proton_daily_batch/toa_tot__r0000007247.t3pa,08_thu_proton_daily_batch,.t3pa,1451,53,2026-05-02T19:39:57.444567+00:00,G07-W0050,1707368702.589,Thu Feb  8 06:05:02.588999 2024,20.0,80.0,3.49132,1.8.0,4,MiniPIX
08_thu_proton_daily_batch/toa_tot__r0000007247.t3pa.info,08_thu_proton_daily_batch,.t3pa.info,944,,2026-05-02T19:39:57.452415+00:00,G07-W0050,1707368702.589,Thu Feb  8 06:05:02.588999 2024,20.0,80.0,3.49132,1.8.0,4,MiniPIX
08_thu_proton_daily_batch/toa_tot__r0000007248.t3pa,08_thu_proton_daily_batch,.t3pa,486,17,2026-05-02T19:39:57.453015+00:00,G07-W0050,1707368722.823,Thu Feb  8 06:05:22.822999 2024,20.0,80.0,3.49132,1.8.0,4,MiniPIX
08_thu_proton_daily_batch/toa_tot__r0000007248.t3pa.info,08_thu_proton_daily_batch,.t3pa.info,944,,2026-05-02T19:39:57.449772+00:00,G07-W0050,1707368722.823,Thu Feb  8 06:05:22.822999 2024,20.0,80.0,3.49132,1.8.0,4,MiniPIX
08_thu_proton_daily_batch/toa_tot__r0000007249.t3pa,08_thu_proton_daily_batch,.t3pa,1079,38,2026-05-02T19:39:57.446808+00:00,G07-W0050,1707368743.055,Thu Feb  8 06:05:43.055000 2024,20.0,80.0,3.49132,1.8.0,4,MiniPIX
08_thu_proton_daily_batch/toa_tot__r0000007249.t3pa.info,08_thu_proton_daily_batch,.t3pa.info,944,,2026-05-02T19:39:57.461536+00:00,G07-W0050,1707368743.055,Thu Feb  8 06:05:43.055000 2024,20.0,80.0,3.49132,1.8.0,4,MiniPIX
08_thu_proton_daily_batch/toa_tot__r0000007250.t3pa,08_thu_proton_daily_batch,.t3pa,755,27,2026-05-02T19:39:57.489139+00:00,G07-W0050,1707368763.288,Thu Feb  8 06:06:03.288000 2024,20.0,80.0,3.49132,1.8.0,4,MiniPIX
08_thu_proton_daily_batch/toa_tot__r0000007250.t3pa.info,08_thu_proton_daily_batch,.t3pa.info,944,,2026-05-02T19:39:57.446628+00:00,G07-W0050,1707368763.288,Thu Feb  8 06:06:03.288000 2024,20.0,80.0,3.49132,1.8.0,4,MiniPIX
08_thu_proton_daily_batch/toa_tot__r0000007251.t3pa,08_thu_proton_daily_batch,.t3pa,1021,37,2026-05-02T19:39:57.484063+00:00,G07-W0050,1707368783.522,Thu Feb  8 06:06:23.522000 2024,20.0,80.0,3.49132,1.8.0,4,MiniPIX
08_thu_proton_daily_batch/toa_tot__r0000007251.t3pa.info,08_thu_proton_daily_batch,.t3pa.info,944,,2026-05-02T19:39:57.498366+00:00,G07-W0050,1707368783.522,Thu Feb  8 06:06:23.522000 2024,20.0,80.0,3.49132,1.8.0,4,MiniPIX
08_thu_proton_daily_batch/toa_tot__r0000007252.t3pa,08_thu_proton_daily_batch,.t3pa,598,21,2026-05-02T19:39:57.446332+00:00,G07-W0050,1707368803.754,Thu Feb  8 06:06:43.753999 2024,20.0,80.0,3.49132,1.8.0,4,MiniPIX
08_thu_proton_daily_batch/toa_tot__r0000007252.t3pa.info,08_thu_proton_daily_batch,.t3pa.info,944,,2026-05-02T19:39:57.499029+00:00,G07-W0050,1707368803.754,Thu Feb  8 06:06:43.753999 2024,20.0,80.0,3.49132,1.8.0,4,MiniPIX
08_thu_proton_daily_batch/toa_tot__r0000007253.t3pa,08_thu_proton_daily_batch,.t3pa,1637,60,2026-05-02T19:39:57.502532+00:00,G07-W0050,1707368823.987,Thu Feb  8 06:07:03.986999 2024,20.0,80.0,3.49132,1.8.0,4,MiniPIX
08_thu_proton_daily_batch/toa_tot__r0000007253.t3pa.info,08_thu_proton_daily_batch,.t3pa.info,944,,2026-05-02T19:39:57.461680+00:00,G07-W0050,1707368823.987,Thu Feb  8 06:07:03.986999 2024,20.0,80.0,3.49132,1.8.0,4,MiniPIX
08_thu_proton_daily_batch/toa_tot__r0000007254.t3pa,08_thu_proton_daily_batch,.t3pa,938,33,2026-05-02T19:39:57.502079+00:00,G07-W0050,1707368844.22,Thu Feb  8 06:07:24.220000 2024,20.0,80.0,3.49132,1.8.0,4,MiniPIX
08_thu_proton_daily_batch/toa_tot__r0000007254.t3pa.info,08_thu_proton_daily_batch,.t3pa.info,944,,2026-05-02T19:39:57.500703+00:00,G07-W0050,1707368844.22,Thu Feb  8 06:07:24.220000 2024,20.0,80.0,3.49132,1.8.0,4,MiniPIX
08_thu_proton_daily_batch/toa_tot__r0000007255.t3pa,08_thu_proton_daily_batch,.t3pa,1207,43,2026-05-02T19:39:57.450059+00:00,G07-W0050,1707368864.453,Thu Feb  8 06:07:44.453000 2024,20.0,80.0,3.49132,1.8.0,4,MiniPIX
08_thu_proton_daily_batch/toa_tot__r0000007255.t3pa.info,08_thu_proton_daily_batch,.t3pa.info,944,,2026-05-02T19:39:57.500758+00:00,G07-W0050,1707368864.453,Thu Feb  8 06:07:44.453000 2024,20.0,80.0,3.49132,1.8.0,4,MiniPIX
08_thu_proton_daily_batch/toa_tot__r0000007256.t3pa,08_thu_proton_daily_batch,.t3pa,1066,38,2026-05-02T19:39:57.489427+00:00,G07-W0050,1707368884.686,Thu Feb  8 06:08:04.686000 2024,20.0,80.0,3.49132,1.8.0,4,MiniPIX
08_thu_proton_daily_batch/toa_tot__r0000007256.t3pa.info,08_thu_proton_daily_batch,.t3pa.info,944,,2026-05-02T19:39:57.484113+00:00,G07-W0050,1707368884.686,Thu Feb  8 06:08:04.686000 2024,20.0,80.0,3.49132,1.8.0,4,MiniPIX
08_thu_proton_daily_batch/toa_tot__r0000007257.t3pa,08_thu_proton_daily_batch,.t3pa,932,33,2026-05-02T19:39:57.450396+00:00,G07-W0050,1707368904.919,Thu Feb  8 06:08:24.918999 2024,20.0,80.0,3.49132,1.8.0,4,MiniPIX
08_thu_proton_daily_batch/toa_tot__r0000007257.t3pa.info,08_thu_proton_daily_batch,.t3pa.info,944,,2026-05-02T19:39:57.461269+00:00,G07-W0050,1707368904.919,Thu Feb  8 06:08:24.918999 2024,20.0,80.0,3.49132,1.8.0,4,MiniPIX
08_thu_proton_daily_batch/toa_tot__r0000007258.t3pa,08_thu_proton_daily_batch,.t3pa,568,20,2026-05-02T19:39:57.484036+00:00,G07-W0050,1707368925.152,Thu Feb  8 06:08:45.151999 2024,20.0,80.0,3.49132,1.8.0,4,MiniPIX
08_thu_proton_daily_batch/toa_tot__r0000007258.t3pa.info,08_thu_proton_daily_batch,.t3pa.info,944,,2026-05-02T19:39:57.489397+00:00,G07-W0050,1707368925.152,Thu Feb  8 06:08:45.151999 2024,20.0,80.0,3.49132,1.8.0,4,MiniPIX
08_thu_proton_daily_batch/toa_tot__r0000007259.t3pa,08_thu_proton_daily_batch,.t3pa,705,25,2026-05-02T19:39:57.462617+00:00,G07-W0050,1707368945.385,Thu Feb  8 06:09:05.384999 2024,20.0,80.0,3.49132,1.8.0,4,MiniPIX
08_thu_proton_daily_batch/toa_tot__r0000007259.t3pa.info,08_thu_proton_daily_batch,.t3pa.info,944,,2026-05-02T19:39:57.505332+00:00,G07-W0050,1707368945.385,Thu Feb  8 06:09:05.384999 2024,20.0,80.0,3.49132,1.8.0,4,MiniPIX
08_thu_proton_daily_batch/toa_tot__r0000007260.t3pa,08_thu_proton_daily_batch,.t3pa,714,25,2026-05-02T19:39:57.444875+00:00,G07-W0050,1707368965.618,Thu Feb  8 06:09:25.618000 2024,20.0,80.0,3.49132,1.8.0,4,MiniPIX
08_thu_proton_daily_batch/toa_tot__r0000007260.t3pa.info,08_thu_proton_daily_batch,.t3pa.info,944,,2026-05-02T19:39:57.452393+00:00,G07-W0050,1707368965.618,Thu Feb  8 06:09:25.618000 2024,20.0,80.0,3.49132,1.8.0,4,MiniPIX
08_thu_proton_daily_batch/toa_tot__r0000007261.t3pa,08_thu_proton_daily_batch,.t3pa,327,11,2026-05-02T19:39:57.484657+00:00,G07-W0050,1707368985.851,Thu Feb  8 06:09:45.851000 2024,20.0,80.0,3.49132,1.8.0,4,MiniPIX
08_thu_proton_daily_batch/toa_tot__r0000007261.t3pa.info,08_thu_proton_daily_batch,.t3pa.info,944,,2026-05-02T19:39:57.452565+00:00,G07-W0050,1707368985.851,Thu Feb  8 06:09:45.851000 2024,20.0,80.0,3.49132,1.8.0,4,MiniPIX
08_thu_proton_daily_batch/toa_tot__r0000007262.t3pa,08_thu_proton_daily_batch,.t3pa,846,30,2026-05-02T19:39:57.485352+00:00,G07-W0050,1707369006.085,Thu Feb  8 06:10:06.085000 2024,20.0,80.0,3.49132,1.8.0,4,MiniPIX
08_thu_proton_daily_batch/toa_tot__r0000007262.t3pa.info,08_thu_proton_daily_batch,.t3pa.info,944,,2026-05-02T19:39:57.445950+00:00,G07-W0050,1707369006.085,Thu Feb  8 06:10:06.085000 2024,20.0,80.0,3.49132,1.8.0,4,MiniPIX
08_thu_proton_daily_batch/toa_tot__r0000007263.t3pa,08_thu_proton_daily_batch,.t3pa,380,13,2026-05-02T19:39:57.451237+00:00,G07-W0050,1707369026.318,Thu Feb  8 06:10:26.318000 2024,20.0,80.0,3.49132,1.8.0,4,MiniPIX
08_thu_proton_daily_batch/toa_tot__r0000007263.t3pa.info,08_thu_proton_daily_batch,.t3pa.info,944,,2026-05-02T19:39:57.451475+00:00,G07-W0050,1707369026.318,Thu Feb  8 06:10:26.318000 2024,20.0,80.0,3.49132,1.8.0,4,MiniPIX
08_thu_proton_daily_batch/toa_tot__r0000007264.t3pa,08_thu_proton_daily_batch,.t3pa,819,29,2026-05-02T19:39:57.446740+00:00,G07-W0050,1707369046.551,Thu Feb  8 06:10:46.551000 2024,20.0,80.0,3.49132,1.8.0,4,MiniPIX
08_thu_proton_daily_batch/toa_tot__r0000007264.t3pa.info,08_thu_proton_daily_batch,.t3pa.info,944,,2026-05-02T19:39:57.482815+00:00,G07-W0050,1707369046.551,Thu Feb  8 06:10:46.551000 2024,20.0,80.0,3.49132,1.8.0,4,MiniPIX
08_thu_proton_daily_batch/toa_tot__r0000007265.t3pa,08_thu_proton_daily_batch,.t3pa,545,19,2026-05-02T19:39:57.461341+00:00,G07-W0050,1707369066.784,Thu Feb  8 06:11:06.783999 2024,20.0,80.0,3.49132,1.8.0,4,MiniPIX
08_thu_proton_daily_batch/toa_tot__r0000007265.t3pa.info,08_thu_proton_daily_batch,.t3pa.info,944,,2026-05-02T19:39:57.499074+00:00,G07-W0050,1707369066.784,Thu Feb  8 06:11:06.783999 2024,20.0,80.0,3.49132,1.8.0,4,MiniPIX
08_thu_proton_daily_batch/toa_tot__r0000007266.t3pa,08_thu_proton_daily_batch,.t3pa,1610,57,2026-05-02T19:39:57.451429+00:00,G07-W0050,1707369087.017,Thu Feb  8 06:11:27.016999 2024,20.0,80.0,3.49132,1.8.0,4,MiniPIX
08_thu_proton_daily_batch/toa_tot__r0000007266.t3pa.info,08_thu_proton_daily_batch,.t3pa.info,944,,2026-05-02T19:39:57.463432+00:00,G07-W0050,1707369087.017,Thu Feb  8 06:11:27.016999 2024,20.0,80.0,3.49132,1.8.0,4,MiniPIX
08_thu_proton_daily_batch/toa_tot__r0000007267.t3pa,08_thu_proton_daily_batch,.t3pa,704,25,2026-05-02T19:39:57.499195+00:00,G07-W0050,1707369107.251,Thu Feb  8 06:11:47.250999 2024,20.0,80.0,3.49132,1.8.0,4,MiniPIX
08_thu_proton_daily_batch/toa_tot__r0000007267.t3pa.info,08_thu_proton_daily_batch,.t3pa.info,944,,2026-05-02T19:39:57.489232+00:00,G07-W0050,1707369107.251,Thu Feb  8 06:11:47.250999 2024,20.0,80.0,3.49132,1.8.0,4,MiniPIX
08_thu_proton_daily_batch/toa_tot__r0000007268.t3pa,08_thu_proton_daily_batch,.t3pa,735,26,2026-05-02T19:39:57.499903+00:00,G07-W0050,1707369127.483,Thu Feb  8 06:12:07.483000 2024,20.0,80.0,3.49132,1.8.0,4,MiniPIX
08_thu_proton_daily_batch/toa_tot__r0000007268.t3pa.info,08_thu_proton_daily_batch,.t3pa.info,944,,2026-05-02T19:39:57.461219+00:00,G07-W0050,1707369127.483,Thu Feb  8 06:12:07.483000 2024,20.0,80.0,3.49132,1.8.0,4,MiniPIX
08_thu_proton_daily_batch/toa_tot__r0000007269.t3pa,08_thu_proton_daily_batch,.t3pa,932,33,2026-05-02T19:39:57.452924+00:00,G07-W0050,1707369147.721,Thu Feb  8 06:12:27.720999 2024,20.0,80.0,3.49132,1.8.0,4,MiniPIX
08_thu_proton_daily_batch/toa_tot__r0000007269.t3pa.info,08_thu_proton_daily_batch,.t3pa.info,944,,2026-05-02T19:39:57.500604+00:00,G07-W0050,1707369147.721,Thu Feb  8 06:12:27.720999 2024,20.0,80.0,3.49132,1.8.0,4,MiniPIX
08_thu_proton_daily_batch/toa_tot__r0000007270.t3pa,08_thu_proton_daily_batch,.t3pa,2281,84,2026-05-02T19:39:57.483404+00:00,G07-W0050,1707369167.954,Thu Feb  8 06:12:47.953999 2024,20.0,80.0,3.49132,1.8.0,4,MiniPIX
08_thu_proton_daily_batch/toa_tot__r0000007270.t3pa.info,08_thu_proton_daily_batch,.t3pa.info,944,,2026-05-02T19:39:57.504846+00:00,G07-W0050,1707369167.954,Thu Feb  8 06:12:47.953999 2024,20.0,80.0,3.49132,1.8.0,4,MiniPIX
08_thu_proton_daily_batch/toa_tot__r0000007271.t3pa,08_thu_proton_daily_batch,.t3pa,759,27,2026-05-02T19:39:57.446454+00:00,G07-W0050,1707369188.187,Thu Feb  8 06:13:08.187000 2024,20.0,80.0,3.49132,1.8.0,4,MiniPIX
08_thu_proton_daily_batch/toa_tot__r0000007271.t3pa.info,08_thu_proton_daily_batch,.t3pa.info,944,,2026-05-02T19:39:57.500416+00:00,G07-W0050,1707369188.187,Thu Feb  8 06:13:08.187000 2024,20.0,80.0,3.49132,1.8.0,4,MiniPIX
08_thu_proton_daily_batch/toa_tot__r0000007272.t3pa,08_thu_proton_daily_batch,.t3pa,1318,47,2026-05-02T19:39:57.450347+00:00,G07-W0050,1707369208.42,Thu Feb  8 06:13:28.420000 2024,20.0,80.0,3.49132,1.8.0,4,MiniPIX
08_thu_proton_daily_batch/toa_tot__r0000007272.t3pa.info,08_thu_proton_daily_batch,.t3pa.info,944,,2026-05-02T19:39:57.451355+00:00,G07-W0050,1707369208.42,Thu Feb  8 06:13:28.420000 2024,20.0,80.0,3.49132,1.8.0,4,MiniPIX
08_thu_proton_daily_batch/toa_tot__r0000007273.t3pa,08_thu_proton_daily_batch,.t3pa,902,32,2026-05-02T19:39:57.505404+00:00,G07-W0050,1707369228.653,Thu Feb  8 06:13:48.653000 2024,20.0,80.0,3.49132,1.8.0,4,MiniPIX
08_thu_proton_daily_batch/toa_tot__r0000007273.t3pa.info,08_thu_proton_daily_batch,.t3pa.info,944,,2026-05-02T19:39:57.462242+00:00,G07-W0050,1707369228.653,Thu Feb  8 06:13:48.653000 2024,20.0,80.0,3.49132,1.8.0,4,MiniPIX
08_thu_proton_daily_batch/toa_tot__r0000007274.t3pa,08_thu_proton_daily_batch,.t3pa,647,23,2026-05-02T19:39:57.502473+00:00,G07-W0050,1707369248.885,Thu Feb  8 06:14:08.884999 2024,20.0,80.0,3.49132,1.8.0,4,MiniPIX
08_thu_proton_daily_batch/toa_tot__r0000007274.t3pa.info,08_thu_proton_daily_batch,.t3pa.info,944,,2026-05-02T19:39:57.501423+00:00,G07-W0050,1707369248.885,Thu Feb  8 06:14:08.884999 2024,20.0,80.0,3.49132,1.8.0,4,MiniPIX
08_thu_proton_daily_batch/toa_tot__r0000007275.t3pa,08_thu_proton_daily_batch,.t3pa,999,36,2026-05-02T19:39:57.463136+00:00,G07-W0050,1707369269.118,Thu Feb  8 06:14:29.118000 2024,20.0,80.0,3.49132,1.8.0,4,MiniPIX
08_thu_proton_daily_batch/toa_tot__r0000007275.t3pa.info,08_thu_proton_daily_batch,.t3pa.info,944,,2026-05-02T19:39:57.502254+00:00,G07-W0050,1707369269.118,Thu Feb  8 06:14:29.118000 2024,20.0,80.0,3.49132,1.8.0,4,MiniPIX
08_thu_proton_daily_batch/toa_tot__r0000007276.t3pa,08_thu_proton_daily_batch,.t3pa,1956,70,2026-05-02T19:39:57.446504+00:00,G07-W0050,1707369289.351,Thu Feb  8 06:14:49.351000 2024,20.0,80.0,3.49132,1.8.0,4,MiniPIX
08_thu_proton_daily_batch/toa_tot__r0000007276.t3pa.info,08_thu_proton_daily_batch,.t3pa.info,944,,2026-05-02T19:39:57.498958+00:00,G07-W0050,1707369289.351,Thu Feb  8 06:14:49.351000 2024,20.0,80.0,3.49132,1.8.0,4,MiniPIX
08_thu_proton_daily_batch/toa_tot__r0000007277.t3pa,08_thu_proton_daily_batch,.t3pa,1994,72,2026-05-02T19:39:57.484212+00:00,G07-W0050,1707369309.584,Thu Feb  8 06:15:09.584000 2024,20.0,80.0,3.49132,1.8.0,4,MiniPIX
08_thu_proton_daily_batch/toa_tot__r0000007277.t3pa.info,08_thu_proton_daily_batch,.t3pa.info,944,,2026-05-02T19:39:57.502325+00:00,G07-W0050,1707369309.584,Thu Feb  8 06:15:09.584000 2024,20.0,80.0,3.49132,1.8.0,4,MiniPIX
08_thu_proton_daily_batch/toa_tot__r0000007278.t3pa,08_thu_proton_daily_batch,.t3pa,1158,41,2026-05-02T19:39:57.461438+00:00,G07-W0050,1707369329.817,Thu Feb  8 06:15:29.816999 2024,20.0,80.0,3.49132,1.8.0,4,MiniPIX
08_thu_proton_daily_batch/toa_tot__r0000007278.t3pa.info,08_thu_proton_daily_batch,.t3pa.info,944,,2026-05-02T19:39:57.450474+00:00,G07-W0050,1707369329.817,Thu Feb  8 06:15:29.816999 2024,20.0,80.0,3.49132,1.8.0,4,MiniPIX
08_thu_proton_daily_batch/toa_tot__r0000007279.t3pa,08_thu_proton_daily_batch,.t3pa,2385,86,2026-05-02T19:39:57.451778+00:00,G07-W0050,1707369350.066,Thu Feb  8 06:15:50.065999 2024,20.0,80.0,3.49132,1.8.0,4,MiniPIX
08_thu_proton_daily_batch/toa_tot__r0000007279.t3pa.info,08_thu_proton_daily_batch,.t3pa.info,944,,2026-05-02T19:39:57.482934+00:00,G07-W0050,1707369350.066,Thu Feb  8 06:15:50.065999 2024,20.0,80.0,3.49132,1.8.0,4,MiniPIX
08_thu_proton_daily_batch/toa_tot__r0000007280.t3pa,08_thu_proton_daily_batch,.t3pa,980,36,2026-05-02T19:39:57.461485+00:00,G07-W0050,1707369370.299,Thu Feb  8 06:16:10.299000 2024,20.0,80.0,3.49132,1.8.0,4,MiniPIX
08_thu_proton_daily_batch/toa_tot__r0000007280.t3pa.info,08_thu_proton_daily_batch,.t3pa.info,944,,2026-05-02T19:39:57.501171+00:00,G07-W0050,1707369370.299,Thu Feb  8 06:16:10.299000 2024,20.0,80.0,3.49132,1.8.0,4,MiniPIX
08_thu_proton_daily_batch/toa_tot__r0000007281.t3pa,08_thu_proton_daily_batch,.t3pa,823,29,2026-05-02T19:39:57.489472+00:00,G07-W0050,1707369390.531,Thu Feb  8 06:16:30.530999 2024,20.0,80.0,3.49132,1.8.0,4,MiniPIX
08_thu_proton_daily_batch/toa_tot__r0000007281.t3pa.info,08_thu_proton_daily_batch,.t3pa.info,944,,2026-05-02T19:39:57.445131+00:00,G07-W0050,1707369390.531,Thu Feb  8 06:16:30.530999 2024,20.0,80.0,3.49132,1.8.0,4,MiniPIX
08_thu_proton_daily_batch/toa_tot__r0000007282.t3pa,08_thu_proton_daily_batch,.t3pa,1317,47,2026-05-02T19:39:57.483680+00:00,G07-W0050,1707369410.749,Thu Feb  8 06:16:50.749000 2024,20.0,80.0,3.49132,1.8.0,4,MiniPIX
08_thu_proton_daily_batch/toa_tot__r0000007282.t3pa.info,08_thu_proton_daily_batch,.t3pa.info,944,,2026-05-02T19:39:57.489450+00:00,G07-W0050,1707369410.749,Thu Feb  8 06:16:50.749000 2024,20.0,80.0,3.49132,1.8.0,4,MiniPIX
08_thu_proton_daily_batch/toa_tot__r0000007283.t3pa,08_thu_proton_daily_batch,.t3pa,626,22,2026-05-02T19:39:57.462808+00:00,G07-W0050,1707369430.997,Thu Feb  8 06:17:10.996999 2024,20.0,80.0,3.49132,1.8.0,4,MiniPIX
08_thu_proton_daily_batch/toa_tot__r0000007283.t3pa.info,08_thu_proton_daily_batch,.t3pa.info,944,,2026-05-02T19:39:57.484480+00:00,G07-W0050,1707369430.997,Thu Feb  8 06:17:10.996999 2024,20.0,80.0,3.49132,1.8.0,4,MiniPIX
08_thu_proton_daily_batch/toa_tot__r0000007284.t3pa,08_thu_proton_daily_batch,.t3pa,1073,38,2026-05-02T19:39:57.462266+00:00,G07-W0050,1707369451.23,Thu Feb  8 06:17:31.230000 2024,20.0,80.0,3.49132,1.8.0,4,MiniPIX
08_thu_proton_daily_batch/toa_tot__r0000007284.t3pa.info,08_thu_proton_daily_batch,.t3pa.info,944,,2026-05-02T19:39:57.463358+00:00,G07-W0050,1707369451.23,Thu Feb  8 06:17:31.230000 2024,20.0,80.0,3.49132,1.8.0,4,MiniPIX
08_thu_proton_daily_batch/toa_tot__r0000007285.t3pa,08_thu_proton_daily_batch,.t3pa,547,19,2026-05-02T19:39:57.449869+00:00,G07-W0050,1707369471.463,Thu Feb  8 06:17:51.463000 2024,20.0,80.0,3.49132,1.8.0,4,MiniPIX
08_thu_proton_daily_batch/toa_tot__r0000007285.t3pa.info,08_thu_proton_daily_batch,.t3pa.info,944,,2026-05-02T19:39:57.445175+00:00,G07-W0050,1707369471.463,Thu Feb  8 06:17:51.463000 2024,20.0,80.0,3.49132,1.8.0,4,MiniPIX
08_thu_proton_daily_batch/toa_tot__r0000007286.t3pa,08_thu_proton_daily_batch,.t3pa,794,28,2026-05-02T19:39:57.452753+00:00,G07-W0050,1707369491.696,Thu Feb  8 06:18:11.696000 2024,20.0,80.0,3.49132,1.8.0,4,MiniPIX
08_thu_proton_daily_batch/toa_tot__r0000007286.t3pa.info,08_thu_proton_daily_batch,.t3pa.info,944,,2026-05-02T19:39:57.499639+00:00,G07-W0050,1707369491.696,Thu Feb  8 06:18:11.696000 2024,20.0,80.0,3.49132,1.8.0,4,MiniPIX
08_thu_proton_daily_batch/toa_tot__r0000007287.t3pa,08_thu_proton_daily_batch,.t3pa,468,16,2026-05-02T19:39:57.485533+00:00,G07-W0050,1707369511.929,Thu Feb  8 06:18:31.928999 2024,20.0,80.0,3.49132,1.8.0,4,MiniPIX
08_thu_proton_daily_batch/toa_tot__r0000007287.t3pa.info,08_thu_proton_daily_batch,.t3pa.info,944,,2026-05-02T19:39:57.489305+00:00,G07-W0050,1707369511.929,Thu Feb  8 06:18:31.928999 2024,20.0,80.0,3.49132,1.8.0,4,MiniPIX
08_thu_proton_daily_batch/toa_tot__r0000007288.t3pa,08_thu_proton_daily_batch,.t3pa,2404,86,2026-05-02T19:39:57.498888+00:00,G07-W0050,1707369532.162,Thu Feb  8 06:18:52.161999 2024,20.0,80.0,3.49132,1.8.0,4,MiniPIX
08_thu_proton_daily_batch/toa_tot__r0000007288.t3pa.info,08_thu_proton_daily_batch,.t3pa.info,944,,2026-05-02T19:39:57.452370+00:00,G07-W0050,1707369532.162,Thu Feb  8 06:18:52.161999 2024,20.0,80.0,3.49132,1.8.0,4,MiniPIX
08_thu_proton_daily_batch/toa_tot__r0000007289.t3pa,08_thu_proton_daily_batch,.t3pa,1101,39,2026-05-02T19:39:57.502027+00:00,G07-W0050,1707369552.395,Thu Feb  8 06:19:12.394999 2024,20.0,80.0,3.49132,1.8.0,4,MiniPIX
08_thu_proton_daily_batch/toa_tot__r0000007289.t3pa.info,08_thu_proton_daily_batch,.t3pa.info,944,,2026-05-02T19:39:57.461165+00:00,G07-W0050,1707369552.395,Thu Feb  8 06:19:12.394999 2024,20.0,80.0,3.49132,1.8.0,4,MiniPIX
08_thu_proton_daily_batch/toa_tot__r0000007290.t3pa,08_thu_proton_daily_batch,.t3pa,674,24,2026-05-02T19:39:57.450036+00:00,G07-W0050,1707369572.628,Thu Feb  8 06:19:32.628000 2024,20.0,80.0,3.49132,1.8.0,4,MiniPIX
08_thu_proton_daily_batch/toa_tot__r0000007290.t3pa.info,08_thu_proton_daily_batch,.t3pa.info,944,,2026-05-02T19:39:57.501926+00:00,G07-W0050,1707369572.628,Thu Feb  8 06:19:32.628000 2024,20.0,80.0,3.49132,1.8.0,4,MiniPIX
08_thu_proton_daily_batch/toa_tot__r0000007291.t3pa,08_thu_proton_daily_batch,.t3pa,732,26,2026-05-02T19:39:57.444920+00:00,G07-W0050,1707369592.845,Thu Feb  8 06:19:52.845000 2024,20.0,80.0,3.49132,1.8.0,4,MiniPIX
08_thu_proton_daily_batch/toa_tot__r0000007291.t3pa.info,08_thu_proton_daily_batch,.t3pa.info,944,,2026-05-02T19:39:57.450271+00:00,G07-W0050,1707369592.845,Thu Feb  8 06:19:52.845000 2024,20.0,80.0,3.49132,1.8.0,4,MiniPIX
08_thu_proton_daily_batch/toa_tot__r0000007292.t3pa,08_thu_proton_daily_batch,.t3pa,710,25,2026-05-02T19:39:57.462641+00:00,G07-W0050,1707369613.094,Thu Feb  8 06:20:13.094000 2024,20.0,80.0,3.49132,1.8.0,4,MiniPIX
08_thu_proton_daily_batch/toa_tot__r0000007292.t3pa.info,08_thu_proton_daily_batch,.t3pa.info,944,,2026-05-02T19:39:57.451521+00:00,G07-W0050,1707369613.094,Thu Feb  8 06:20:13.094000 2024,20.0,80.0,3.49132,1.8.0,4,MiniPIX
08_thu_proton_daily_batch/toa_tot__r0000007293.t3pa,08_thu_proton_daily_batch,.t3pa,15343705,487940,2026-05-02T19:39:57.479749+00:00,G07-W0050,1707369633.327,Thu Feb  8 06:20:33.326999 2024,20.0,80.0,3.49132,1.8.0,4,MiniPIX
08_thu_proton_daily_batch/toa_tot__r0000007293.t3pa.info,08_thu_proton_daily_batch,.t3pa.info,944,,2026-05-02T19:39:57.462357+00:00,G07-W0050,1707369633.327,Thu Feb  8 06:20:33.326999 2024,20.0,80.0,3.49132,1.8.0,4,MiniPIX
08_thu_proton_daily_batch/toa_tot__r0000007294.t3pa,08_thu_proton_daily_batch,.t3pa,3309978,108049,2026-05-02T19:39:57.465749+00:00,G07-W0050,1707369653.841,Thu Feb  8 06:20:53.841000 2024,20.0,80.0,3.49132,1.8.0,4,MiniPIX
08_thu_proton_daily_batch/toa_tot__r0000007294.t3pa.info,08_thu_proton_daily_batch,.t3pa.info,944,,2026-05-02T19:39:57.499333+00:00,G07-W0050,1707369653.841,Thu Feb  8 06:20:53.841000 2024,20.0,80.0,3.49132,1.8.0,4,MiniPIX
08_thu_proton_daily_batch/toa_tot__r0000007295.t3pa,08_thu_proton_daily_batch,.t3pa,7028671,227628,2026-05-02T19:39:57.458749+00:00,G07-W0050,1707369674.417,Thu Feb  8 06:21:14.417000 2024,20.0,80.0,3.49132,1.8.0,4,MiniPIX
08_thu_proton_daily_batch/toa_tot__r0000007295.t3pa.info,08_thu_proton_daily_batch,.t3pa.info,944,,2026-05-02T19:39:57.446281+00:00,G07-W0050,1707369674.417,Thu Feb  8 06:21:14.417000 2024,20.0,80.0,3.49132,1.8.0,4,MiniPIX
08_thu_proton_daily_batch/toa_tot__r0000007296.t3pa,08_thu_proton_daily_batch,.t3pa,8723457,279297,2026-05-02T19:39:57.495750+00:00,G07-W0050,1707369694.963,Thu Feb  8 06:21:34.963000 2024,20.0,80.0,3.49132,1.8.0,4,MiniPIX
08_thu_proton_daily_batch/toa_tot__r0000007296.t3pa.info,08_thu_proton_daily_batch,.t3pa.info,944,,2026-05-02T19:39:57.446018+00:00,G07-W0050,1707369694.963,Thu Feb  8 06:21:34.963000 2024,20.0,80.0,3.49132,1.8.0,4,MiniPIX
08_thu_proton_daily_batch/toa_tot__r0000007297.t3pa,08_thu_proton_daily_batch,.t3pa,9513,338,2026-05-02T19:39:57.453590+00:00,G07-W0050,1707369715.586,Thu Feb  8 06:21:55.585999 2024,20.0,80.0,3.49132,1.8.0,4,MiniPIX
08_thu_proton_daily_batch/toa_tot__r0000007297.t3pa.info,08_thu_proton_daily_batch,.t3pa.info,944,,2026-05-02T19:39:57.500101+00:00,G07-W0050,1707369715.586,Thu Feb  8 06:21:55.585999 2024,20.0,80.0,3.49132,1.8.0,4,MiniPIX
08_thu_proton_daily_batch/toa_tot__r0000007298.t3pa,08_thu_proton_daily_batch,.t3pa,5423,193,2026-05-02T19:39:57.502357+00:00,G07-W0050,1707369735.819,Thu Feb  8 06:22:15.819000 2024,20.0,80.0,3.49132,1.8.0,4,MiniPIX
08_thu_proton_daily_batch/toa_tot__r0000007298.t3pa.info,08_thu_proton_daily_batch,.t3pa.info,944,,2026-05-02T19:39:57.451452+00:00,G07-W0050,1707369735.819,Thu Feb  8 06:22:15.819000 2024,20.0,80.0,3.49132,1.8.0,4,MiniPIX
08_thu_proton_daily_batch/toa_tot__r0000007299.t3pa,08_thu_proton_daily_batch,.t3pa,6932,245,2026-05-02T19:39:57.499671+00:00,G07-W0050,1707369756.037,Thu Feb  8 06:22:36.036999 2024,20.0,80.0,3.49132,1.8.0,4,MiniPIX
08_thu_proton_daily_batch/toa_tot__r0000007299.t3pa.info,08_thu_proton_daily_batch,.t3pa.info,944,,2026-05-02T19:39:57.502173+00:00,G07-W0050,1707369756.037,Thu Feb  8 06:22:36.036999 2024,20.0,80.0,3.49132,1.8.0,4,MiniPIX
08_thu_proton_daily_batch/toa_tot__r0000007300.t3pa,08_thu_proton_daily_batch,.t3pa,7629,272,2026-05-02T19:39:57.453942+00:00,G07-W0050,1707369776.285,Thu Feb  8 06:22:56.285000 2024,20.0,80.0,3.49132,1.8.0,4,MiniPIX
08_thu_proton_daily_batch/toa_tot__r0000007300.t3pa.info,08_thu_proton_daily_batch,.t3pa.info,944,,2026-05-02T19:39:57.484957+00:00,G07-W0050,1707369776.285,Thu Feb  8 06:22:56.285000 2024,20.0,80.0,3.49132,1.8.0,4,MiniPIX
08_thu_proton_daily_batch/toa_tot__r0000007301.t3pa,08_thu_proton_daily_batch,.t3pa,3915,139,2026-05-02T19:39:57.446181+00:00,G07-W0050,1707369796.518,Thu Feb  8 06:23:16.517999 2024,20.0,80.0,3.49132,1.8.0,4,MiniPIX
08_thu_proton_daily_batch/toa_tot__r0000007301.t3pa.info,08_thu_proton_daily_batch,.t3pa.info,944,,2026-05-02T19:39:57.485502+00:00,G07-W0050,1707369796.518,Thu Feb  8 06:23:16.517999 2024,20.0,80.0,3.49132,1.8.0,4,MiniPIX
08_thu_proton_daily_batch/toa_tot__r0000007302.t3pa,08_thu_proton_daily_batch,.t3pa,5194,184,2026-05-02T19:39:57.499434+00:00,G07-W0050,1707369816.752,Thu Feb  8 06:23:36.752000 2024,20.0,80.0,3.49132,1.8.0,4,MiniPIX
08_thu_proton_daily_batch/toa_tot__r0000007302.t3pa.info,08_thu_proton_daily_batch,.t3pa.info,944,,2026-05-02T19:39:57.482906+00:00,G07-W0050,1707369816.752,Thu Feb  8 06:23:36.752000 2024,20.0,80.0,3.49132,1.8.0,4,MiniPIX
08_thu_proton_daily_batch/toa_tot__r0000007303.t3pa,08_thu_proton_daily_batch,.t3pa,4026,144,2026-05-02T19:39:57.450204+00:00,G07-W0050,1707369836.986,Thu Feb  8 06:23:56.986000 2024,20.0,80.0,3.49132,1.8.0,4,MiniPIX
08_thu_proton_daily_batch/toa_tot__r0000007303.t3pa.info,08_thu_proton_daily_batch,.t3pa.info,944,,2026-05-02T19:39:57.446430+00:00,G07-W0050,1707369836.986,Thu Feb  8 06:23:56.986000 2024,20.0,80.0,3.49132,1.8.0,4,MiniPIX
08_thu_proton_daily_batch/toa_tot__r0000007304.t3pa,08_thu_proton_daily_batch,.t3pa,2024,73,2026-05-02T19:39:57.452898+00:00,G07-W0050,1707369857.218,Thu Feb  8 06:24:17.217999 2024,20.0,80.0,3.49132,1.8.0,4,MiniPIX
08_thu_proton_daily_batch/toa_tot__r0000007304.t3pa.info,08_thu_proton_daily_batch,.t3pa.info,944,,2026-05-02T19:39:57.485204+00:00,G07-W0050,1707369857.218,Thu Feb  8 06:24:17.217999 2024,20.0,80.0,3.49132,1.8.0,4,MiniPIX
08_thu_proton_daily_batch/toa_tot__r0000007305.t3pa,08_thu_proton_daily_batch,.t3pa,3874,138,2026-05-02T19:39:57.484405+00:00,G07-W0050,1707369877.451,Thu Feb  8 06:24:37.450999 2024,20.0,80.0,3.49132,1.8.0,4,MiniPIX
08_thu_proton_daily_batch/toa_tot__r0000007305.t3pa.info,08_thu_proton_daily_batch,.t3pa.info,944,,2026-05-02T19:39:57.462663+00:00,G07-W0050,1707369877.451,Thu Feb  8 06:24:37.450999 2024,20.0,80.0,3.49132,1.8.0,4,MiniPIX
08_thu_proton_daily_batch/toa_tot__r0000007306.t3pa,08_thu_proton_daily_batch,.t3pa,3336,120,2026-05-02T19:39:57.499103+00:00,G07-W0050,1707369897.684,Thu Feb  8 06:24:57.684000 2024,20.0,80.0,3.49132,1.8.0,4,MiniPIX
08_thu_proton_daily_batch/toa_tot__r0000007306.t3pa.info,08_thu_proton_daily_batch,.t3pa.info,944,,2026-05-02T19:39:57.446530+00:00,G07-W0050,1707369897.684,Thu Feb  8 06:24:57.684000 2024,20.0,80.0,3.49132,1.8.0,4,MiniPIX
08_thu_proton_daily_batch/toa_tot__r0000007307.t3pa,08_thu_proton_daily_batch,.t3pa,3502,126,2026-05-02T19:39:57.461927+00:00,G07-W0050,1707369917.917,Thu Feb  8 06:25:17.917000 2024,20.0,80.0,3.49132,1.8.0,4,MiniPIX
08_thu_proton_daily_batch/toa_tot__r0000007307.t3pa.info,08_thu_proton_daily_batch,.t3pa.info,944,,2026-05-02T19:39:57.484456+00:00,G07-W0050,1707369917.917,Thu Feb  8 06:25:17.917000 2024,20.0,80.0,3.49132,1.8.0,4,MiniPIX
08_thu_proton_daily_batch/toa_tot__r0000007308.t3pa,08_thu_proton_daily_batch,.t3pa,3211,115,2026-05-02T19:39:57.445748+00:00,G07-W0050,1707369938.15,Thu Feb  8 06:25:38.150000 2024,20.0,80.0,3.49132,1.8.0,4,MiniPIX
08_thu_proton_daily_batch/toa_tot__r0000007308.t3pa.info,08_thu_proton_daily_batch,.t3pa.info,944,,2026-05-02T19:39:57.462547+00:00,G07-W0050,1707369938.15,Thu Feb  8 06:25:38.150000 2024,20.0,80.0,3.49132,1.8.0,4,MiniPIX
08_thu_proton_daily_batch/toa_tot__r0000007309.t3pa,08_thu_proton_daily_batch,.t3pa,2838,102,2026-05-02T19:39:57.500656+00:00,G07-W0050,1707369958.386,Thu Feb  8 06:25:58.385999 2024,20.0,80.0,3.49132,1.8.0,4,MiniPIX
08_thu_proton_daily_batch/toa_tot__r0000007309.t3pa.info,08_thu_proton_daily_batch,.t3pa.info,944,,2026-05-02T19:39:57.498935+00:00,G07-W0050,1707369958.386,Thu Feb  8 06:25:58.385999 2024,20.0,80.0,3.49132,1.8.0,4,MiniPIX
08_thu_proton_daily_batch/toa_tot__r0000007310.t3pa,08_thu_proton_daily_batch,.t3pa,1832,66,2026-05-02T19:39:57.450982+00:00,G07-W0050,1707369978.619,Thu Feb  8 06:26:18.618999 2024,20.0,80.0,3.49132,1.8.0,4,MiniPIX
08_thu_proton_daily_batch/toa_tot__r0000007310.t3pa.info,08_thu_proton_daily_batch,.t3pa.info,944,,2026-05-02T19:39:57.461822+00:00,G07-W0050,1707369978.619,Thu Feb  8 06:26:18.618999 2024,20.0,80.0,3.49132,1.8.0,4,MiniPIX
08_thu_proton_daily_batch/toa_tot__r0000007311.t3pa,08_thu_proton_daily_batch,.t3pa,2978,108,2026-05-02T19:39:57.449744+00:00,G07-W0050,1707369998.853,Thu Feb  8 06:26:38.852999 2024,20.0,80.0,3.49132,1.8.0,4,MiniPIX
08_thu_proton_daily_batch/toa_tot__r0000007311.t3pa.info,08_thu_proton_daily_batch,.t3pa.info,944,,2026-05-02T19:39:57.445103+00:00,G07-W0050,1707369998.853,Thu Feb  8 06:26:38.852999 2024,20.0,80.0,3.49132,1.8.0,4,MiniPIX
08_thu_proton_daily_batch/toa_tot__r0000007312.t3pa,08_thu_proton_daily_batch,.t3pa,59130,2037,2026-05-02T19:39:57.499539+00:00,G07-W0050,1707370019.071,Thu Feb  8 06:26:59.071000 2024,20.0,80.0,3.49132,1.8.0,4,MiniPIX
08_thu_proton_daily_batch/toa_tot__r0000007312.t3pa.info,08_thu_proton_daily_batch,.t3pa.info,944,,2026-05-02T19:39:57.484930+00:00,G07-W0050,1707370019.071,Thu Feb  8 06:26:59.071000 2024,20.0,80.0,3.49132,1.8.0,4,MiniPIX
08_thu_proton_daily_batch/toa_tot__r0000007313.t3pa,08_thu_proton_daily_batch,.t3pa,2425,87,2026-05-02T19:39:57.501352+00:00,G07-W0050,1707370039.32,Thu Feb  8 06:27:19.319999 2024,20.0,80.0,3.49132,1.8.0,4,MiniPIX
08_thu_proton_daily_batch/toa_tot__r0000007313.t3pa.info,08_thu_proton_daily_batch,.t3pa.info,944,,2026-05-02T19:39:57.450176+00:00,G07-W0050,1707370039.32,Thu Feb  8 06:27:19.319999 2024,20.0,80.0,3.49132,1.8.0,4,MiniPIX
08_thu_proton_daily_batch/toa_tot__r0000007314.t3pa,08_thu_proton_daily_batch,.t3pa,847,30,2026-05-02T19:39:57.500450+00:00,G07-W0050,1707370059.553,Thu Feb  8 06:27:39.552999 2024,20.0,80.0,3.49132,1.8.0,4,MiniPIX
08_thu_proton_daily_batch/toa_tot__r0000007314.t3pa.info,08_thu_proton_daily_batch,.t3pa.info,944,,2026-05-02T19:39:57.452050+00:00,G07-W0050,1707370059.553,Thu Feb  8 06:27:39.552999 2024,20.0,80.0,3.49132,1.8.0,4,MiniPIX
08_thu_proton_daily_batch/toa_tot__r0000007315.t3pa,08_thu_proton_daily_batch,.t3pa,627,22,2026-05-02T19:39:57.461585+00:00,G07-W0050,1707370079.786,Thu Feb  8 06:27:59.786000 2024,20.0,80.0,3.49132,1.8.0,4,MiniPIX
08_thu_proton_daily_batch/toa_tot__r0000007315.t3pa.info,08_thu_proton_daily_batch,.t3pa.info,944,,2026-05-02T19:39:57.446650+00:00,G07-W0050,1707370079.786,Thu Feb  8 06:27:59.786000 2024,20.0,80.0,3.49132,1.8.0,4,MiniPIX
08_thu_proton_daily_batch/toa_tot__r0000007316.t3pa,08_thu_proton_daily_batch,.t3pa,1015,36,2026-05-02T19:39:57.452730+00:00,G07-W0050,1707370100.019,Thu Feb  8 06:28:20.019000 2024,20.0,80.0,3.49132,1.8.0,4,MiniPIX
08_thu_proton_daily_batch/toa_tot__r0000007316.t3pa.info,08_thu_proton_daily_batch,.t3pa.info,944,,2026-05-02T19:39:57.485294+00:00,G07-W0050,1707370100.019,Thu Feb  8 06:28:20.019000 2024,20.0,80.0,3.49132,1.8.0,4,MiniPIX
08_thu_proton_daily_batch/toa_tot__r0000007317.t3pa,08_thu_proton_daily_batch,.t3pa,1009,36,2026-05-02T19:39:57.461414+00:00,G07-W0050,1707370120.252,Thu Feb  8 06:28:40.252000 2024,20.0,80.0,3.49132,1.8.0,4,MiniPIX
08_thu_proton_daily_batch/toa_tot__r0000007317.t3pa.info,08_thu_proton_daily_batch,.t3pa.info,944,,2026-05-02T19:39:57.483451+00:00,G07-W0050,1707370120.252,Thu Feb  8 06:28:40.252000 2024,20.0,80.0,3.49132,1.8.0,4,MiniPIX
08_thu_proton_daily_batch/toa_tot__r0000007318.t3pa,08_thu_proton_daily_batch,.t3pa,1133,41,2026-05-02T19:39:57.450839+00:00,G07-W0050,1707370140.485,Thu Feb  8 06:29:00.484999 2024,20.0,80.0,3.49132,1.8.0,4,MiniPIX
08_thu_proton_daily_batch/toa_tot__r0000007318.t3pa.info,08_thu_proton_daily_batch,.t3pa.info,944,,2026-05-02T19:39:57.453819+00:00,G07-W0050,1707370140.485,Thu Feb  8 06:29:00.484999 2024,20.0,80.0,3.49132,1.8.0,4,MiniPIX
08_thu_proton_daily_batch/toa_tot__r0000007319.t3pa,08_thu_proton_daily_batch,.t3pa,1036,37,2026-05-02T19:39:57.499745+00:00,G07-W0050,1707370160.718,Thu Feb  8 06:29:20.717999 2024,20.0,80.0,3.49132,1.8.0,4,MiniPIX
08_thu_proton_daily_batch/toa_tot__r0000007319.t3pa.info,08_thu_proton_daily_batch,.t3pa.info,944,,2026-05-02T19:39:57.453661+00:00,G07-W0050,1707370160.718,Thu Feb  8 06:29:20.717999 2024,20.0,80.0,3.49132,1.8.0,4,MiniPIX
08_thu_proton_daily_batch/toa_tot__r0000007320.t3pa,08_thu_proton_daily_batch,.t3pa,978,35,2026-05-02T19:39:57.445671+00:00,G07-W0050,1707370180.951,Thu Feb  8 06:29:40.950999 2024,20.0,80.0,3.49132,1.8.0,4,MiniPIX
08_thu_proton_daily_batch/toa_tot__r0000007320.t3pa.info,08_thu_proton_daily_batch,.t3pa.info,944,,2026-05-02T19:39:57.482984+00:00,G07-W0050,1707370180.951,Thu Feb  8 06:29:40.950999 2024,20.0,80.0,3.49132,1.8.0,4,MiniPIX
08_thu_proton_daily_batch/toa_tot__r0000007321.t3pa,08_thu_proton_daily_batch,.t3pa,767,27,2026-05-02T19:39:57.461657+00:00,G07-W0050,1707370201.184,Thu Feb  8 06:30:01.184000 2024,20.0,80.0,3.49132,1.8.0,4,MiniPIX
08_thu_proton_daily_batch/toa_tot__r0000007321.t3pa.info,08_thu_proton_daily_batch,.t3pa.info,944,,2026-05-02T19:39:57.452202+00:00,G07-W0050,1707370201.184,Thu Feb  8 06:30:01.184000 2024,20.0,80.0,3.49132,1.8.0,4,MiniPIX
08_thu_proton_daily_batch/toa_tot__r0000007322.t3pa,08_thu_proton_daily_batch,.t3pa,1477,54,2026-05-02T19:39:57.502558+00:00,G07-W0050,1707370221.417,Thu Feb  8 06:30:21.417000 2024,20.0,80.0,3.49132,1.8.0,4,MiniPIX
08_thu_proton_daily_batch/toa_tot__r0000007322.t3pa.info,08_thu_proton_daily_batch,.t3pa.info,944,,2026-05-02T19:39:57.446406+00:00,G07-W0050,1707370221.417,Thu Feb  8 06:30:21.417000 2024,20.0,80.0,3.49132,1.8.0,4,MiniPIX
08_thu_proton_daily_batch/toa_tot__r0000007323.t3pa,08_thu_proton_daily_batch,.t3pa,1418,51,2026-05-02T19:39:57.452874+00:00,G07-W0050,1707370241.65,Thu Feb  8 06:30:41.650000 2024,20.0,80.0,3.49132,1.8.0,4,MiniPIX
08_thu_proton_daily_batch/toa_tot__r0000007323.t3pa.info,08_thu_proton_daily_batch,.t3pa.info,944,,2026-05-02T19:39:57.483604+00:00,G07-W0050,1707370241.65,Thu Feb  8 06:30:41.650000 2024,20.0,80.0,3.49132,1.8.0,4,MiniPIX
08_thu_proton_daily_batch/toa_tot__r0000007324.t3pa,08_thu_proton_daily_batch,.t3pa,1120,40,2026-05-02T19:39:57.498164+00:00,G07-W0050,1707370261.882,Thu Feb  8 06:31:01.881999 2024,20.0,80.0,3.49132,1.8.0,4,MiniPIX
08_thu_proton_daily_batch/toa_tot__r0000007324.t3pa.info,08_thu_proton_daily_batch,.t3pa.info,944,,2026-05-02T19:39:57.504653+00:00,G07-W0050,1707370261.882,Thu Feb  8 06:31:01.881999 2024,20.0,80.0,3.49132,1.8.0,4,MiniPIX
08_thu_proton_daily_batch/toa_tot__r0000007325.t3pa,08_thu_proton_daily_batch,.t3pa,1343,48,2026-05-02T19:39:57.453798+00:00,G07-W0050,1707370282.115,Thu Feb  8 06:31:22.115000 2024,20.0,80.0,3.49132,1.8.0,4,MiniPIX
08_thu_proton_daily_batch/toa_tot__r0000007325.t3pa.info,08_thu_proton_daily_batch,.t3pa.info,944,,2026-05-02T19:39:57.483627+00:00,G07-W0050,1707370282.115,Thu Feb  8 06:31:22.115000 2024,20.0,80.0,3.49132,1.8.0,4,MiniPIX
08_thu_proton_daily_batch/toa_tot__r0000007326.t3pa,08_thu_proton_daily_batch,.t3pa,949,34,2026-05-02T19:39:57.462998+00:00,G07-W0050,1707370302.348,Thu Feb  8 06:31:42.348000 2024,20.0,80.0,3.49132,1.8.0,4,MiniPIX
08_thu_proton_daily_batch/toa_tot__r0000007326.t3pa.info,08_thu_proton_daily_batch,.t3pa.info,944,,2026-05-02T19:39:57.462334+00:00,G07-W0050,1707370302.348,Thu Feb  8 06:31:42.348000 2024,20.0,80.0,3.49132,1.8.0,4,MiniPIX
08_thu_proton_daily_batch/toa_tot__r0000007327.t3pa,08_thu_proton_daily_batch,.t3pa,2081,76,2026-05-02T19:39:57.445800+00:00,G07-W0050,1707370322.597,Thu Feb  8 06:32:02.596999 2024,20.0,80.0,3.49132,1.8.0,4,MiniPIX
08_thu_proton_daily_batch/toa_tot__r0000007327.t3pa.info,08_thu_proton_daily_batch,.t3pa.info,944,,2026-05-02T19:39:57.483355+00:00,G07-W0050,1707370322.597,Thu Feb  8 06:32:02.596999 2024,20.0,80.0,3.49132,1.8.0,4,MiniPIX
08_thu_proton_daily_batch/toa_tot__r0000007328.t3pa,08_thu_proton_daily_batch,.t3pa,668,24,2026-05-02T19:39:57.504822+00:00,G07-W0050,1707370342.83,Thu Feb  8 06:32:22.829999 2024,20.0,80.0,3.49132,1.8.0,4,MiniPIX
08_thu_proton_daily_batch/toa_tot__r0000007328.t3pa.info,08_thu_proton_daily_batch,.t3pa.info,944,,2026-05-02T19:39:57.502424+00:00,G07-W0050,1707370342.83,Thu Feb  8 06:32:22.829999 2024,20.0,80.0,3.49132,1.8.0,4,MiniPIX
08_thu_proton_daily_batch/toa_tot__r0000007329.t3pa,08_thu_proton_daily_batch,.t3pa,1343,48,2026-05-02T19:39:57.449894+00:00,G07-W0050,1707370363.064,Thu Feb  8 06:32:43.063999 2024,20.0,80.0,3.49132,1.8.0,4,MiniPIX
08_thu_proton_daily_batch/toa_tot__r0000007329.t3pa.info,08_thu_proton_daily_batch,.t3pa.info,944,,2026-05-02T19:39:57.450527+00:00,G07-W0050,1707370363.064,Thu Feb  8 06:32:43.063999 2024,20.0,80.0,3.49132,1.8.0,4,MiniPIX
08_thu_proton_daily_batch/toa_tot__r0000007330.t3pa,08_thu_proton_daily_batch,.t3pa,1881,68,2026-05-02T19:39:57.446923+00:00,G07-W0050,1707370383.297,Thu Feb  8 06:33:03.296999 2024,20.0,80.0,3.49132,1.8.0,4,MiniPIX
08_thu_proton_daily_batch/toa_tot__r0000007330.t3pa.info,08_thu_proton_daily_batch,.t3pa.info,944,,2026-05-02T19:39:57.446086+00:00,G07-W0050,1707370383.297,Thu Feb  8 06:33:03.296999 2024,20.0,80.0,3.49132,1.8.0,4,MiniPIX
08_thu_proton_daily_batch/toa_tot__r0000007331.t3pa,08_thu_proton_daily_batch,.t3pa,179282,6192,2026-05-02T19:39:57.501700+00:00,G07-W0050,1707370403.53,Thu Feb  8 06:33:23.529999 2024,20.0,80.0,3.49132,1.8.0,4,MiniPIX
08_thu_proton_daily_batch/toa_tot__r0000007331.t3pa.info,08_thu_proton_daily_batch,.t3pa.info,944,,2026-05-02T19:39:57.500476+00:00,G07-W0050,1707370403.53,Thu Feb  8 06:33:23.529999 2024,20.0,80.0,3.49132,1.8.0,4,MiniPIX
08_thu_proton_daily_batch/toa_tot__r0000007332.t3pa,08_thu_proton_daily_batch,.t3pa,3332261,108850,2026-05-02T19:39:57.487750+00:00,G07-W0050,1707370423.763,Thu Feb  8 06:33:43.763000 2024,20.0,80.0,3.49132,1.8.0,4,MiniPIX
08_thu_proton_daily_batch/toa_tot__r0000007332.t3pa.info,08_thu_proton_daily_batch,.t3pa.info,944,,2026-05-02T19:39:57.498217+00:00,G07-W0050,1707370423.763,Thu Feb  8 06:33:43.763000 2024,20.0,80.0,3.49132,1.8.0,4,MiniPIX
08_thu_proton_daily_batch/toa_tot__r0000007333.t3pa,08_thu_proton_daily_batch,.t3pa,2708952,88825,2026-05-02T19:39:57.447748+00:00,G07-W0050,1707370444.011,Thu Feb  8 06:34:04.010999 2024,20.0,80.0,3.49132,1.8.0,4,MiniPIX
08_thu_proton_daily_batch/toa_tot__r0000007333.t3pa.info,08_thu_proton_daily_batch,.t3pa.info,944,,2026-05-02T19:39:57.450154+00:00,G07-W0050,1707370444.011,Thu Feb  8 06:34:04.010999 2024,20.0,80.0,3.49132,1.8.0,4,MiniPIX
08_thu_proton_daily_batch/toa_tot__r0000007334.t3pa,08_thu_proton_daily_batch,.t3pa,62668,2312,2026-05-02T19:39:57.463534+00:00,G07-W0050,1707370464.244,Thu Feb  8 06:34:24.243999 2024,20.0,80.0,3.49132,1.8.0,4,MiniPIX
08_thu_proton_daily_batch/toa_tot__r0000007334.t3pa.info,08_thu_proton_daily_batch,.t3pa.info,944,,2026-05-02T19:39:57.444854+00:00,G07-W0050,1707370464.244,Thu Feb  8 06:34:24.243999 2024,20.0,80.0,3.49132,1.8.0,4,MiniPIX
08_thu_proton_daily_batch/toa_tot__r0000007335.t3pa,08_thu_proton_daily_batch,.t3pa,1657,60,2026-05-02T19:39:57.483107+00:00,G07-W0050,1707370484.493,Thu Feb  8 06:34:44.493000 2024,20.0,80.0,3.49132,1.8.0,4,MiniPIX
08_thu_proton_daily_batch/toa_tot__r0000007335.t3pa.info,08_thu_proton_daily_batch,.t3pa.info,944,,2026-05-02T19:39:57.505115+00:00,G07-W0050,1707370484.493,Thu Feb  8 06:34:44.493000 2024,20.0,80.0,3.49132,1.8.0,4,MiniPIX
08_thu_proton_daily_batch/toa_tot__r0000007336.t3pa,08_thu_proton_daily_batch,.t3pa,2504,90,2026-05-02T19:39:57.484349+00:00,G07-W0050,1707370504.726,Thu Feb  8 06:35:04.726000 2024,20.0,80.0,3.49132,1.8.0,4,MiniPIX
08_thu_proton_daily_batch/toa_tot__r0000007336.t3pa.info,08_thu_proton_daily_batch,.t3pa.info,944,,2026-05-02T19:39:57.451169+00:00,G07-W0050,1707370504.726,Thu Feb  8 06:35:04.726000 2024,20.0,80.0,3.49132,1.8.0,4,MiniPIX
08_thu_proton_daily_batch/toa_tot__r0000007337.t3pa,08_thu_proton_daily_batch,.t3pa,2651,96,2026-05-02T19:39:57.452637+00:00,G07-W0050,1707370524.961,Thu Feb  8 06:35:24.960999 2024,20.0,80.0,3.49132,1.8.0,4,MiniPIX
08_thu_proton_daily_batch/toa_tot__r0000007337.t3pa.info,08_thu_proton_daily_batch,.t3pa.info,944,,2026-05-02T19:39:57.501972+00:00,G07-W0050,1707370524.961,Thu Feb  8 06:35:24.960999 2024,20.0,80.0,3.49132,1.8.0,4,MiniPIX
08_thu_proton_daily_batch/toa_tot__r0000007338.t3pa,08_thu_proton_daily_batch,.t3pa,3394,125,2026-05-02T19:39:57.462220+00:00,G07-W0050,1707370545.194,Thu Feb  8 06:35:45.194000 2024,20.0,80.0,3.49132,1.8.0,4,MiniPIX
08_thu_proton_daily_batch/toa_tot__r0000007338.t3pa.info,08_thu_proton_daily_batch,.t3pa.info,944,,2026-05-02T19:39:57.453259+00:00,G07-W0050,1707370545.194,Thu Feb  8 06:35:45.194000 2024,20.0,80.0,3.49132,1.8.0,4,MiniPIX
08_thu_proton_daily_batch/toa_tot__r0000007339.t3pa,08_thu_proton_daily_batch,.t3pa,2032,73,2026-05-02T19:39:57.453888+00:00,G07-W0050,1707370565.427,Thu Feb  8 06:36:05.427000 2024,20.0,80.0,3.49132,1.8.0,4,MiniPIX
08_thu_proton_daily_batch/toa_tot__r0000007339.t3pa.info,08_thu_proton_daily_batch,.t3pa.info,944,,2026-05-02T19:39:57.485240+00:00,G07-W0050,1707370565.427,Thu Feb  8 06:36:05.427000 2024,20.0,80.0,3.49132,1.8.0,4,MiniPIX
08_thu_proton_daily_batch/toa_tot__r0000007340.t3pa,08_thu_proton_daily_batch,.t3pa,1119,40,2026-05-02T19:39:57.446303+00:00,G07-W0050,1707370585.66,Thu Feb  8 06:36:25.660000 2024,20.0,80.0,3.49132,1.8.0,4,MiniPIX
08_thu_proton_daily_batch/toa_tot__r0000007340.t3pa.info,08_thu_proton_daily_batch,.t3pa.info,944,,2026-05-02T19:39:57.445153+00:00,G07-W0050,1707370585.66,Thu Feb  8 06:36:25.660000 2024,20.0,80.0,3.49132,1.8.0,4,MiniPIX
08_thu_proton_daily_batch/toa_tot__r0000007341.t3pa,08_thu_proton_daily_batch,.t3pa,1236,45,2026-05-02T19:39:57.500047+00:00,G07-W0050,1707370605.893,Thu Feb  8 06:36:45.892999 2024,20.0,80.0,3.49132,1.8.0,4,MiniPIX
08_thu_proton_daily_batch/toa_tot__r0000007341.t3pa.info,08_thu_proton_daily_batch,.t3pa.info,944,,2026-05-02T19:39:57.446259+00:00,G07-W0050,1707370605.893,Thu Feb  8 06:36:45.892999 2024,20.0,80.0,3.49132,1.8.0,4,MiniPIX
13_tue_proton_daily_batch/toa_tot__r0000028468.t3pa,13_tue_proton_daily_batch,.t3pa,1526,56,2026-05-02T19:39:56.894403+00:00,G07-W0050,1707798886.579,Tue Feb 13 05:34:46.578999 2024,20.0,80.0,3.49132,1.8.0,4,MiniPIX
13_tue_proton_daily_batch/toa_tot__r0000028468.t3pa.info,13_tue_proton_daily_batch,.t3pa.info,944,,2026-05-02T19:39:56.894549+00:00,G07-W0050,1707798886.579,Tue Feb 13 05:34:46.578999 2024,20.0,80.0,3.49132,1.8.0,4,MiniPIX
13_tue_proton_daily_batch/toa_tot__r0000028469.t3pa,13_tue_proton_daily_batch,.t3pa,2421,89,2026-05-02T19:39:56.902358+00:00,G07-W0050,1707798906.813,Tue Feb 13 05:35:06.812999 2024,20.0,80.0,3.49132,1.8.0,4,MiniPIX
13_tue_proton_daily_batch/toa_tot__r0000028469.t3pa.info,13_tue_proton_daily_batch,.t3pa.info,944,,2026-05-02T19:39:56.905118+00:00,G07-W0050,1707798906.813,Tue Feb 13 05:35:06.812999 2024,20.0,80.0,3.49132,1.8.0,4,MiniPIX
13_tue_proton_daily_batch/toa_tot__r0000028470.t3pa,13_tue_proton_daily_batch,.t3pa,3268,120,2026-05-02T19:39:56.906437+00:00,G07-W0050,1707798927.046,Tue Feb 13 05:35:27.046000 2024,20.0,80.0,3.49132,1.8.0,4,MiniPIX
13_tue_proton_daily_batch/toa_tot__r0000028470.t3pa.info,13_tue_proton_daily_batch,.t3pa.info,944,,2026-05-02T19:39:56.865342+00:00,G07-W0050,1707798927.046,Tue Feb 13 05:35:27.046000 2024,20.0,80.0,3.49132,1.8.0,4,MiniPIX
13_tue_proton_daily_batch/toa_tot__r0000028471.t3pa,13_tue_proton_daily_batch,.t3pa,2006,74,2026-05-02T19:39:56.870722+00:00,G07-W0050,1707798947.279,Tue Feb 13 05:35:47.279000 2024,20.0,80.0,3.49132,1.8.0,4,MiniPIX
13_tue_proton_daily_batch/toa_tot__r0000028471.t3pa.info,13_tue_proton_daily_batch,.t3pa.info,944,,2026-05-02T19:39:56.870770+00:00,G07-W0050,1707798947.279,Tue Feb 13 05:35:47.279000 2024,20.0,80.0,3.49132,1.8.0,4,MiniPIX
13_tue_proton_daily_batch/toa_tot__r0000028472.t3pa,13_tue_proton_daily_batch,.t3pa,1747,64,2026-05-02T19:39:56.916296+00:00,G07-W0050,1707798967.512,Tue Feb 13 05:36:07.512000 2024,20.0,80.0,3.49132,1.8.0,4,MiniPIX
13_tue_proton_daily_batch/toa_tot__r0000028472.t3pa.info,13_tue_proton_daily_batch,.t3pa.info,944,,2026-05-02T19:39:56.905003+00:00,G07-W0050,1707798967.512,Tue Feb 13 05:36:07.512000 2024,20.0,80.0,3.49132,1.8.0,4,MiniPIX
13_tue_proton_daily_batch/toa_tot__r0000028473.t3pa,13_tue_proton_daily_batch,.t3pa,2311,85,2026-05-02T19:39:56.866465+00:00,G07-W0050,1707798987.745,Tue Feb 13 05:36:27.744999 2024,20.0,80.0,3.49132,1.8.0,4,MiniPIX
13_tue_proton_daily_batch/toa_tot__r0000028473.t3pa.info,13_tue_proton_daily_batch,.t3pa.info,944,,2026-05-02T19:39:56.866419+00:00,G07-W0050,1707798987.745,Tue Feb 13 05:36:27.744999 2024,20.0,80.0,3.49132,1.8.0,4,MiniPIX
13_tue_proton_daily_batch/toa_tot__r0000028474.t3pa,13_tue_proton_daily_batch,.t3pa,1102,39,2026-05-02T19:39:56.865952+00:00,G07-W0050,1707799007.978,Tue Feb 13 05:36:47.977999 2024,20.0,80.0,3.49132,1.8.0,4,MiniPIX
13_tue_proton_daily_batch/toa_tot__r0000028474.t3pa.info,13_tue_proton_daily_batch,.t3pa.info,944,,2026-05-02T19:39:56.901518+00:00,G07-W0050,1707799007.978,Tue Feb 13 05:36:47.977999 2024,20.0,80.0,3.49132,1.8.0,4,MiniPIX
13_tue_proton_daily_batch/toa_tot__r0000028475.t3pa,13_tue_proton_daily_batch,.t3pa,778,27,2026-05-02T19:39:56.867404+00:00,G07-W0050,1707799028.211,Tue Feb 13 05:37:08.210999 2024,20.0,80.0,3.49132,1.8.0,4,MiniPIX
13_tue_proton_daily_batch/toa_tot__r0000028475.t3pa.info,13_tue_proton_daily_batch,.t3pa.info,944,,2026-05-02T19:39:56.901331+00:00,G07-W0050,1707799028.211,Tue Feb 13 05:37:08.210999 2024,20.0,80.0,3.49132,1.8.0,4,MiniPIX
13_tue_proton_daily_batch/toa_tot__r0000028476.t3pa,13_tue_proton_daily_batch,.t3pa,542,19,2026-05-02T19:39:56.871013+00:00,G07-W0050,1707799048.444,Tue Feb 13 05:37:28.444000 2024,20.0,80.0,3.49132,1.8.0,4,MiniPIX
13_tue_proton_daily_batch/toa_tot__r0000028476.t3pa.info,13_tue_proton_daily_batch,.t3pa.info,944,,2026-05-02T19:39:56.867581+00:00,G07-W0050,1707799048.444,Tue Feb 13 05:37:28.444000 2024,20.0,80.0,3.49132,1.8.0,4,MiniPIX
13_tue_proton_daily_batch/toa_tot__r0000028477.t3pa,13_tue_proton_daily_batch,.t3pa,890,32,2026-05-02T19:39:56.901915+00:00,G07-W0050,1707799068.677,Tue Feb 13 05:37:48.677000 2024,20.0,80.0,3.49132,1.8.0,4,MiniPIX
13_tue_proton_daily_batch/toa_tot__r0000028477.t3pa.info,13_tue_proton_daily_batch,.t3pa.info,944,,2026-05-02T19:39:56.872471+00:00,G07-W0050,1707799068.677,Tue Feb 13 05:37:48.677000 2024,20.0,80.0,3.49132,1.8.0,4,MiniPIX
13_tue_proton_daily_batch/toa_tot__r0000028478.t3pa,13_tue_proton_daily_batch,.t3pa,952,34,2026-05-02T19:39:56.913211+00:00,G07-W0050,1707799088.909,Tue Feb 13 05:38:08.908999 2024,20.0,80.0,3.49132,1.8.0,4,MiniPIX
13_tue_proton_daily_batch/toa_tot__r0000028478.t3pa.info,13_tue_proton_daily_batch,.t3pa.info,944,,2026-05-02T19:39:56.906555+00:00,G07-W0050,1707799088.909,Tue Feb 13 05:38:08.908999 2024,20.0,80.0,3.49132,1.8.0,4,MiniPIX
13_tue_proton_daily_batch/toa_tot__r0000028479.t3pa,13_tue_proton_daily_batch,.t3pa,810,29,2026-05-02T19:39:56.894597+00:00,G07-W0050,1707799109.142,Tue Feb 13 05:38:29.141999 2024,20.0,80.0,3.49132,1.8.0,4,MiniPIX
13_tue_proton_daily_batch/toa_tot__r0000028479.t3pa.info,13_tue_proton_daily_batch,.t3pa.info,944,,2026-05-02T19:39:56.867557+00:00,G07-W0050,1707799109.142,Tue Feb 13 05:38:29.141999 2024,20.0,80.0,3.49132,1.8.0,4,MiniPIX
13_tue_proton_daily_batch/toa_tot__r0000028480.t3pa,13_tue_proton_daily_batch,.t3pa,554,19,2026-05-02T19:39:56.865828+00:00,G07-W0050,1707799129.375,Tue Feb 13 05:38:49.375000 2024,20.0,80.0,3.49132,1.8.0,4,MiniPIX
13_tue_proton_daily_batch/toa_tot__r0000028480.t3pa.info,13_tue_proton_daily_batch,.t3pa.info,944,,2026-05-02T19:39:56.902014+00:00,G07-W0050,1707799129.375,Tue Feb 13 05:38:49.375000 2024,20.0,80.0,3.49132,1.8.0,4,MiniPIX
13_tue_proton_daily_batch/toa_tot__r0000028481.t3pa,13_tue_proton_daily_batch,.t3pa,930,33,2026-05-02T19:39:56.902063+00:00,G07-W0050,1707799149.608,Tue Feb 13 05:39:09.608000 2024,20.0,80.0,3.49132,1.8.0,4,MiniPIX
13_tue_proton_daily_batch/toa_tot__r0000028481.t3pa.info,13_tue_proton_daily_batch,.t3pa.info,944,,2026-05-02T19:39:56.865639+00:00,G07-W0050,1707799149.608,Tue Feb 13 05:39:09.608000 2024,20.0,80.0,3.49132,1.8.0,4,MiniPIX
13_tue_proton_daily_batch/toa_tot__r0000028482.t3pa,13_tue_proton_daily_batch,.t3pa,674,24,2026-05-02T19:39:56.894342+00:00,G07-W0050,1707799169.841,Tue Feb 13 05:39:29.841000 2024,20.0,80.0,3.49132,1.8.0,4,MiniPIX
13_tue_proton_daily_batch/toa_tot__r0000028482.t3pa.info,13_tue_proton_daily_batch,.t3pa.info,944,,2026-05-02T19:39:56.894911+00:00,G07-W0050,1707799169.841,Tue Feb 13 05:39:29.841000 2024,20.0,80.0,3.49132,1.8.0,4,MiniPIX
13_tue_proton_daily_batch/toa_tot__r0000028483.t3pa,13_tue_proton_daily_batch,.t3pa,513,18,2026-05-02T19:39:56.865804+00:00,G07-W0050,1707799190.074,Tue Feb 13 05:39:50.073999 2024,20.0,80.0,3.49132,1.8.0,4,MiniPIX
13_tue_proton_daily_batch/toa_tot__r0000028483.t3pa.info,13_tue_proton_daily_batch,.t3pa.info,944,,2026-05-02T19:39:56.929679+00:00,G07-W0050,1707799190.074,Tue Feb 13 05:39:50.073999 2024,20.0,80.0,3.49132,1.8.0,4,MiniPIX
13_tue_proton_daily_batch/toa_tot__r0000028484.t3pa,13_tue_proton_daily_batch,.t3pa,659,23,2026-05-02T19:39:56.871324+00:00,G07-W0050,1707799210.307,Tue Feb 13 05:40:10.306999 2024,20.0,80.0,3.49132,1.8.0,4,MiniPIX
13_tue_proton_daily_batch/toa_tot__r0000028484.t3pa.info,13_tue_proton_daily_batch,.t3pa.info,944,,2026-05-02T19:39:56.871198+00:00,G07-W0050,1707799210.307,Tue Feb 13 05:40:10.306999 2024,20.0,80.0,3.49132,1.8.0,4,MiniPIX
13_tue_proton_daily_batch/toa_tot__r0000028485.t3pa,13_tue_proton_daily_batch,.t3pa,669,24,2026-05-02T19:39:56.866642+00:00,G07-W0050,1707799230.524,Tue Feb 13 05:40:30.523999 2024,20.0,80.0,3.49132,1.8.0,4,MiniPIX
13_tue_proton_daily_batch/toa_tot__r0000028485.t3pa.info,13_tue_proton_daily_batch,.t3pa.info,944,,2026-05-02T19:39:56.906189+00:00,G07-W0050,1707799230.524,Tue Feb 13 05:40:30.523999 2024,20.0,80.0,3.49132,1.8.0,4,MiniPIX
13_tue_proton_daily_batch/toa_tot__r0000028486.t3pa,13_tue_proton_daily_batch,.t3pa,1027,37,2026-05-02T19:39:56.912762+00:00,G07-W0050,1707799250.774,Tue Feb 13 05:40:50.773999 2024,20.0,80.0,3.49132,1.8.0,4,MiniPIX
13_tue_proton_daily_batch/toa_tot__r0000028486.t3pa.info,13_tue_proton_daily_batch,.t3pa.info,944,,2026-05-02T19:39:56.929582+00:00,G07-W0050,1707799250.774,Tue Feb 13 05:40:50.773999 2024,20.0,80.0,3.49132,1.8.0,4,MiniPIX
13_tue_proton_daily_batch/toa_tot__r0000028487.t3pa,13_tue_proton_daily_batch,.t3pa,538,19,2026-05-02T19:39:56.905548+00:00,G07-W0050,1707799271.007,Tue Feb 13 05:41:11.006999 2024,20.0,80.0,3.49132,1.8.0,4,MiniPIX
13_tue_proton_daily_batch/toa_tot__r0000028487.t3pa.info,13_tue_proton_daily_batch,.t3pa.info,944,,2026-05-02T19:39:56.865781+00:00,G07-W0050,1707799271.007,Tue Feb 13 05:41:11.006999 2024,20.0,80.0,3.49132,1.8.0,4,MiniPIX
13_tue_proton_daily_batch/toa_tot__r0000028488.t3pa,13_tue_proton_daily_batch,.t3pa,386,13,2026-05-02T19:39:56.866348+00:00,G07-W0050,1707799291.242,Tue Feb 13 05:41:31.242000 2024,20.0,80.0,3.49132,1.8.0,4,MiniPIX
13_tue_proton_daily_batch/toa_tot__r0000028488.t3pa.info,13_tue_proton_daily_batch,.t3pa.info,944,,2026-05-02T19:39:56.906343+00:00,G07-W0050,1707799291.242,Tue Feb 13 05:41:31.242000 2024,20.0,80.0,3.49132,1.8.0,4,MiniPIX
13_tue_proton_daily_batch/toa_tot__r0000028489.t3pa,13_tue_proton_daily_batch,.t3pa,2168,79,2026-05-02T19:39:56.875812+00:00,G07-W0050,1707799311.477,Tue Feb 13 05:41:51.476999 2024,20.0,80.0,3.49132,1.8.0,4,MiniPIX
13_tue_proton_daily_batch/toa_tot__r0000028489.t3pa.info,13_tue_proton_daily_batch,.t3pa.info,944,,2026-05-02T19:39:56.894984+00:00,G07-W0050,1707799311.477,Tue Feb 13 05:41:51.476999 2024,20.0,80.0,3.49132,1.8.0,4,MiniPIX
13_tue_proton_daily_batch/toa_tot__r0000028490.t3pa,13_tue_proton_daily_batch,.t3pa,1010,36,2026-05-02T19:39:56.865462+00:00,G07-W0050,1707799331.71,Tue Feb 13 05:42:11.710000 2024,20.0,80.0,3.49132,1.8.0,4,MiniPIX
13_tue_proton_daily_batch/toa_tot__r0000028490.t3pa.info,13_tue_proton_daily_batch,.t3pa.info,944,,2026-05-02T19:39:56.924498+00:00,G07-W0050,1707799331.71,Tue Feb 13 05:42:11.710000 2024,20.0,80.0,3.49132,1.8.0,4,MiniPIX
13_tue_proton_daily_batch/toa_tot__r0000028491.t3pa,13_tue_proton_daily_batch,.t3pa,748,27,2026-05-02T19:39:56.905493+00:00,G07-W0050,1707799351.943,Tue Feb 13 05:42:31.943000 2024,20.0,80.0,3.49132,1.8.0,4,MiniPIX
13_tue_proton_daily_batch/toa_tot__r0000028491.t3pa.info,13_tue_proton_daily_batch,.t3pa.info,944,,2026-05-02T19:39:56.905236+00:00,G07-W0050,1707799351.943,Tue Feb 13 05:42:31.943000 2024,20.0,80.0,3.49132,1.8.0,4,MiniPIX
13_tue_proton_daily_batch/toa_tot__r0000028492.t3pa,13_tue_proton_daily_batch,.t3pa,2362092,77469,2026-05-02T19:39:56.914730+00:00,G07-W0050,1707799372.178,Tue Feb 13 05:42:52.177999 2024,20.0,80.0,3.49132,1.8.0,4,MiniPIX
13_tue_proton_daily_batch/toa_tot__r0000028492.t3pa.info,13_tue_proton_daily_batch,.t3pa.info,944,,2026-05-02T19:39:56.894888+00:00,G07-W0050,1707799372.178,Tue Feb 13 05:42:52.177999 2024,20.0,80.0,3.49132,1.8.0,4,MiniPIX
13_tue_proton_daily_batch/toa_tot__r0000028493.t3pa,13_tue_proton_daily_batch,.t3pa,4321256,141259,2026-05-02T19:39:56.927731+00:00,G07-W0050,1707799392.442,Tue Feb 13 05:43:12.441999 2024,20.0,80.0,3.49132,1.8.0,4,MiniPIX
13_tue_proton_daily_batch/toa_tot__r0000028493.t3pa.info,13_tue_proton_daily_batch,.t3pa.info,944,,2026-05-02T19:39:56.901938+00:00,G07-W0050,1707799392.442,Tue Feb 13 05:43:12.441999 2024,20.0,80.0,3.49132,1.8.0,4,MiniPIX
13_tue_proton_daily_batch/toa_tot__r0000028494.t3pa,13_tue_proton_daily_batch,.t3pa,3124594,102203,2026-05-02T19:39:56.873729+00:00,G07-W0050,1707799412.784,Tue Feb 13 05:43:32.783999 2024,20.0,80.0,3.49132,1.8.0,4,MiniPIX
13_tue_proton_daily_batch/toa_tot__r0000028494.t3pa.info,13_tue_proton_daily_batch,.t3pa.info,944,,2026-05-02T19:39:56.929294+00:00,G07-W0050,1707799412.784,Tue Feb 13 05:43:32.783999 2024,20.0,80.0,3.49132,1.8.0,4,MiniPIX
13_tue_proton_daily_batch/toa_tot__r0000028495.t3pa,13_tue_proton_daily_batch,.t3pa,5824342,187428,2026-05-02T19:39:56.910730+00:00,G07-W0050,1707799433.299,Tue Feb 13 05:43:53.299000 2024,20.0,80.0,3.49132,1.8.0,4,MiniPIX
13_tue_proton_daily_batch/toa_tot__r0000028495.t3pa.info,13_tue_proton_daily_batch,.t3pa.info,944,,2026-05-02T19:39:56.865538+00:00,G07-W0050,1707799433.299,Tue Feb 13 05:43:53.299000 2024,20.0,80.0,3.49132,1.8.0,4,MiniPIX
13_tue_proton_daily_batch/toa_tot__r0000028496.t3pa,13_tue_proton_daily_batch,.t3pa,7336,261,2026-05-02T19:39:56.905674+00:00,G07-W0050,1707799453.735,Tue Feb 13 05:44:13.734999 2024,20.0,80.0,3.49132,1.8.0,4,MiniPIX
13_tue_proton_daily_batch/toa_tot__r0000028496.t3pa.info,13_tue_proton_daily_batch,.t3pa.info,944,,2026-05-02T19:39:56.894429+00:00,G07-W0050,1707799453.735,Tue Feb 13 05:44:13.734999 2024,20.0,80.0,3.49132,1.8.0,4,MiniPIX
13_tue_proton_daily_batch/toa_tot__r0000028497.t3pa,13_tue_proton_daily_batch,.t3pa,2194,79,2026-05-02T19:39:56.871301+00:00,G07-W0050,1707799473.968,Tue Feb 13 05:44:33.967999 2024,20.0,80.0,3.49132,1.8.0,4,MiniPIX
13_tue_proton_daily_batch/toa_tot__r0000028497.t3pa.info,13_tue_proton_daily_batch,.t3pa.info,944,,2026-05-02T19:39:56.895007+00:00,G07-W0050,1707799473.968,Tue Feb 13 05:44:33.967999 2024,20.0,80.0,3.49132,1.8.0,4,MiniPIX
13_tue_proton_daily_batch/toa_tot__r0000028498.t3pa,13_tue_proton_daily_batch,.t3pa,2369,86,2026-05-02T19:39:56.867121+00:00,G07-W0050,1707799494.201,Tue Feb 13 05:44:54.200999 2024,20.0,80.0,3.49132,1.8.0,4,MiniPIX
13_tue_proton_daily_batch/toa_tot__r0000028498.t3pa.info,13_tue_proton_daily_batch,.t3pa.info,944,,2026-05-02T19:39:56.929537+00:00,G07-W0050,1707799494.201,Tue Feb 13 05:44:54.200999 2024,20.0,80.0,3.49132,1.8.0,4,MiniPIX
13_tue_proton_daily_batch/toa_tot__r0000028499.t3pa,13_tue_proton_daily_batch,.t3pa,3277,118,2026-05-02T19:39:56.894142+00:00,G07-W0050,1707799514.435,Tue Feb 13 05:45:14.434999 2024,20.0,80.0,3.49132,1.8.0,4,MiniPIX
13_tue_proton_daily_batch/toa_tot__r0000028499.t3pa.info,13_tue_proton_daily_batch,.t3pa.info,944,,2026-05-02T19:39:56.924450+00:00,G07-W0050,1707799514.435,Tue Feb 13 05:45:14.434999 2024,20.0,80.0,3.49132,1.8.0,4,MiniPIX
13_tue_proton_daily_batch/toa_tot__r0000028500.t3pa,13_tue_proton_daily_batch,.t3pa,2579,93,2026-05-02T19:39:56.905727+00:00,G07-W0050,1707799534.668,Tue Feb 13 05:45:34.667999 2024,20.0,80.0,3.49132,1.8.0,4,MiniPIX
13_tue_proton_daily_batch/toa_tot__r0000028500.t3pa.info,13_tue_proton_daily_batch,.t3pa.info,944,,2026-05-02T19:39:56.875784+00:00,G07-W0050,1707799534.668,Tue Feb 13 05:45:34.667999 2024,20.0,80.0,3.49132,1.8.0,4,MiniPIX
13_tue_proton_daily_batch/toa_tot__r0000028501.t3pa,13_tue_proton_daily_batch,.t3pa,1878,68,2026-05-02T19:39:56.871275+00:00,G07-W0050,1707799554.901,Tue Feb 13 05:45:54.901000 2024,20.0,80.0,3.49132,1.8.0,4,MiniPIX
13_tue_proton_daily_batch/toa_tot__r0000028501.t3pa.info,13_tue_proton_daily_batch,.t3pa.info,944,,2026-05-02T19:39:56.901662+00:00,G07-W0050,1707799554.901,Tue Feb 13 05:45:54.901000 2024,20.0,80.0,3.49132,1.8.0,4,MiniPIX
13_tue_proton_daily_batch/toa_tot__r0000028502.t3pa,13_tue_proton_daily_batch,.t3pa,2712,98,2026-05-02T19:39:56.912737+00:00,G07-W0050,1707799575.134,Tue Feb 13 05:46:15.134000 2024,20.0,80.0,3.49132,1.8.0,4,MiniPIX
13_tue_proton_daily_batch/toa_tot__r0000028502.t3pa.info,13_tue_proton_daily_batch,.t3pa.info,944,,2026-05-02T19:39:56.904548+00:00,G07-W0050,1707799575.134,Tue Feb 13 05:46:15.134000 2024,20.0,80.0,3.49132,1.8.0,4,MiniPIX
13_tue_proton_daily_batch/toa_tot__r0000028503.t3pa,13_tue_proton_daily_batch,.t3pa,2192,79,2026-05-02T19:39:56.871175+00:00,G07-W0050,1707799595.367,Tue Feb 13 05:46:35.367000 2024,20.0,80.0,3.49132,1.8.0,4,MiniPIX
13_tue_proton_daily_batch/toa_tot__r0000028503.t3pa.info,13_tue_proton_daily_batch,.t3pa.info,944,,2026-05-02T19:39:56.902285+00:00,G07-W0050,1707799595.367,Tue Feb 13 05:46:35.367000 2024,20.0,80.0,3.49132,1.8.0,4,MiniPIX
13_tue_proton_daily_batch/toa_tot__r0000028504.t3pa,13_tue_proton_daily_batch,.t3pa,1738,62,2026-05-02T19:39:56.894169+00:00,G07-W0050,1707799615.6,Tue Feb 13 05:46:55.599999 2024,20.0,80.0,3.49132,1.8.0,4,MiniPIX
13_tue_proton_daily_batch/toa_tot__r0000028504.t3pa.info,13_tue_proton_daily_batch,.t3pa.info,944,,2026-05-02T19:39:56.894295+00:00,G07-W0050,1707799615.6,Tue Feb 13 05:46:55.599999 2024,20.0,80.0,3.49132,1.8.0,4,MiniPIX
13_tue_proton_daily_batch/toa_tot__r0000028505.t3pa,13_tue_proton_daily_batch,.t3pa,1757,64,2026-05-02T19:39:56.866544+00:00,G07-W0050,1707799635.835,Tue Feb 13 05:47:15.835000 2024,20.0,80.0,3.49132,1.8.0,4,MiniPIX
13_tue_proton_daily_batch/toa_tot__r0000028505.t3pa.info,13_tue_proton_daily_batch,.t3pa.info,944,,2026-05-02T19:39:56.906212+00:00,G07-W0050,1707799635.835,Tue Feb 13 05:47:15.835000 2024,20.0,80.0,3.49132,1.8.0,4,MiniPIX
13_tue_proton_daily_batch/toa_tot__r0000028506.t3pa,13_tue_proton_daily_batch,.t3pa,2402,87,2026-05-02T19:39:56.905877+00:00,G07-W0050,1707799656.068,Tue Feb 13 05:47:36.068000 2024,20.0,80.0,3.49132,1.8.0,4,MiniPIX
13_tue_proton_daily_batch/toa_tot__r0000028506.t3pa.info,13_tue_proton_daily_batch,.t3pa.info,944,,2026-05-02T19:39:56.929220+00:00,G07-W0050,1707799656.068,Tue Feb 13 05:47:36.068000 2024,20.0,80.0,3.49132,1.8.0,4,MiniPIX
13_tue_proton_daily_batch/toa_tot__r0000028507.t3pa,13_tue_proton_daily_batch,.t3pa,966,35,2026-05-02T19:39:56.929271+00:00,G07-W0050,1707799676.301,Tue Feb 13 05:47:56.301000 2024,20.0,80.0,3.49132,1.8.0,4,MiniPIX
13_tue_proton_daily_batch/toa_tot__r0000028507.t3pa.info,13_tue_proton_daily_batch,.t3pa.info,944,,2026-05-02T19:39:56.905259+00:00,G07-W0050,1707799676.301,Tue Feb 13 05:47:56.301000 2024,20.0,80.0,3.49132,1.8.0,4,MiniPIX
13_tue_proton_daily_batch/toa_tot__r0000028508.t3pa,13_tue_proton_daily_batch,.t3pa,1809,66,2026-05-02T19:39:56.906267+00:00,G07-W0050,1707799696.533,Tue Feb 13 05:48:16.532999 2024,20.0,80.0,3.49132,1.8.0,4,MiniPIX
13_tue_proton_daily_batch/toa_tot__r0000028508.t3pa.info,13_tue_proton_daily_batch,.t3pa.info,944,,2026-05-02T19:39:56.904910+00:00,G07-W0050,1707799696.533,Tue Feb 13 05:48:16.532999 2024,20.0,80.0,3.49132,1.8.0,4,MiniPIX
13_tue_proton_daily_batch/toa_tot__r0000028509.t3pa,13_tue_proton_daily_batch,.t3pa,1556,56,2026-05-02T19:39:56.866491+00:00,G07-W0050,1707799717.016,Tue Feb 13 05:48:37.016000 2024,20.0,80.0,3.49132,1.8.0,4,MiniPIX
13_tue_proton_daily_batch/toa_tot__r0000028509.t3pa.info,13_tue_proton_daily_batch,.t3pa.info,944,,2026-05-02T19:39:56.924473+00:00,G07-W0050,1707799717.016,Tue Feb 13 05:48:37.016000 2024,20.0,80.0,3.49132,1.8.0,4,MiniPIX
13_tue_proton_daily_batch/toa_tot__r0000028510.t3pa,13_tue_proton_daily_batch,.t3pa,1727,62,2026-05-02T19:39:56.905406+00:00,G07-W0050,1707799737.254,Tue Feb 13 05:48:57.253999 2024,20.0,80.0,3.49132,1.8.0,4,MiniPIX
13_tue_proton_daily_batch/toa_tot__r0000028510.t3pa.info,13_tue_proton_daily_batch,.t3pa.info,944,,2026-05-02T19:39:56.924633+00:00,G07-W0050,1707799737.254,Tue Feb 13 05:48:57.253999 2024,20.0,80.0,3.49132,1.8.0,4,MiniPIX
13_tue_proton_daily_batch/toa_tot__r0000028511.t3pa,13_tue_proton_daily_batch,.t3pa,1373,50,2026-05-02T19:39:56.906818+00:00,G07-W0050,1707799757.487,Tue Feb 13 05:49:17.486999 2024,20.0,80.0,3.49132,1.8.0,4,MiniPIX
13_tue_proton_daily_batch/toa_tot__r0000028511.t3pa.info,13_tue_proton_daily_batch,.t3pa.info,944,,2026-05-02T19:39:56.871127+00:00,G07-W0050,1707799757.487,Tue Feb 13 05:49:17.486999 2024,20.0,80.0,3.49132,1.8.0,4,MiniPIX
13_tue_proton_daily_batch/toa_tot__r0000028512.t3pa,13_tue_proton_daily_batch,.t3pa,1232,44,2026-05-02T19:39:56.912914+00:00,G07-W0050,1707799777.72,Tue Feb 13 05:49:37.720000 2024,20.0,80.0,3.49132,1.8.0,4,MiniPIX
13_tue_proton_daily_batch/toa_tot__r0000028512.t3pa.info,13_tue_proton_daily_batch,.t3pa.info,944,,2026-05-02T19:39:56.901453+00:00,G07-W0050,1707799777.72,Tue Feb 13 05:49:37.720000 2024,20.0,80.0,3.49132,1.8.0,4,MiniPIX
13_tue_proton_daily_batch/toa_tot__r0000028513.t3pa,13_tue_proton_daily_batch,.t3pa,1230,44,2026-05-02T19:39:56.866570+00:00,G07-W0050,1707799797.937,Tue Feb 13 05:49:57.937000 2024,20.0,80.0,3.49132,1.8.0,4,MiniPIX
13_tue_proton_daily_batch/toa_tot__r0000028513.t3pa.info,13_tue_proton_daily_batch,.t3pa.info,944,,2026-05-02T19:39:56.866153+00:00,G07-W0050,1707799797.937,Tue Feb 13 05:49:57.937000 2024,20.0,80.0,3.49132,1.8.0,4,MiniPIX
13_tue_proton_daily_batch/toa_tot__r0000028514.t3pa,13_tue_proton_daily_batch,.t3pa,1109,40,2026-05-02T19:39:56.866055+00:00,G07-W0050,1707799818.186,Tue Feb 13 05:50:18.186000 2024,20.0,80.0,3.49132,1.8.0,4,MiniPIX
13_tue_proton_daily_batch/toa_tot__r0000028514.t3pa.info,13_tue_proton_daily_batch,.t3pa.info,944,,2026-05-02T19:39:56.905047+00:00,G07-W0050,1707799818.186,Tue Feb 13 05:50:18.186000 2024,20.0,80.0,3.49132,1.8.0,4,MiniPIX
13_tue_proton_daily_batch/toa_tot__r0000028515.t3pa,13_tue_proton_daily_batch,.t3pa,1950,70,2026-05-02T19:39:56.872264+00:00,G07-W0050,1707799838.419,Tue Feb 13 05:50:38.418999 2024,20.0,80.0,3.49132,1.8.0,4,MiniPIX
13_tue_proton_daily_batch/toa_tot__r0000028515.t3pa.info,13_tue_proton_daily_batch,.t3pa.info,944,,2026-05-02T19:39:56.901864+00:00,G07-W0050,1707799838.419,Tue Feb 13 05:50:38.418999 2024,20.0,80.0,3.49132,1.8.0,4,MiniPIX
13_tue_proton_daily_batch/toa_tot__r0000028516.t3pa,13_tue_proton_daily_batch,.t3pa,727,26,2026-05-02T19:39:56.929725+00:00,G07-W0050,1707799858.654,Tue Feb 13 05:50:58.654000 2024,20.0,80.0,3.49132,1.8.0,4,MiniPIX
13_tue_proton_daily_batch/toa_tot__r0000028516.t3pa.info,13_tue_proton_daily_batch,.t3pa.info,944,,2026-05-02T19:39:56.901768+00:00,G07-W0050,1707799858.654,Tue Feb 13 05:50:58.654000 2024,20.0,80.0,3.49132,1.8.0,4,MiniPIX
13_tue_proton_daily_batch/toa_tot__r0000028517.t3pa,13_tue_proton_daily_batch,.t3pa,649,23,2026-05-02T19:39:56.866861+00:00,G07-W0050,1707799878.886,Tue Feb 13 05:51:18.885999 2024,20.0,80.0,3.49132,1.8.0,4,MiniPIX
13_tue_proton_daily_batch/toa_tot__r0000028517.t3pa.info,13_tue_proton_daily_batch,.t3pa.info,944,,2026-05-02T19:39:56.901304+00:00,G07-W0050,1707799878.886,Tue Feb 13 05:51:18.885999 2024,20.0,80.0,3.49132,1.8.0,4,MiniPIX
13_tue_proton_daily_batch/toa_tot__r0000028518.t3pa,13_tue_proton_daily_batch,.t3pa,1405,51,2026-05-02T19:39:56.924689+00:00,G07-W0050,1707799900.104,Tue Feb 13 05:51:40.104000 2024,20.0,80.0,3.49132,1.8.0,4,MiniPIX
13_tue_proton_daily_batch/toa_tot__r0000028518.t3pa.info,13_tue_proton_daily_batch,.t3pa.info,944,,2026-05-02T19:39:56.905900+00:00,G07-W0050,1707799900.104,Tue Feb 13 05:51:40.104000 2024,20.0,80.0,3.49132,1.8.0,4,MiniPIX
13_tue_proton_daily_batch/toa_tot__r0000028519.t3pa,13_tue_proton_daily_batch,.t3pa,2397,87,2026-05-02T19:39:56.865755+00:00,G07-W0050,1707799920.337,Tue Feb 13 05:52:00.336999 2024,20.0,80.0,3.49132,1.8.0,4,MiniPIX
13_tue_proton_daily_batch/toa_tot__r0000028519.t3pa.info,13_tue_proton_daily_batch,.t3pa.info,944,,2026-05-02T19:39:56.929510+00:00,G07-W0050,1707799920.337,Tue Feb 13 05:52:00.336999 2024,20.0,80.0,3.49132,1.8.0,4,MiniPIX
13_tue_proton_daily_batch/toa_tot__r0000028520.t3pa,13_tue_proton_daily_batch,.t3pa,842,30,2026-05-02T19:39:56.913661+00:00,G07-W0050,1707799940.569,Tue Feb 13 05:52:20.569000 2024,20.0,80.0,3.49132,1.8.0,4,MiniPIX
13_tue_proton_daily_batch/toa_tot__r0000028520.t3pa.info,13_tue_proton_daily_batch,.t3pa.info,944,,2026-05-02T19:39:56.905449+00:00,G07-W0050,1707799940.569,Tue Feb 13 05:52:20.569000 2024,20.0,80.0,3.49132,1.8.0,4,MiniPIX
13_tue_proton_daily_batch/toa_tot__r0000028521.t3pa,13_tue_proton_daily_batch,.t3pa,1701,61,2026-05-02T19:39:56.905701+00:00,G07-W0050,1707799960.802,Tue Feb 13 05:52:40.802000 2024,20.0,80.0,3.49132,1.8.0,4,MiniPIX
13_tue_proton_daily_batch/toa_tot__r0000028521.t3pa.info,13_tue_proton_daily_batch,.t3pa.info,944,,2026-05-02T19:39:56.912626+00:00,G07-W0050,1707799960.802,Tue Feb 13 05:52:40.802000 2024,20.0,80.0,3.49132,1.8.0,4,MiniPIX
13_tue_proton_daily_batch/toa_tot__r0000028522.t3pa,13_tue_proton_daily_batch,.t3pa,1708,62,2026-05-02T19:39:56.906604+00:00,G07-W0050,1707799981.035,Tue Feb 13 05:53:01.035000 2024,20.0,80.0,3.49132,1.8.0,4,MiniPIX
13_tue_proton_daily_batch/toa_tot__r0000028522.t3pa.info,13_tue_proton_daily_batch,.t3pa.info,944,,2026-05-02T19:39:56.904933+00:00,G07-W0050,1707799981.035,Tue Feb 13 05:53:01.035000 2024,20.0,80.0,3.49132,1.8.0,4,MiniPIX
13_tue_proton_daily_batch/toa_tot__r0000028523.t3pa,13_tue_proton_daily_batch,.t3pa,1788,66,2026-05-02T19:39:56.905621+00:00,G07-W0050,1707800001.268,Tue Feb 13 05:53:21.267999 2024,20.0,80.0,3.49132,1.8.0,4,MiniPIX
13_tue_proton_daily_batch/toa_tot__r0000028523.t3pa.info,13_tue_proton_daily_batch,.t3pa.info,944,,2026-05-02T19:39:56.866838+00:00,G07-W0050,1707800001.268,Tue Feb 13 05:53:21.267999 2024,20.0,80.0,3.49132,1.8.0,4,MiniPIX
13_tue_proton_daily_batch/toa_tot__r0000028524.t3pa,13_tue_proton_daily_batch,.t3pa,1702,61,2026-05-02T19:39:56.872396+00:00,G07-W0050,1707800021.501,Tue Feb 13 05:53:41.500999 2024,20.0,80.0,3.49132,1.8.0,4,MiniPIX
13_tue_proton_daily_batch/toa_tot__r0000028524.t3pa.info,13_tue_proton_daily_batch,.t3pa.info,944,,2026-05-02T19:39:56.930192+00:00,G07-W0050,1707800021.501,Tue Feb 13 05:53:41.500999 2024,20.0,80.0,3.49132,1.8.0,4,MiniPIX
13_tue_proton_daily_batch/toa_tot__r0000028525.t3pa,13_tue_proton_daily_batch,.t3pa,2821,102,2026-05-02T19:39:56.865264+00:00,G07-W0050,1707800041.734,Tue Feb 13 05:54:01.733999 2024,20.0,80.0,3.49132,1.8.0,4,MiniPIX
13_tue_proton_daily_batch/toa_tot__r0000028525.t3pa.info,13_tue_proton_daily_batch,.t3pa.info,944,,2026-05-02T19:39:56.871222+00:00,G07-W0050,1707800041.734,Tue Feb 13 05:54:01.733999 2024,20.0,80.0,3.49132,1.8.0,4,MiniPIX
13_tue_proton_daily_batch/toa_tot__r0000028526.t3pa,13_tue_proton_daily_batch,.t3pa,792,28,2026-05-02T19:39:56.864842+00:00,G07-W0050,1707800061.967,Tue Feb 13 05:54:21.967000 2024,20.0,80.0,3.49132,1.8.0,4,MiniPIX
13_tue_proton_daily_batch/toa_tot__r0000028526.t3pa.info,13_tue_proton_daily_batch,.t3pa.info,944,,2026-05-02T19:39:56.905214+00:00,G07-W0050,1707800061.967,Tue Feb 13 05:54:21.967000 2024,20.0,80.0,3.49132,1.8.0,4,MiniPIX
13_tue_proton_daily_batch/toa_tot__r0000028527.t3pa,13_tue_proton_daily_batch,.t3pa,1355,48,2026-05-02T19:39:56.913010+00:00,G07-W0050,1707800082.2,Tue Feb 13 05:54:42.200000 2024,20.0,80.0,3.49132,1.8.0,4,MiniPIX
13_tue_proton_daily_batch/toa_tot__r0000028527.t3pa.info,13_tue_proton_daily_batch,.t3pa.info,944,,2026-05-02T19:39:56.871347+00:00,G07-W0050,1707800082.2,Tue Feb 13 05:54:42.200000 2024,20.0,80.0,3.49132,1.8.0,4,MiniPIX
13_tue_proton_daily_batch/toa_tot__r0000028528.t3pa,13_tue_proton_daily_batch,.t3pa,678,24,2026-05-02T19:39:56.894721+00:00,G07-W0050,1707800102.433,Tue Feb 13 05:55:02.433000 2024,20.0,80.0,3.49132,1.8.0,4,MiniPIX
13_tue_proton_daily_batch/toa_tot__r0000028528.t3pa.info,13_tue_proton_daily_batch,.t3pa.info,944,,2026-05-02T19:39:56.870821+00:00,G07-W0050,1707800102.433,Tue Feb 13 05:55:02.433000 2024,20.0,80.0,3.49132,1.8.0,4,MiniPIX
13_tue_proton_daily_batch/toa_tot__r0000028529.t3pa,13_tue_proton_daily_batch,.t3pa,1254,45,2026-05-02T19:39:56.905143+00:00,G07-W0050,1707800122.666,Tue Feb 13 05:55:22.665999 2024,20.0,80.0,3.49132,1.8.0,4,MiniPIX
13_tue_proton_daily_batch/toa_tot__r0000028529.t3pa.info,13_tue_proton_daily_batch,.t3pa.info,944,,2026-05-02T19:39:56.870693+00:00,G07-W0050,1707800122.666,Tue Feb 13 05:55:22.665999 2024,20.0,80.0,3.49132,1.8.0,4,MiniPIX
13_tue_proton_daily_batch/toa_tot__r0000028530.t3pa,13_tue_proton_daily_batch,.t3pa,1296,48,2026-05-02T19:39:56.905573+00:00,G07-W0050,1707800142.899,Tue Feb 13 05:55:42.898999 2024,20.0,80.0,3.49132,1.8.0,4,MiniPIX
13_tue_proton_daily_batch/toa_tot__r0000028530.t3pa.info,13_tue_proton_daily_batch,.t3pa.info,944,,2026-05-02T19:39:56.865904+00:00,G07-W0050,1707800142.899,Tue Feb 13 05:55:42.898999 2024,20.0,80.0,3.49132,1.8.0,4,MiniPIX
13_tue_proton_daily_batch/toa_tot__r0000028531.t3pa,13_tue_proton_daily_batch,.t3pa,2045,74,2026-05-02T19:39:56.906508+00:00,G07-W0050,1707800163.131,Tue Feb 13 05:56:03.131000 2024,20.0,80.0,3.49132,1.8.0,4,MiniPIX
13_tue_proton_daily_batch/toa_tot__r0000028531.t3pa.info,13_tue_proton_daily_batch,.t3pa.info,944,,2026-05-02T19:39:56.866665+00:00,G07-W0050,1707800163.131,Tue Feb 13 05:56:03.131000 2024,20.0,80.0,3.49132,1.8.0,4,MiniPIX
13_tue_proton_daily_batch/toa_tot__r0000028532.t3pa,13_tue_proton_daily_batch,.t3pa,1873,67,2026-05-02T19:39:56.901890+00:00,G07-W0050,1707800183.365,Tue Feb 13 05:56:23.365000 2024,20.0,80.0,3.49132,1.8.0,4,MiniPIX
13_tue_proton_daily_batch/toa_tot__r0000028532.t3pa.info,13_tue_proton_daily_batch,.t3pa.info,944,,2026-05-02T19:39:56.865140+00:00,G07-W0050,1707800183.365,Tue Feb 13 05:56:23.365000 2024,20.0,80.0,3.49132,1.8.0,4,MiniPIX
13_tue_proton_daily_batch/toa_tot__r0000028533.t3pa,13_tue_proton_daily_batch,.t3pa,1358,48,2026-05-02T19:39:56.866372+00:00,G07-W0050,1707800203.598,Tue Feb 13 05:56:43.598000 2024,20.0,80.0,3.49132,1.8.0,4,MiniPIX
13_tue_proton_daily_batch/toa_tot__r0000028533.t3pa.info,13_tue_proton_daily_batch,.t3pa.info,944,,2026-05-02T19:39:56.913326+00:00,G07-W0050,1707800203.598,Tue Feb 13 05:56:43.598000 2024,20.0,80.0,3.49132,1.8.0,4,MiniPIX
13_tue_proton_daily_batch/toa_tot__r0000028534.t3pa,13_tue_proton_daily_batch,.t3pa,1068,38,2026-05-02T19:39:56.930145+00:00,G07-W0050,1707800223.831,Tue Feb 13 05:57:03.831000 2024,20.0,80.0,3.49132,1.8.0,4,MiniPIX
13_tue_proton_daily_batch/toa_tot__r0000028534.t3pa.info,13_tue_proton_daily_batch,.t3pa.info,944,,2026-05-02T19:39:56.894864+00:00,G07-W0050,1707800223.831,Tue Feb 13 05:57:03.831000 2024,20.0,80.0,3.49132,1.8.0,4,MiniPIX
13_tue_proton_daily_batch/toa_tot__r0000028535.t3pa,13_tue_proton_daily_batch,.t3pa,1479,53,2026-05-02T19:39:56.871060+00:00,G07-W0050,1707800244.064,Tue Feb 13 05:57:24.063999 2024,20.0,80.0,3.49132,1.8.0,4,MiniPIX
13_tue_proton_daily_batch/toa_tot__r0000028535.t3pa.info,13_tue_proton_daily_batch,.t3pa.info,944,,2026-05-02T19:39:56.865012+00:00,G07-W0050,1707800244.064,Tue Feb 13 05:57:24.063999 2024,20.0,80.0,3.49132,1.8.0,4,MiniPIX
13_tue_proton_daily_batch/toa_tot__r0000028536.t3pa,13_tue_proton_daily_batch,.t3pa,2102,76,2026-05-02T19:39:56.902385+00:00,G07-W0050,1707800264.297,Tue Feb 13 05:57:44.296999 2024,20.0,80.0,3.49132,1.8.0,4,MiniPIX
13_tue_proton_daily_batch/toa_tot__r0000028536.t3pa.info,13_tue_proton_daily_batch,.t3pa.info,944,,2026-05-02T19:39:56.929461+00:00,G07-W0050,1707800264.297,Tue Feb 13 05:57:44.296999 2024,20.0,80.0,3.49132,1.8.0,4,MiniPIX
13_tue_proton_daily_batch/toa_tot__r0000028537.t3pa,13_tue_proton_daily_batch,.t3pa,756,27,2026-05-02T19:39:56.913350+00:00,G07-W0050,1707800284.53,Tue Feb 13 05:58:04.529999 2024,20.0,80.0,3.49132,1.8.0,4,MiniPIX
13_tue_proton_daily_batch/toa_tot__r0000028537.t3pa.info,13_tue_proton_daily_batch,.t3pa.info,944,,2026-05-02T19:39:56.913235+00:00,G07-W0050,1707800284.53,Tue Feb 13 05:58:04.529999 2024,20.0,80.0,3.49132,1.8.0,4,MiniPIX
13_tue_proton_daily_batch/toa_tot__r0000028538.t3pa,13_tue_proton_daily_batch,.t3pa,1591,57,2026-05-02T19:39:56.905803+00:00,G07-W0050,1707800304.763,Tue Feb 13 05:58:24.763000 2024,20.0,80.0,3.49132,1.8.0,4,MiniPIX
13_tue_proton_daily_batch/toa_tot__r0000028538.t3pa.info,13_tue_proton_daily_batch,.t3pa.info,944,,2026-05-02T19:39:56.894572+00:00,G07-W0050,1707800304.763,Tue Feb 13 05:58:24.763000 2024,20.0,80.0,3.49132,1.8.0,4,MiniPIX
13_tue_proton_daily_batch/toa_tot__r0000028539.t3pa,13_tue_proton_daily_batch,.t3pa,572,20,2026-05-02T19:39:56.901685+00:00,G07-W0050,1707800324.996,Tue Feb 13 05:58:44.996000 2024,20.0,80.0,3.49132,1.8.0,4,MiniPIX
13_tue_proton_daily_batch/toa_tot__r0000028539.t3pa.info,13_tue_proton_daily_batch,.t3pa.info,944,,2026-05-02T19:39:56.929629+00:00,G07-W0050,1707800324.996,Tue Feb 13 05:58:44.996000 2024,20.0,80.0,3.49132,1.8.0,4,MiniPIX
13_tue_proton_daily_batch/toa_tot__r0000028540.t3pa,13_tue_proton_daily_batch,.t3pa,1254,45,2026-05-02T19:39:56.894270+00:00,G07-W0050,1707800345.228,Tue Feb 13 05:59:05.227999 2024,20.0,80.0,3.49132,1.8.0,4,MiniPIX
13_tue_proton_daily_batch/toa_tot__r0000028540.t3pa.info,13_tue_proton_daily_batch,.t3pa.info,944,,2026-05-02T19:39:56.905471+00:00,G07-W0050,1707800345.228,Tue Feb 13 05:59:05.227999 2024,20.0,80.0,3.49132,1.8.0,4,MiniPIX
13_tue_proton_daily_batch/toa_tot__r0000028541.t3pa,13_tue_proton_daily_batch,.t3pa,741,26,2026-05-02T19:39:56.924663+00:00,G07-W0050,1707800365.461,Tue Feb 13 05:59:25.460999 2024,20.0,80.0,3.49132,1.8.0,4,MiniPIX
13_tue_proton_daily_batch/toa_tot__r0000028541.t3pa.info,13_tue_proton_daily_batch,.t3pa.info,944,,2026-05-02T19:39:56.894318+00:00,G07-W0050,1707800365.461,Tue Feb 13 05:59:25.460999 2024,20.0,80.0,3.49132,1.8.0,4,MiniPIX
13_tue_proton_daily_batch/toa_tot__r0000028542.t3pa,13_tue_proton_daily_batch,.t3pa,1199,43,2026-05-02T19:39:56.870868+00:00,G07-W0050,1707800385.695,Tue Feb 13 05:59:45.694999 2024,20.0,80.0,3.49132,1.8.0,4,MiniPIX
13_tue_proton_daily_batch/toa_tot__r0000028542.t3pa.info,13_tue_proton_daily_batch,.t3pa.info,944,,2026-05-02T19:39:56.866201+00:00,G07-W0050,1707800385.695,Tue Feb 13 05:59:45.694999 2024,20.0,80.0,3.49132,1.8.0,4,MiniPIX
13_tue_proton_daily_batch/toa_tot__r0000028543.t3pa,13_tue_proton_daily_batch,.t3pa,1316,47,2026-05-02T19:39:56.867169+00:00,G07-W0050,1707800405.928,Tue Feb 13 06:00:05.927999 2024,20.0,80.0,3.49132,1.8.0,4,MiniPIX
13_tue_proton_daily_batch/toa_tot__r0000028543.t3pa.info,13_tue_proton_daily_batch,.t3pa.info,944,,2026-05-02T19:39:56.904739+00:00,G07-W0050,1707800405.928,Tue Feb 13 06:00:05.927999 2024,20.0,80.0,3.49132,1.8.0,4,MiniPIX
13_tue_proton_daily_batch/toa_tot__r0000028544.t3pa,13_tue_proton_daily_batch,.t3pa,1360,49,2026-05-02T19:39:56.929247+00:00,G07-W0050,1707800426.161,Tue Feb 13 06:00:26.161000 2024,20.0,80.0,3.49132,1.8.0,4,MiniPIX
13_tue_proton_daily_batch/toa_tot__r0000028544.t3pa.info,13_tue_proton_daily_batch,.t3pa.info,944,,2026-05-02T19:39:56.872421+00:00,G07-W0050,1707800426.161,Tue Feb 13 06:00:26.161000 2024,20.0,80.0,3.49132,1.8.0,4,MiniPIX
13_tue_proton_daily_batch/toa_tot__r0000028545.t3pa,13_tue_proton_daily_batch,.t3pa,2525,92,2026-05-02T19:39:56.912840+00:00,G07-W0050,1707800446.394,Tue Feb 13 06:00:46.394000 2024,20.0,80.0,3.49132,1.8.0,4,MiniPIX
13_tue_proton_daily_batch/toa_tot__r0000028545.t3pa.info,13_tue_proton_daily_batch,.t3pa.info,944,,2026-05-02T19:39:56.904865+00:00,G07-W0050,1707800446.394,Tue Feb 13 06:00:46.394000 2024,20.0,80.0,3.49132,1.8.0,4,MiniPIX
13_tue_proton_daily_batch/toa_tot__r0000028546.t3pa,13_tue_proton_daily_batch,.t3pa,1265,46,2026-05-02T19:39:56.865683+00:00,G07-W0050,1707800466.627,Tue Feb 13 06:01:06.627000 2024,20.0,80.0,3.49132,1.8.0,4,MiniPIX
13_tue_proton_daily_batch/toa_tot__r0000028546.t3pa.info,13_tue_proton_daily_batch,.t3pa.info,944,,2026-05-02T19:39:56.894475+00:00,G07-W0050,1707800466.627,Tue Feb 13 06:01:06.627000 2024,20.0,80.0,3.49132,1.8.0,4,MiniPIX
13_tue_proton_daily_batch/toa_tot__r0000028547.t3pa,13_tue_proton_daily_batch,.t3pa,1423,51,2026-05-02T19:39:56.902310+00:00,G07-W0050,1707800487.86,Tue Feb 13 06:01:27.859999 2024,20.0,80.0,3.49132,1.8.0,4,MiniPIX
13_tue_proton_daily_batch/toa_tot__r0000028547.t3pa.info,13_tue_proton_daily_batch,.t3pa.info,944,,2026-05-02T19:39:56.870989+00:00,G07-W0050,1707800487.86,Tue Feb 13 06:01:27.859999 2024,20.0,80.0,3.49132,1.8.0,4,MiniPIX
13_tue_proton_daily_batch/toa_tot__r0000028548.t3pa,13_tue_proton_daily_batch,.t3pa,1396,50,2026-05-02T19:39:56.916345+00:00,G07-W0050,1707800508.094,Tue Feb 13 06:01:48.094000 2024,20.0,80.0,3.49132,1.8.0,4,MiniPIX
13_tue_proton_daily_batch/toa_tot__r0000028548.t3pa.info,13_tue_proton_daily_batch,.t3pa.info,944,,2026-05-02T19:39:56.916368+00:00,G07-W0050,1707800508.094,Tue Feb 13 06:01:48.094000 2024,20.0,80.0,3.49132,1.8.0,4,MiniPIX
13_tue_proton_daily_batch/toa_tot__r0000028549.t3pa,13_tue_proton_daily_batch,.t3pa,1353,49,2026-05-02T19:39:56.902239+00:00,G07-W0050,1707800528.327,Tue Feb 13 06:02:08.326999 2024,20.0,80.0,3.49132,1.8.0,4,MiniPIX
13_tue_proton_daily_batch/toa_tot__r0000028549.t3pa.info,13_tue_proton_daily_batch,.t3pa.info,944,,2026-05-02T19:39:56.870798+00:00,G07-W0050,1707800528.327,Tue Feb 13 06:02:08.326999 2024,20.0,80.0,3.49132,1.8.0,4,MiniPIX
13_tue_proton_daily_batch/toa_tot__r0000028550.t3pa,13_tue_proton_daily_batch,.t3pa,1087,39,2026-05-02T19:39:56.870893+00:00,G07-W0050,1707800548.562,Tue Feb 13 06:02:28.562000 2024,20.0,80.0,3.49132,1.8.0,4,MiniPIX
13_tue_proton_daily_batch/toa_tot__r0000028550.t3pa.info,13_tue_proton_daily_batch,.t3pa.info,944,,2026-05-02T19:39:56.894112+00:00,G07-W0050,1707800548.562,Tue Feb 13 06:02:28.562000 2024,20.0,80.0,3.49132,1.8.0,4,MiniPIX
13_tue_proton_daily_batch/toa_tot__r0000028551.t3pa,13_tue_proton_daily_batch,.t3pa,2402,86,2026-05-02T19:39:56.864983+00:00,G07-W0050,1707800568.795,Tue Feb 13 06:02:48.795000 2024,20.0,80.0,3.49132,1.8.0,4,MiniPIX
13_tue_proton_daily_batch/toa_tot__r0000028551.t3pa.info,13_tue_proton_daily_batch,.t3pa.info,944,,2026-05-02T19:39:56.865708+00:00,G07-W0050,1707800568.795,Tue Feb 13 06:02:48.795000 2024,20.0,80.0,3.49132,1.8.0,4,MiniPIX
13_tue_proton_daily_batch/toa_tot__r0000028552.t3pa,13_tue_proton_daily_batch,.t3pa,7638527,244515,2026-05-02T19:39:56.891730+00:00,G07-W0050,1707800589.028,Tue Feb 13 06:03:09.028000 2024,20.0,80.0,3.49132,1.8.0,4,MiniPIX
13_tue_proton_daily_batch/toa_tot__r0000028552.t3pa.info,13_tue_proton_daily_batch,.t3pa.info,944,,2026-05-02T19:39:56.905524+00:00,G07-W0050,1707800589.028,Tue Feb 13 06:03:09.028000 2024,20.0,80.0,3.49132,1.8.0,4,MiniPIX
13_tue_proton_daily_batch/toa_tot__r0000028553.t3pa,13_tue_proton_daily_batch,.t3pa,6366087,208020,2026-05-02T19:39:56.899730+00:00,G07-W0050,1707800609.542,Tue Feb 13 06:03:29.542000 2024,20.0,80.0,3.49132,1.8.0,4,MiniPIX
13_tue_proton_daily_batch/toa_tot__r0000028553.t3pa.info,13_tue_proton_daily_batch,.t3pa.info,944,,2026-05-02T19:39:56.901570+00:00,G07-W0050,1707800609.542,Tue Feb 13 06:03:29.542000 2024,20.0,80.0,3.49132,1.8.0,4,MiniPIX
13_tue_proton_daily_batch/toa_tot__r0000028554.t3pa,13_tue_proton_daily_batch,.t3pa,10018657,323631,2026-05-02T19:39:56.883729+00:00,G07-W0050,1707800629.931,Tue Feb 13 06:03:49.930999 2024,20.0,80.0,3.49132,1.8.0,4,MiniPIX
13_tue_proton_daily_batch/toa_tot__r0000028554.t3pa.info,13_tue_proton_daily_batch,.t3pa.info,944,,2026-05-02T19:39:56.904888+00:00,G07-W0050,1707800629.931,Tue Feb 13 06:03:49.930999 2024,20.0,80.0,3.49132,1.8.0,4,MiniPIX
13_tue_proton_daily_batch/toa_tot__r0000028555.t3pa,13_tue_proton_daily_batch,.t3pa,8244292,264094,2026-05-02T19:39:56.922731+00:00,G07-W0050,1707800650.382,Tue Feb 13 06:04:10.381999 2024,20.0,80.0,3.49132,1.8.0,4,MiniPIX
13_tue_proton_daily_batch/toa_tot__r0000028555.t3pa.info,13_tue_proton_daily_batch,.t3pa.info,944,,2026-05-02T19:39:56.901791+00:00,G07-W0050,1707800650.382,Tue Feb 13 06:04:10.381999 2024,20.0,80.0,3.49132,1.8.0,4,MiniPIX
13_tue_proton_daily_batch/toa_tot__r0000028556.t3pa,13_tue_proton_daily_batch,.t3pa,5858,209,2026-05-02T19:39:56.894376+00:00,G07-W0050,1707800671.068,Tue Feb 13 06:04:31.068000 2024,20.0,80.0,3.49132,1.8.0,4,MiniPIX
13_tue_proton_daily_batch/toa_tot__r0000028556.t3pa.info,13_tue_proton_daily_batch,.t3pa.info,944,,2026-05-02T19:39:56.867477+00:00,G07-W0050,1707800671.068,Tue Feb 13 06:04:31.068000 2024,20.0,80.0,3.49132,1.8.0,4,MiniPIX
13_tue_proton_daily_batch/toa_tot__r0000028557.t3pa,13_tue_proton_daily_batch,.t3pa,6335,225,2026-05-02T19:39:56.905977+00:00,G07-W0050,1707800691.317,Tue Feb 13 06:04:51.316999 2024,20.0,80.0,3.49132,1.8.0,4,MiniPIX
13_tue_proton_daily_batch/toa_tot__r0000028557.t3pa.info,13_tue_proton_daily_batch,.t3pa.info,944,,2026-05-02T19:39:56.905357+00:00,G07-W0050,1707800691.317,Tue Feb 13 06:04:51.316999 2024,20.0,80.0,3.49132,1.8.0,4,MiniPIX
13_tue_proton_daily_batch/toa_tot__r0000028558.t3pa,13_tue_proton_daily_batch,.t3pa,3897,140,2026-05-02T19:39:56.871250+00:00,G07-W0050,1707800711.55,Tue Feb 13 06:05:11.549999 2024,20.0,80.0,3.49132,1.8.0,4,MiniPIX
13_tue_proton_daily_batch/toa_tot__r0000028558.t3pa.info,13_tue_proton_daily_batch,.t3pa.info,944,,2026-05-02T19:39:56.916242+00:00,G07-W0050,1707800711.55,Tue Feb 13 06:05:11.549999 2024,20.0,80.0,3.49132,1.8.0,4,MiniPIX
13_tue_proton_daily_batch/toa_tot__r0000028559.t3pa,13_tue_proton_daily_batch,.t3pa,2913,106,2026-05-02T19:39:56.865612+00:00,G07-W0050,1707800731.783,Tue Feb 13 06:05:31.782999 2024,20.0,80.0,3.49132,1.8.0,4,MiniPIX
13_tue_proton_daily_batch/toa_tot__r0000028559.t3pa.info,13_tue_proton_daily_batch,.t3pa.info,944,,2026-05-02T19:39:56.865487+00:00,G07-W0050,1707800731.783,Tue Feb 13 06:05:31.782999 2024,20.0,80.0,3.49132,1.8.0,4,MiniPIX
13_tue_proton_daily_batch/toa_tot__r0000028560.t3pa,13_tue_proton_daily_batch,.t3pa,2811,102,2026-05-02T19:39:56.913637+00:00,G07-W0050,1707800752.019,Tue Feb 13 06:05:52.019000 2024,20.0,80.0,3.49132,1.8.0,4,MiniPIX
13_tue_proton_daily_batch/toa_tot__r0000028560.t3pa.info,13_tue_proton_daily_batch,.t3pa.info,944,,2026-05-02T19:39:56.912962+00:00,G07-W0050,1707800752.019,Tue Feb 13 06:05:52.019000 2024,20.0,80.0,3.49132,1.8.0,4,MiniPIX
13_tue_proton_daily_batch/toa_tot__r0000028561.t3pa,13_tue_proton_daily_batch,.t3pa,1319,47,2026-05-02T19:39:56.865510+00:00,G07-W0050,1707800772.252,Tue Feb 13 06:06:12.252000 2024,20.0,80.0,3.49132,1.8.0,4,MiniPIX
13_tue_proton_daily_batch/toa_tot__r0000028561.t3pa.info,13_tue_proton_daily_batch,.t3pa.info,944,,2026-05-02T19:39:56.894646+00:00,G07-W0050,1707800772.252,Tue Feb 13 06:06:12.252000 2024,20.0,80.0,3.49132,1.8.0,4,MiniPIX
13_tue_proton_daily_batch/toa_tot__r0000028562.t3pa,13_tue_proton_daily_batch,.t3pa,3024,109,2026-05-02T19:39:56.929656+00:00,G07-W0050,1707800792.487,Tue Feb 13 06:06:32.486999 2024,20.0,80.0,3.49132,1.8.0,4,MiniPIX
13_tue_proton_daily_batch/toa_tot__r0000028562.t3pa.info,13_tue_proton_daily_batch,.t3pa.info,944,,2026-05-02T19:39:56.865294+00:00,G07-W0050,1707800792.487,Tue Feb 13 06:06:32.486999 2024,20.0,80.0,3.49132,1.8.0,4,MiniPIX
13_tue_proton_daily_batch/toa_tot__r0000028563.t3pa,13_tue_proton_daily_batch,.t3pa,2719,98,2026-05-02T19:39:56.867205+00:00,G07-W0050,1707800812.72,Tue Feb 13 06:06:52.720000 2024,20.0,80.0,3.49132,1.8.0,4,MiniPIX
13_tue_proton_daily_batch/toa_tot__r0000028563.t3pa.info,13_tue_proton_daily_batch,.t3pa.info,944,,2026-05-02T19:39:56.867380+00:00,G07-W0050,1707800812.72,Tue Feb 13 06:06:52.720000 2024,20.0,80.0,3.49132,1.8.0,4,MiniPIX
13_tue_proton_daily_batch/toa_tot__r0000028564.t3pa,13_tue_proton_daily_batch,.t3pa,2634,95,2026-05-02T19:39:56.864899+00:00,G07-W0050,1707800832.953,Tue Feb 13 06:07:12.953000 2024,20.0,80.0,3.49132,1.8.0,4,MiniPIX
13_tue_proton_daily_batch/toa_tot__r0000028564.t3pa.info,13_tue_proton_daily_batch,.t3pa.info,944,,2026-05-02T19:39:56.866976+00:00,G07-W0050,1707800832.953,Tue Feb 13 06:07:12.953000 2024,20.0,80.0,3.49132,1.8.0,4,MiniPIX
13_tue_proton_daily_batch/toa_tot__r0000028565.t3pa,13_tue_proton_daily_batch,.t3pa,2237,81,2026-05-02T19:39:56.894749+00:00,G07-W0050,1707800853.186,Tue Feb 13 06:07:33.186000 2024,20.0,80.0,3.49132,1.8.0,4,MiniPIX
13_tue_proton_daily_batch/toa_tot__r0000028565.t3pa.info,13_tue_proton_daily_batch,.t3pa.info,944,,2026-05-02T19:39:56.866443+00:00,G07-W0050,1707800853.186,Tue Feb 13 06:07:33.186000 2024,20.0,80.0,3.49132,1.8.0,4,MiniPIX
13_tue_proton_daily_batch/toa_tot__r0000028566.t3pa,13_tue_proton_daily_batch,.t3pa,1298,47,2026-05-02T19:39:56.894500+00:00,G07-W0050,1707800873.419,Tue Feb 13 06:07:53.418999 2024,20.0,80.0,3.49132,1.8.0,4,MiniPIX
13_tue_proton_daily_batch/toa_tot__r0000028566.t3pa.info,13_tue_proton_daily_batch,.t3pa.info,944,,2026-05-02T19:39:56.872339+00:00,G07-W0050,1707800873.419,Tue Feb 13 06:07:53.418999 2024,20.0,80.0,3.49132,1.8.0,4,MiniPIX
13_tue_proton_daily_batch/toa_tot__r0000028567.t3pa,13_tue_proton_daily_batch,.t3pa,2419,87,2026-05-02T19:39:56.929192+00:00,G07-W0050,1707800893.652,Tue Feb 13 06:08:13.651999 2024,20.0,80.0,3.49132,1.8.0,4,MiniPIX
13_tue_proton_daily_batch/toa_tot__r0000028567.t3pa.info,13_tue_proton_daily_batch,.t3pa.info,944,,2026-05-02T19:39:56.906533+00:00,G07-W0050,1707800893.652,Tue Feb 13 06:08:13.651999 2024,20.0,80.0,3.49132,1.8.0,4,MiniPIX
13_tue_proton_daily_batch/toa_tot__r0000028568.t3pa,13_tue_proton_daily_batch,.t3pa,657,23,2026-05-02T19:39:56.916121+00:00,G07-W0050,1707800913.887,Tue Feb 13 06:08:33.887000 2024,20.0,80.0,3.49132,1.8.0,4,MiniPIX
13_tue_proton_daily_batch/toa_tot__r0000028568.t3pa.info,13_tue_proton_daily_batch,.t3pa.info,944,,2026-05-02T19:39:56.865731+00:00,G07-W0050,1707800913.887,Tue Feb 13 06:08:33.887000 2024,20.0,80.0,3.49132,1.8.0,4,MiniPIX
13_tue_proton_daily_batch/toa_tot__r0000028569.t3pa,13_tue_proton_daily_batch,.t3pa,2124,76,2026-05-02T19:39:56.866176+00:00,G07-W0050,1707800934.136,Tue Feb 13 06:08:54.135999 2024,20.0,80.0,3.49132,1.8.0,4,MiniPIX
13_tue_proton_daily_batch/toa_tot__r0000028569.t3pa.info,13_tue_proton_daily_batch,.t3pa.info,944,,2026-05-02T19:39:56.893878+00:00,G07-W0050,1707800934.136,Tue Feb 13 06:08:54.135999 2024,20.0,80.0,3.49132,1.8.0,4,MiniPIX
13_tue_proton_daily_batch/toa_tot__r0000028570.t3pa,13_tue_proton_daily_batch,.t3pa,566,20,2026-05-02T19:39:56.872548+00:00,G07-W0050,1707800954.373,Tue Feb 13 06:09:14.372999 2024,20.0,80.0,3.49132,1.8.0,4,MiniPIX
13_tue_proton_daily_batch/toa_tot__r0000028570.t3pa.info,13_tue_proton_daily_batch,.t3pa.info,944,,2026-05-02T19:39:56.905642+00:00,G07-W0050,1707800954.373,Tue Feb 13 06:09:14.372999 2024,20.0,80.0,3.49132,1.8.0,4,MiniPIX
13_tue_proton_daily_batch/toa_tot__r0000028571.t3pa,13_tue_proton_daily_batch,.t3pa,2314,83,2026-05-02T19:39:56.913158+00:00,G07-W0050,1707800974.606,Tue Feb 13 06:09:34.605999 2024,20.0,80.0,3.49132,1.8.0,4,MiniPIX
13_tue_proton_daily_batch/toa_tot__r0000028571.t3pa.info,13_tue_proton_daily_batch,.t3pa.info,944,,2026-05-02T19:39:56.912786+00:00,G07-W0050,1707800974.606,Tue Feb 13 06:09:34.605999 2024,20.0,80.0,3.49132,1.8.0,4,MiniPIX
13_tue_proton_daily_batch/toa_tot__r0000028572.t3pa,13_tue_proton_daily_batch,.t3pa,2096,75,2026-05-02T19:39:56.894037+00:00,G07-W0050,1707800994.839,Tue Feb 13 06:09:54.838999 2024,20.0,80.0,3.49132,1.8.0,4,MiniPIX
13_tue_proton_daily_batch/toa_tot__r0000028572.t3pa.info,13_tue_proton_daily_batch,.t3pa.info,944,,2026-05-02T19:39:56.867049+00:00,G07-W0050,1707800994.839,Tue Feb 13 06:09:54.838999 2024,20.0,80.0,3.49132,1.8.0,4,MiniPIX
13_tue_proton_daily_batch/toa_tot__r0000028573.t3pa,13_tue_proton_daily_batch,.t3pa,1573,57,2026-05-02T19:39:56.894623+00:00,G07-W0050,1707801015.057,Tue Feb 13 06:10:15.056999 2024,20.0,80.0,3.49132,1.8.0,4,MiniPIX
13_tue_proton_daily_batch/toa_tot__r0000028573.t3pa.info,13_tue_proton_daily_batch,.t3pa.info,944,,2026-05-02T19:39:56.905191+00:00,G07-W0050,1707801015.057,Tue Feb 13 06:10:15.056999 2024,20.0,80.0,3.49132,1.8.0,4,MiniPIX
13_tue_proton_daily_batch/toa_tot__r0000028574.t3pa,13_tue_proton_daily_batch,.t3pa,1030,37,2026-05-02T19:39:56.924530+00:00,G07-W0050,1707801035.305,Tue Feb 13 06:10:35.305000 2024,20.0,80.0,3.49132,1.8.0,4,MiniPIX
13_tue_proton_daily_batch/toa_tot__r0000028574.t3pa.info,13_tue_proton_daily_batch,.t3pa.info,944,,2026-05-02T19:39:56.906626+00:00,G07-W0050,1707801035.305,Tue Feb 13 06:10:35.305000 2024,20.0,80.0,3.49132,1.8.0,4,MiniPIX
13_tue_proton_daily_batch/toa_tot__r0000028575.t3pa,13_tue_proton_daily_batch,.t3pa,992,36,2026-05-02T19:39:56.929825+00:00,G07-W0050,1707801055.538,Tue Feb 13 06:10:55.538000 2024,20.0,80.0,3.49132,1.8.0,4,MiniPIX
13_tue_proton_daily_batch/toa_tot__r0000028575.t3pa.info,13_tue_proton_daily_batch,.t3pa.info,944,,2026-05-02T19:39:56.905281+00:00,G07-W0050,1707801055.538,Tue Feb 13 06:10:55.538000 2024,20.0,80.0,3.49132,1.8.0,4,MiniPIX
13_tue_proton_daily_batch/toa_tot__r0000028576.t3pa,13_tue_proton_daily_batch,.t3pa,813,29,2026-05-02T19:39:56.924609+00:00,G07-W0050,1707801075.771,Tue Feb 13 06:11:15.770999 2024,20.0,80.0,3.49132,1.8.0,4,MiniPIX
13_tue_proton_daily_batch/toa_tot__r0000028576.t3pa.info,13_tue_proton_daily_batch,.t3pa.info,944,,2026-05-02T19:39:56.872370+00:00,G07-W0050,1707801075.771,Tue Feb 13 06:11:15.770999 2024,20.0,80.0,3.49132,1.8.0,4,MiniPIX
13_tue_proton_daily_batch/toa_tot__r0000028577.t3pa,13_tue_proton_daily_batch,.t3pa,1520,54,2026-05-02T19:39:56.912889+00:00,G07-W0050,1707801096.004,Tue Feb 13 06:11:36.003999 2024,20.0,80.0,3.49132,1.8.0,4,MiniPIX
13_tue_proton_daily_batch/toa_tot__r0000028577.t3pa.info,13_tue_proton_daily_batch,.t3pa.info,944,,2026-05-02T19:39:56.870843+00:00,G07-W0050,1707801096.004,Tue Feb 13 06:11:36.003999 2024,20.0,80.0,3.49132,1.8.0,4,MiniPIX
13_tue_proton_daily_batch/toa_tot__r0000028578.t3pa,13_tue_proton_daily_batch,.t3pa,2054,74,2026-05-02T19:39:56.904958+00:00,G07-W0050,1707801116.237,Tue Feb 13 06:11:56.236999 2024,20.0,80.0,3.49132,1.8.0,4,MiniPIX
13_tue_proton_daily_batch/toa_tot__r0000028578.t3pa.info,13_tue_proton_daily_batch,.t3pa.info,944,,2026-05-02T19:39:56.906674+00:00,G07-W0050,1707801116.237,Tue Feb 13 06:11:56.236999 2024,20.0,80.0,3.49132,1.8.0,4,MiniPIX
13_tue_proton_daily_batch/toa_tot__r0000028579.t3pa,13_tue_proton_daily_batch,.t3pa,2816,101,2026-05-02T19:39:56.867427+00:00,G07-W0050,1707801137.454,Tue Feb 13 06:12:17.453999 2024,20.0,80.0,3.49132,1.8.0,4,MiniPIX
13_tue_proton_daily_batch/toa_tot__r0000028579.t3pa.info,13_tue_proton_daily_batch,.t3pa.info,944,,2026-05-02T19:39:56.865589+00:00,G07-W0050,1707801137.454,Tue Feb 13 06:12:17.453999 2024,20.0,80.0,3.49132,1.8.0,4,MiniPIX
13_tue_proton_daily_batch/toa_tot__r0000028580.t3pa,13_tue_proton_daily_batch,.t3pa,622,22,2026-05-02T19:39:56.913303+00:00,G07-W0050,1707801157.687,Tue Feb 13 06:12:37.687000 2024,20.0,80.0,3.49132,1.8.0,4,MiniPIX
13_tue_proton_daily_batch/toa_tot__r0000028580.t3pa.info,13_tue_proton_daily_batch,.t3pa.info,944,,2026-05-02T19:39:56.886269+00:00,G07-W0050,1707801157.687,Tue Feb 13 06:12:37.687000 2024,20.0,80.0,3.49132,1.8.0,4,MiniPIX
13_tue_proton_daily_batch/toa_tot__r0000028581.t3pa,13_tue_proton_daily_batch,.t3pa,1205,43,2026-05-02T19:39:56.872572+00:00,G07-W0050,1707801177.92,Tue Feb 13 06:12:57.920000 2024,20.0,80.0,3.49132,1.8.0,4,MiniPIX
13_tue_proton_daily_batch/toa_tot__r0000028581.t3pa.info,13_tue_proton_daily_batch,.t3pa.info,944,,2026-05-02T19:39:56.866999+00:00,G07-W0050,1707801177.92,Tue Feb 13 06:12:57.920000 2024,20.0,80.0,3.49132,1.8.0,4,MiniPIX
13_tue_proton_daily_batch/toa_tot__r0000028582.t3pa,13_tue_proton_daily_batch,.t3pa,1376,49,2026-05-02T19:39:56.901546+00:00,G07-W0050,1707801198.158,Tue Feb 13 06:13:18.157999 2024,20.0,80.0,3.49132,1.8.0,4,MiniPIX
13_tue_proton_daily_batch/toa_tot__r0000028582.t3pa.info,13_tue_proton_daily_batch,.t3pa.info,944,,2026-05-02T19:39:56.870966+00:00,G07-W0050,1707801198.158,Tue Feb 13 06:13:18.157999 2024,20.0,80.0,3.49132,1.8.0,4,MiniPIX
13_tue_proton_daily_batch/toa_tot__r0000028583.t3pa,13_tue_proton_daily_batch,.t3pa,1127,41,2026-05-02T19:39:56.929486+00:00,G07-W0050,1707801218.391,Tue Feb 13 06:13:38.391000 2024,20.0,80.0,3.49132,1.8.0,4,MiniPIX
13_tue_proton_daily_batch/toa_tot__r0000028583.t3pa.info,13_tue_proton_daily_batch,.t3pa.info,944,,2026-05-02T19:39:56.929702+00:00,G07-W0050,1707801218.391,Tue Feb 13 06:13:38.391000 2024,20.0,80.0,3.49132,1.8.0,4,MiniPIX
13_tue_proton_daily_batch/toa_tot__r0000028584.t3pa,13_tue_proton_daily_batch,.t3pa,861,31,2026-05-02T19:39:56.865164+00:00,G07-W0050,1707801238.624,Tue Feb 13 06:13:58.624000 2024,20.0,80.0,3.49132,1.8.0,4,MiniPIX
13_tue_proton_daily_batch/toa_tot__r0000028584.t3pa.info,13_tue_proton_daily_batch,.t3pa.info,944,,2026-05-02T19:39:56.865240+00:00,G07-W0050,1707801238.624,Tue Feb 13 06:13:58.624000 2024,20.0,80.0,3.49132,1.8.0,4,MiniPIX
13_tue_proton_daily_batch/toa_tot__r0000028585.t3pa,13_tue_proton_daily_batch,.t3pa,1584,57,2026-05-02T19:39:56.902140+00:00,G07-W0050,1707801258.857,Tue Feb 13 06:14:18.857000 2024,20.0,80.0,3.49132,1.8.0,4,MiniPIX
13_tue_proton_daily_batch/toa_tot__r0000028585.t3pa.info,13_tue_proton_daily_batch,.t3pa.info,944,,2026-05-02T19:39:56.902039+00:00,G07-W0050,1707801258.857,Tue Feb 13 06:14:18.857000 2024,20.0,80.0,3.49132,1.8.0,4,MiniPIX
13_tue_proton_daily_batch/toa_tot__r0000028586.t3pa,13_tue_proton_daily_batch,.t3pa,900,32,2026-05-02T19:39:56.902410+00:00,G07-W0050,1707801279.09,Tue Feb 13 06:14:39.089999 2024,20.0,80.0,3.49132,1.8.0,4,MiniPIX
13_tue_proton_daily_batch/toa_tot__r0000028586.t3pa.info,13_tue_proton_daily_batch,.t3pa.info,944,,2026-05-02T19:39:56.870917+00:00,G07-W0050,1707801279.09,Tue Feb 13 06:14:39.089999 2024,20.0,80.0,3.49132,1.8.0,4,MiniPIX
13_tue_proton_daily_batch/toa_tot__r0000028587.t3pa,13_tue_proton_daily_batch,.t3pa,997,36,2026-05-02T19:39:56.906121+00:00,G07-W0050,1707801299.323,Tue Feb 13 06:14:59.322999 2024,20.0,80.0,3.49132,1.8.0,4,MiniPIX
13_tue_proton_daily_batch/toa_tot__r0000028587.t3pa.info,13_tue_proton_daily_batch,.t3pa.info,944,,2026-05-02T19:39:56.929344+00:00,G07-W0050,1707801299.323,Tue Feb 13 06:14:59.322999 2024,20.0,80.0,3.49132,1.8.0,4,MiniPIX
13_tue_proton_daily_batch/toa_tot__r0000028588.t3pa,13_tue_proton_daily_batch,.t3pa,1411,51,2026-05-02T19:39:56.916269+00:00,G07-W0050,1707801319.556,Tue Feb 13 06:15:19.555999 2024,20.0,80.0,3.49132,1.8.0,4,MiniPIX
13_tue_proton_daily_batch/toa_tot__r0000028588.t3pa.info,13_tue_proton_daily_batch,.t3pa.info,944,,2026-05-02T19:39:56.901407+00:00,G07-W0050,1707801319.556,Tue Feb 13 06:15:19.555999 2024,20.0,80.0,3.49132,1.8.0,4,MiniPIX
13_tue_proton_daily_batch/toa_tot__r0000028589.t3pa,13_tue_proton_daily_batch,.t3pa,1189,42,2026-05-02T19:39:56.867097+00:00,G07-W0050,1707801339.789,Tue Feb 13 06:15:39.789000 2024,20.0,80.0,3.49132,1.8.0,4,MiniPIX
13_tue_proton_daily_batch/toa_tot__r0000028589.t3pa.info,13_tue_proton_daily_batch,.t3pa.info,944,,2026-05-02T19:39:56.913608+00:00,G07-W0050,1707801339.789,Tue Feb 13 06:15:39.789000 2024,20.0,80.0,3.49132,1.8.0,4,MiniPIX
13_tue_proton_daily_batch/toa_tot__r0000028590.t3pa,13_tue_proton_daily_batch,.t3pa,929,33,2026-05-02T19:39:56.913708+00:00,G07-W0050,1707801360.022,Tue Feb 13 06:16:00.022000 2024,20.0,80.0,3.49132,1.8.0,4,MiniPIX
13_tue_proton_daily_batch/toa_tot__r0000028590.t3pa.info,13_tue_proton_daily_batch,.t3pa.info,944,,2026-05-02T19:39:56.929415+00:00,G07-W0050,1707801360.022,Tue Feb 13 06:16:00.022000 2024,20.0,80.0,3.49132,1.8.0,4,MiniPIX
13_tue_proton_daily_batch/toa_tot__r0000028591.t3pa,13_tue_proton_daily_batch,.t3pa,797,28,2026-05-02T19:39:56.930169+00:00,G07-W0050,1707801380.255,Tue Feb 13 06:16:20.255000 2024,20.0,80.0,3.49132,1.8.0,4,MiniPIX
13_tue_proton_daily_batch/toa_tot__r0000028591.t3pa.info,13_tue_proton_daily_batch,.t3pa.info,944,,2026-05-02T19:39:56.904599+00:00,G07-W0050,1707801380.255,Tue Feb 13 06:16:20.255000 2024,20.0,80.0,3.49132,1.8.0,4,MiniPIX
13_tue_proton_daily_batch/toa_tot__r0000028592.t3pa,13_tue_proton_daily_batch,.t3pa,1377,49,2026-05-02T19:39:56.906744+00:00,G07-W0050,1707801400.489,Tue Feb 13 06:16:40.489000 2024,20.0,80.0,3.49132,1.8.0,4,MiniPIX
13_tue_proton_daily_batch/toa_tot__r0000028592.t3pa.info,13_tue_proton_daily_batch,.t3pa.info,944,,2026-05-02T19:39:56.894245+00:00,G07-W0050,1707801400.489,Tue Feb 13 06:16:40.489000 2024,20.0,80.0,3.49132,1.8.0,4,MiniPIX
13_tue_proton_daily_batch/toa_tot__r0000028593.t3pa,13_tue_proton_daily_batch,.t3pa,1331,47,2026-05-02T19:39:56.865999+00:00,G07-W0050,1707801420.722,Tue Feb 13 06:17:00.721999 2024,20.0,80.0,3.49132,1.8.0,4,MiniPIX
13_tue_proton_daily_batch/toa_tot__r0000028593.t3pa.info,13_tue_proton_daily_batch,.t3pa.info,944,,2026-05-02T19:39:56.865661+00:00,G07-W0050,1707801420.722,Tue Feb 13 06:17:00.721999 2024,20.0,80.0,3.49132,1.8.0,4,MiniPIX
13_tue_proton_daily_batch/toa_tot__r0000028594.t3pa,13_tue_proton_daily_batch,.t3pa,1010,36,2026-05-02T19:39:56.913105+00:00,G07-W0050,1707801440.94,Tue Feb 13 06:17:20.940000 2024,20.0,80.0,3.49132,1.8.0,4,MiniPIX
13_tue_proton_daily_batch/toa_tot__r0000028594.t3pa.info,13_tue_proton_daily_batch,.t3pa.info,944,,2026-05-02T19:39:56.913056+00:00,G07-W0050,1707801440.94,Tue Feb 13 06:17:20.940000 2024,20.0,80.0,3.49132,1.8.0,4,MiniPIX
13_tue_proton_daily_batch/toa_tot__r0000028595.t3pa,13_tue_proton_daily_batch,.t3pa,1430,52,2026-05-02T19:39:56.866813+00:00,G07-W0050,1707801461.188,Tue Feb 13 06:17:41.187999 2024,20.0,80.0,3.49132,1.8.0,4,MiniPIX
13_tue_proton_daily_batch/toa_tot__r0000028595.t3pa.info,13_tue_proton_daily_batch,.t3pa.info,944,,2026-05-02T19:39:56.866764+00:00,G07-W0050,1707801461.188,Tue Feb 13 06:17:41.187999 2024,20.0,80.0,3.49132,1.8.0,4,MiniPIX
13_tue_proton_daily_batch/toa_tot__r0000028596.t3pa,13_tue_proton_daily_batch,.t3pa,1141,42,2026-05-02T19:39:56.870944+00:00,G07-W0050,1707801481.421,Tue Feb 13 06:18:01.421000 2024,20.0,80.0,3.49132,1.8.0,4,MiniPIX
13_tue_proton_daily_batch/toa_tot__r0000028596.t3pa.info,13_tue_proton_daily_batch,.t3pa.info,944,,2026-05-02T19:39:56.872595+00:00,G07-W0050,1707801481.421,Tue Feb 13 06:18:01.421000 2024,20.0,80.0,3.49132,1.8.0,4,MiniPIX
13_tue_proton_daily_batch/toa_tot__r0000028597.t3pa,13_tue_proton_daily_batch,.t3pa,354,12,2026-05-02T19:39:56.894672+00:00,G07-W0050,1707801501.654,Tue Feb 13 06:18:21.654000 2024,20.0,80.0,3.49132,1.8.0,4,MiniPIX
13_tue_proton_daily_batch/toa_tot__r0000028597.t3pa.info,13_tue_proton_daily_batch,.t3pa.info,944,,2026-05-02T19:39:56.905777+00:00,G07-W0050,1707801501.654,Tue Feb 13 06:18:21.654000 2024,20.0,80.0,3.49132,1.8.0,4,MiniPIX
13_tue_proton_daily_batch/toa_tot__r0000028598.t3pa,13_tue_proton_daily_batch,.t3pa,1044,37,2026-05-02T19:39:56.866270+00:00,G07-W0050,1707801521.887,Tue Feb 13 06:18:41.887000 2024,20.0,80.0,3.49132,1.8.0,4,MiniPIX
13_tue_proton_daily_batch/toa_tot__r0000028598.t3pa.info,13_tue_proton_daily_batch,.t3pa.info,944,,2026-05-02T19:39:56.866128+00:00,G07-W0050,1707801521.887,Tue Feb 13 06:18:41.887000 2024,20.0,80.0,3.49132,1.8.0,4,MiniPIX
13_tue_proton_daily_batch/toa_tot__r0000028599.t3pa,13_tue_proton_daily_batch,.t3pa,1056,38,2026-05-02T19:39:56.893843+00:00,G07-W0050,1707801542.12,Tue Feb 13 06:19:02.119999 2024,20.0,80.0,3.49132,1.8.0,4,MiniPIX
13_tue_proton_daily_batch/toa_tot__r0000028599.t3pa.info,13_tue_proton_daily_batch,.t3pa.info,944,,2026-05-02T19:39:56.867022+00:00,G07-W0050,1707801542.12,Tue Feb 13 06:19:02.119999 2024,20.0,80.0,3.49132,1.8.0,4,MiniPIX
13_tue_proton_daily_batch/toa_tot__r0000028600.t3pa,13_tue_proton_daily_batch,.t3pa,1620,58,2026-05-02T19:39:56.866689+00:00,G07-W0050,1707801562.353,Tue Feb 13 06:19:22.352999 2024,20.0,80.0,3.49132,1.8.0,4,MiniPIX
13_tue_proton_daily_batch/toa_tot__r0000028600.t3pa.info,13_tue_proton_daily_batch,.t3pa.info,944,,2026-05-02T19:39:56.906482+00:00,G07-W0050,1707801562.353,Tue Feb 13 06:19:22.352999 2024,20.0,80.0,3.49132,1.8.0,4,MiniPIX
13_tue_proton_daily_batch/toa_tot__r0000028601.t3pa,13_tue_proton_daily_batch,.t3pa,921,33,2026-05-02T19:39:56.866103+00:00,G07-W0050,1707801582.586,Tue Feb 13 06:19:42.585999 2024,20.0,80.0,3.49132,1.8.0,4,MiniPIX
13_tue_proton_daily_batch/toa_tot__r0000028601.t3pa.info,13_tue_proton_daily_batch,.t3pa.info,944,,2026-05-02T19:39:56.906908+00:00,G07-W0050,1707801582.586,Tue Feb 13 06:19:42.585999 2024,20.0,80.0,3.49132,1.8.0,4,MiniPIX
13_tue_proton_daily_batch/toa_tot__r0000028602.t3pa,13_tue_proton_daily_batch,.t3pa,709,25,2026-05-02T19:39:56.905851+00:00,G07-W0050,1707801602.82,Tue Feb 13 06:20:02.819999 2024,20.0,80.0,3.49132,1.8.0,4,MiniPIX
13_tue_proton_daily_batch/toa_tot__r0000028602.t3pa.info,13_tue_proton_daily_batch,.t3pa.info,944,,2026-05-02T19:39:56.865390+00:00,G07-W0050,1707801602.82,Tue Feb 13 06:20:02.819999 2024,20.0,80.0,3.49132,1.8.0,4,MiniPIX
13_tue_proton_daily_batch/toa_tot__r0000028603.t3pa,13_tue_proton_daily_batch,.t3pa,653,23,2026-05-02T19:39:56.865879+00:00,G07-W0050,1707801623.053,Tue Feb 13 06:20:23.052999 2024,20.0,80.0,3.49132,1.8.0,4,MiniPIX
13_tue_proton_daily_batch/toa_tot__r0000028603.t3pa.info,13_tue_proton_daily_batch,.t3pa.info,944,,2026-05-02T19:39:56.913684+00:00,G07-W0050,1707801623.053,Tue Feb 13 06:20:23.052999 2024,20.0,80.0,3.49132,1.8.0,4,MiniPIX
13_tue_proton_daily_batch/toa_tot__r0000028604.t3pa,13_tue_proton_daily_batch,.t3pa,1085,39,2026-05-02T19:39:56.901383+00:00,G07-W0050,1707801643.286,Tue Feb 13 06:20:43.286000 2024,20.0,80.0,3.49132,1.8.0,4,MiniPIX
13_tue_proton_daily_batch/toa_tot__r0000028604.t3pa.info,13_tue_proton_daily_batch,.t3pa.info,944,,2026-05-02T19:39:56.913258+00:00,G07-W0050,1707801643.286,Tue Feb 13 06:20:43.286000 2024,20.0,80.0,3.49132,1.8.0,4,MiniPIX
13_tue_proton_daily_batch/toa_tot__r0000028605.t3pa,13_tue_proton_daily_batch,.t3pa,1303,47,2026-05-02T19:39:56.912655+00:00,G07-W0050,1707801663.519,Tue Feb 13 06:21:03.519000 2024,20.0,80.0,3.49132,1.8.0,4,MiniPIX
13_tue_proton_daily_batch/toa_tot__r0000028605.t3pa.info,13_tue_proton_daily_batch,.t3pa.info,944,,2026-05-02T19:39:56.906720+00:00,G07-W0050,1707801663.519,Tue Feb 13 06:21:03.519000 2024,20.0,80.0,3.49132,1.8.0,4,MiniPIX
13_tue_proton_daily_batch/toa_tot__r0000028606.t3pa,13_tue_proton_daily_batch,.t3pa,765,27,2026-05-02T19:39:56.905428+00:00,G07-W0050,1707801683.752,Tue Feb 13 06:21:23.752000 2024,20.0,80.0,3.49132,1.8.0,4,MiniPIX
13_tue_proton_daily_batch/toa_tot__r0000028606.t3pa.info,13_tue_proton_daily_batch,.t3pa.info,944,,2026-05-02T19:39:56.866930+00:00,G07-W0050,1707801683.752,Tue Feb 13 06:21:23.752000 2024,20.0,80.0,3.49132,1.8.0,4,MiniPIX
13_tue_proton_daily_batch/toa_tot__r0000028607.t3pa,13_tue_proton_daily_batch,.t3pa,1076,38,2026-05-02T19:39:56.867072+00:00,G07-W0050,1707801703.985,Tue Feb 13 06:21:43.984999 2024,20.0,80.0,3.49132,1.8.0,4,MiniPIX
13_tue_proton_daily_batch/toa_tot__r0000028607.t3pa.info,13_tue_proton_daily_batch,.t3pa.info,944,,2026-05-02T19:39:56.894064+00:00,G07-W0050,1707801703.985,Tue Feb 13 06:21:43.984999 2024,20.0,80.0,3.49132,1.8.0,4,MiniPIX
13_tue_proton_daily_batch/toa_tot__r0000028608.t3pa,13_tue_proton_daily_batch,.t3pa,906,33,2026-05-02T19:39:56.866884+00:00,G07-W0050,1707801724.218,Tue Feb 13 06:22:04.217999 2024,20.0,80.0,3.49132,1.8.0,4,MiniPIX
13_tue_proton_daily_batch/toa_tot__r0000028608.t3pa.info,13_tue_proton_daily_batch,.t3pa.info,944,,2026-05-02T19:39:56.867282+00:00,G07-W0050,1707801724.218,Tue Feb 13 06:22:04.217999 2024,20.0,80.0,3.49132,1.8.0,4,MiniPIX
13_tue_proton_daily_batch/toa_tot__r0000028609.t3pa,13_tue_proton_daily_batch,.t3pa,520,18,2026-05-02T19:39:56.906387+00:00,G07-W0050,1707801744.451,Tue Feb 13 06:22:24.450999 2024,20.0,80.0,3.49132,1.8.0,4,MiniPIX
13_tue_proton_daily_batch/toa_tot__r0000028609.t3pa.info,13_tue_proton_daily_batch,.t3pa.info,944,,2026-05-02T19:39:56.916218+00:00,G07-W0050,1707801744.451,Tue Feb 13 06:22:24.450999 2024,20.0,80.0,3.49132,1.8.0,4,MiniPIX
13_tue_proton_daily_batch/toa_tot__r0000028610.t3pa,13_tue_proton_daily_batch,.t3pa,1132,41,2026-05-02T19:39:56.867603+00:00,G07-W0050,1707801764.684,Tue Feb 13 06:22:44.684000 2024,20.0,80.0,3.49132,1.8.0,4,MiniPIX
13_tue_proton_daily_batch/toa_tot__r0000028610.t3pa.info,13_tue_proton_daily_batch,.t3pa.info,944,,2026-05-02T19:39:56.865214+00:00,G07-W0050,1707801764.684,Tue Feb 13 06:22:44.684000 2024,20.0,80.0,3.49132,1.8.0,4,MiniPIX
13_tue_proton_daily_batch/toa_tot__r0000028611.t3pa,13_tue_proton_daily_batch,.t3pa,934,34,2026-05-02T19:39:56.875754+00:00,G07-W0050,1707801784.917,Tue Feb 13 06:23:04.917000 2024,20.0,80.0,3.49132,1.8.0,4,MiniPIX
13_tue_proton_daily_batch/toa_tot__r0000028611.t3pa.info,13_tue_proton_daily_batch,.t3pa.info,944,,2026-05-02T19:39:56.905827+00:00,G07-W0050,1707801784.917,Tue Feb 13 06:23:04.917000 2024,20.0,80.0,3.49132,1.8.0,4,MiniPIX
13_tue_proton_daily_batch/toa_tot__r0000028612.t3pa,13_tue_proton_daily_batch,.t3pa,845,30,2026-05-02T19:39:56.916320+00:00,G07-W0050,1707801805.15,Tue Feb 13 06:23:25.150000 2024,20.0,80.0,3.49132,1.8.0,4,MiniPIX
13_tue_proton_daily_batch/toa_tot__r0000028612.t3pa.info,13_tue_proton_daily_batch,.t3pa.info,944,,2026-05-02T19:39:56.901429+00:00,G07-W0050,1707801805.15,Tue Feb 13 06:23:25.150000 2024,20.0,80.0,3.49132,1.8.0,4,MiniPIX
13_tue_proton_daily_batch/toa_tot__r0000028613.t3pa,13_tue_proton_daily_batch,.t3pa,627,22,2026-05-02T19:39:56.867357+00:00,G07-W0050,1707801825.383,Tue Feb 13 06:23:45.382999 2024,20.0,80.0,3.49132,1.8.0,4,MiniPIX
13_tue_proton_daily_batch/toa_tot__r0000028613.t3pa.info,13_tue_proton_daily_batch,.t3pa.info,944,,2026-05-02T19:39:56.866907+00:00,G07-W0050,1707801825.383,Tue Feb 13 06:23:45.382999 2024,20.0,80.0,3.49132,1.8.0,4,MiniPIX
13_tue_proton_daily_batch/toa_tot__r0000028614.t3pa,13_tue_proton_daily_batch,.t3pa,729,26,2026-05-02T19:39:56.865318+00:00,G07-W0050,1707801845.616,Tue Feb 13 06:24:05.615999 2024,20.0,80.0,3.49132,1.8.0,4,MiniPIX
13_tue_proton_daily_batch/toa_tot__r0000028614.t3pa.info,13_tue_proton_daily_batch,.t3pa.info,944,,2026-05-02T19:39:56.871036+00:00,G07-W0050,1707801845.616,Tue Feb 13 06:24:05.615999 2024,20.0,80.0,3.49132,1.8.0,4,MiniPIX
13_tue_proton_daily_batch/toa_tot__r0000028615.t3pa,13_tue_proton_daily_batch,.t3pa,878,31,2026-05-02T19:39:56.871371+00:00,G07-W0050,1707801865.849,Tue Feb 13 06:24:25.848999 2024,20.0,80.0,3.49132,1.8.0,4,MiniPIX
13_tue_proton_daily_batch/toa_tot__r0000028615.t3pa.info,13_tue_proton_daily_batch,.t3pa.info,944,,2026-05-02T19:39:56.894222+00:00,G07-W0050,1707801865.849,Tue Feb 13 06:24:25.848999 2024,20.0,80.0,3.49132,1.8.0,4,MiniPIX
13_tue_proton_daily_batch/toa_tot__r0000028616.t3pa,13_tue_proton_daily_batch,.t3pa,980,35,2026-05-02T19:39:56.906365+00:00,G07-W0050,1707801886.082,Tue Feb 13 06:24:46.082000 2024,20.0,80.0,3.49132,1.8.0,4,MiniPIX
13_tue_proton_daily_batch/toa_tot__r0000028616.t3pa.info,13_tue_proton_daily_batch,.t3pa.info,944,,2026-05-02T19:39:56.871149+00:00,G07-W0050,1707801886.082,Tue Feb 13 06:24:46.082000 2024,20.0,80.0,3.49132,1.8.0,4,MiniPIX
13_tue_proton_daily_batch/toa_tot__r0000028617.t3pa,13_tue_proton_daily_batch,.t3pa,747,26,2026-05-02T19:39:56.904763+00:00,G07-W0050,1707801906.315,Tue Feb 13 06:25:06.315000 2024,20.0,80.0,3.49132,1.8.0,4,MiniPIX
13_tue_proton_daily_batch/toa_tot__r0000028617.t3pa.info,13_tue_proton_daily_batch,.t3pa.info,944,,2026-05-02T19:39:56.929392+00:00,G07-W0050,1707801906.315,Tue Feb 13 06:25:06.315000 2024,20.0,80.0,3.49132,1.8.0,4,MiniPIX
13_tue_proton_daily_batch/toa_tot__r0000028618.t3pa,13_tue_proton_daily_batch,.t3pa,1329,48,2026-05-02T19:39:56.894697+00:00,G07-W0050,1707801926.547,Tue Feb 13 06:25:26.546999 2024,20.0,80.0,3.49132,1.8.0,4,MiniPIX
13_tue_proton_daily_batch/toa_tot__r0000028618.t3pa.info,13_tue_proton_daily_batch,.t3pa.info,944,,2026-05-02T19:39:56.904787+00:00,G07-W0050,1707801926.547,Tue Feb 13 06:25:26.546999 2024,20.0,80.0,3.49132,1.8.0,4,MiniPIX
13_tue_proton_daily_batch/toa_tot__r0000028619.t3pa,13_tue_proton_daily_batch,.t3pa,2580,96,2026-05-02T19:39:56.866295+00:00,G07-W0050,1707801946.78,Tue Feb 13 06:25:46.779999 2024,20.0,80.0,3.49132,1.8.0,4,MiniPIX
13_tue_proton_daily_batch/toa_tot__r0000028619.t3pa.info,13_tue_proton_daily_batch,.t3pa.info,944,,2026-05-02T19:39:56.906098+00:00,G07-W0050,1707801946.78,Tue Feb 13 06:25:46.779999 2024,20.0,80.0,3.49132,1.8.0,4,MiniPIX
13_tue_proton_daily_batch/toa_tot__r0000028620.t3pa,13_tue_proton_daily_batch,.t3pa,2125,78,2026-05-02T19:39:56.905168+00:00,G07-W0050,1707801966.998,Tue Feb 13 06:26:06.997999 2024,20.0,80.0,3.49132,1.8.0,4,MiniPIX
13_tue_proton_daily_batch/toa_tot__r0000028620.t3pa.info,13_tue_proton_daily_batch,.t3pa.info,944,,2026-05-02T19:39:56.904575+00:00,G07-W0050,1707801966.998,Tue Feb 13 06:26:06.997999 2024,20.0,80.0,3.49132,1.8.0,4,MiniPIX
13_tue_proton_daily_batch/toa_tot__r0000028621.t3pa,13_tue_proton_daily_batch,.t3pa,1150,42,2026-05-02T19:39:56.924584+00:00,G07-W0050,1707801987.246,Tue Feb 13 06:26:27.246000 2024,20.0,80.0,3.49132,1.8.0,4,MiniPIX
13_tue_proton_daily_batch/toa_tot__r0000028621.t3pa.info,13_tue_proton_daily_batch,.t3pa.info,944,,2026-05-02T19:39:56.866224+00:00,G07-W0050,1707801987.246,Tue Feb 13 06:26:27.246000 2024,20.0,80.0,3.49132,1.8.0,4,MiniPIX
13_tue_proton_daily_batch/toa_tot__r0000028622.t3pa,13_tue_proton_daily_batch,.t3pa,2745,100,2026-05-02T19:39:56.867305+00:00,G07-W0050,1707802007.479,Tue Feb 13 06:26:47.479000 2024,20.0,80.0,3.49132,1.8.0,4,MiniPIX
13_tue_proton_daily_batch/toa_tot__r0000028622.t3pa.info,13_tue_proton_daily_batch,.t3pa.info,944,,2026-05-02T19:39:56.865413+00:00,G07-W0050,1707802007.479,Tue Feb 13 06:26:47.479000 2024,20.0,80.0,3.49132,1.8.0,4,MiniPIX
13_tue_proton_daily_batch/toa_tot__r0000028623.t3pa,13_tue_proton_daily_batch,.t3pa,1747,64,2026-05-02T19:39:56.930122+00:00,G07-W0050,1707802027.712,Tue Feb 13 06:27:07.711999 2024,20.0,80.0,3.49132,1.8.0,4,MiniPIX
13_tue_proton_daily_batch/toa_tot__r0000028623.t3pa.info,13_tue_proton_daily_batch,.t3pa.info,944,,2026-05-02T19:39:56.912591+00:00,G07-W0050,1707802027.712,Tue Feb 13 06:27:07.711999 2024,20.0,80.0,3.49132,1.8.0,4,MiniPIX
13_tue_proton_daily_batch/toa_tot__r0000028624.t3pa,13_tue_proton_daily_batch,.t3pa,2830,103,2026-05-02T19:39:56.865436+00:00,G07-W0050,1707802047.945,Tue Feb 13 06:27:27.944999 2024,20.0,80.0,3.49132,1.8.0,4,MiniPIX
13_tue_proton_daily_batch/toa_tot__r0000028624.t3pa.info,13_tue_proton_daily_batch,.t3pa.info,944,,2026-05-02T19:39:56.866325+00:00,G07-W0050,1707802047.945,Tue Feb 13 06:27:27.944999 2024,20.0,80.0,3.49132,1.8.0,4,MiniPIX
13_tue_proton_daily_batch/toa_tot__r0000028625.t3pa,13_tue_proton_daily_batch,.t3pa,2596,96,2026-05-02T19:39:56.906319+00:00,G07-W0050,1707802068.178,Tue Feb 13 06:27:48.177999 2024,20.0,80.0,3.49132,1.8.0,4,MiniPIX
13_tue_proton_daily_batch/toa_tot__r0000028625.t3pa.info,13_tue_proton_daily_batch,.t3pa.info,944,,2026-05-02T19:39:56.865089+00:00,G07-W0050,1707802068.178,Tue Feb 13 06:27:48.177999 2024,20.0,80.0,3.49132,1.8.0,4,MiniPIX
13_tue_proton_daily_batch/toa_tot__r0000028626.t3pa,13_tue_proton_daily_batch,.t3pa,1553,57,2026-05-02T19:39:56.901744+00:00,G07-W0050,1707802088.411,Tue Feb 13 06:28:08.411000 2024,20.0,80.0,3.49132,1.8.0,4,MiniPIX
13_tue_proton_daily_batch/toa_tot__r0000028626.t3pa.info,13_tue_proton_daily_batch,.t3pa.info,944,,2026-05-02T19:39:56.912708+00:00,G07-W0050,1707802088.411,Tue Feb 13 06:28:08.411000 2024,20.0,80.0,3.49132,1.8.0,4,MiniPIX
13_tue_proton_daily_batch/toa_tot__r0000028627.t3pa,13_tue_proton_daily_batch,.t3pa,2008,74,2026-05-02T19:39:56.886237+00:00,G07-W0050,1707802108.644,Tue Feb 13 06:28:28.644000 2024,20.0,80.0,3.49132,1.8.0,4,MiniPIX
13_tue_proton_daily_batch/toa_tot__r0000028627.t3pa.info,13_tue_proton_daily_batch,.t3pa.info,944,,2026-05-02T19:39:56.901815+00:00,G07-W0050,1707802108.644,Tue Feb 13 06:28:28.644000 2024,20.0,80.0,3.49132,1.8.0,4,MiniPIX
13_tue_proton_daily_batch/toa_tot__r0000028628.t3pa,13_tue_proton_daily_batch,.t3pa,2242,83,2026-05-02T19:39:56.906052+00:00,G07-W0050,1707802129.861,Tue Feb 13 06:28:49.861000 2024,20.0,80.0,3.49132,1.8.0,4,MiniPIX
13_tue_proton_daily_batch/toa_tot__r0000028628.t3pa.info,13_tue_proton_daily_batch,.t3pa.info,944,,2026-05-02T19:39:56.865366+00:00,G07-W0050,1707802129.861,Tue Feb 13 06:28:49.861000 2024,20.0,80.0,3.49132,1.8.0,4,MiniPIX
13_tue_proton_daily_batch/toa_tot__r0000028629.t3pa,13_tue_proton_daily_batch,.t3pa,667,24,2026-05-02T19:39:56.866024+00:00,G07-W0050,1707802150.094,Tue Feb 13 06:29:10.094000 2024,20.0,80.0,3.49132,1.8.0,4,MiniPIX
13_tue_proton_daily_batch/toa_tot__r0000028629.t3pa.info,13_tue_proton_daily_batch,.t3pa.info,944,,2026-05-02T19:39:56.906886+00:00,G07-W0050,1707802150.094,Tue Feb 13 06:29:10.094000 2024,20.0,80.0,3.49132,1.8.0,4,MiniPIX
13_tue_proton_daily_batch/toa_tot__r0000028630.t3pa,13_tue_proton_daily_batch,.t3pa,1095,39,2026-05-02T19:39:56.929749+00:00,G07-W0050,1707802170.327,Tue Feb 13 06:29:30.326999 2024,20.0,80.0,3.49132,1.8.0,4,MiniPIX
13_tue_proton_daily_batch/toa_tot__r0000028630.t3pa.info,13_tue_proton_daily_batch,.t3pa.info,944,,2026-05-02T19:39:56.930097+00:00,G07-W0050,1707802170.327,Tue Feb 13 06:29:30.326999 2024,20.0,80.0,3.49132,1.8.0,4,MiniPIX
13_tue_proton_daily_batch/toa_tot__r0000028631.t3pa,13_tue_proton_daily_batch,.t3pa,984,35,2026-05-02T19:39:56.913130+00:00,G07-W0050,1707802190.56,Tue Feb 13 06:29:50.559999 2024,20.0,80.0,3.49132,1.8.0,4,MiniPIX
13_tue_proton_daily_batch/toa_tot__r0000028631.t3pa.info,13_tue_proton_daily_batch,.t3pa.info,944,,2026-05-02T19:39:56.865976+00:00,G07-W0050,1707802190.56,Tue Feb 13 06:29:50.559999 2024,20.0,80.0,3.49132,1.8.0,4,MiniPIX
13_tue_proton_daily_batch/toa_tot__r0000028632.t3pa,13_tue_proton_daily_batch,.t3pa,515,18,2026-05-02T19:39:56.929607+00:00,G07-W0050,1707802210.792,Tue Feb 13 06:30:10.792000 2024,20.0,80.0,3.49132,1.8.0,4,MiniPIX
13_tue_proton_daily_batch/toa_tot__r0000028632.t3pa.info,13_tue_proton_daily_batch,.t3pa.info,944,,2026-05-02T19:39:56.867258+00:00,G07-W0050,1707802210.792,Tue Feb 13 06:30:10.792000 2024,20.0,80.0,3.49132,1.8.0,4,MiniPIX
13_tue_proton_daily_batch/toa_tot__r0000028633.t3pa,13_tue_proton_daily_batch,.t3pa,790,28,2026-05-02T19:39:56.916172+00:00,G07-W0050,1707802231.007,Tue Feb 13 06:30:31.006999 2024,20.0,80.0,3.49132,1.8.0,4,MiniPIX
13_tue_proton_daily_batch/toa_tot__r0000028633.t3pa.info,13_tue_proton_daily_batch,.t3pa.info,944,,2026-05-02T19:39:56.905923+00:00,G07-W0050,1707802231.007,Tue Feb 13 06:30:31.006999 2024,20.0,80.0,3.49132,1.8.0,4,MiniPIX
13_tue_proton_daily_batch/toa_tot__r0000028634.t3pa,13_tue_proton_daily_batch,.t3pa,707,25,2026-05-02T19:39:56.867234+00:00,G07-W0050,1707802251.255,Tue Feb 13 06:30:51.255000 2024,20.0,80.0,3.49132,1.8.0,4,MiniPIX
13_tue_proton_daily_batch/toa_tot__r0000028634.t3pa.info,13_tue_proton_daily_batch,.t3pa.info,944,,2026-05-02T19:39:56.901639+00:00,G07-W0050,1707802251.255,Tue Feb 13 06:30:51.255000 2024,20.0,80.0,3.49132,1.8.0,4,MiniPIX
13_tue_proton_daily_batch/toa_tot__r0000028635.t3pa,13_tue_proton_daily_batch,.t3pa,1968,70,2026-05-02T19:39:56.905311+00:00,G07-W0050,1707802271.488,Tue Feb 13 06:31:11.487999 2024,20.0,80.0,3.49132,1.8.0,4,MiniPIX
13_tue_proton_daily_batch/toa_tot__r0000028635.t3pa.info,13_tue_proton_daily_batch,.t3pa.info,944,,2026-05-02T19:39:56.905093+00:00,G07-W0050,1707802271.488,Tue Feb 13 06:31:11.487999 2024,20.0,80.0,3.49132,1.8.0,4,MiniPIX
13_tue_proton_daily_batch/toa_tot__r0000028636.t3pa,13_tue_proton_daily_batch,.t3pa,463,16,2026-05-02T19:39:56.902213+00:00,G07-W0050,1707802291.721,Tue Feb 13 06:31:31.720999 2024,20.0,80.0,3.49132,1.8.0,4,MiniPIX
13_tue_proton_daily_batch/toa_tot__r0000028636.t3pa.info,13_tue_proton_daily_batch,.t3pa.info,944,,2026-05-02T19:39:56.929773+00:00,G07-W0050,1707802291.721,Tue Feb 13 06:31:31.720999 2024,20.0,80.0,3.49132,1.8.0,4,MiniPIX
13_tue_proton_daily_batch/toa_tot__r0000028637.t3pa,13_tue_proton_daily_batch,.t3pa,701,25,2026-05-02T19:39:56.929853+00:00,G07-W0050,1707802311.939,Tue Feb 13 06:31:51.938999 2024,20.0,80.0,3.49132,1.8.0,4,MiniPIX
13_tue_proton_daily_batch/toa_tot__r0000028637.t3pa.info,13_tue_proton_daily_batch,.t3pa.info,944,,2026-05-02T19:39:56.904981+00:00,G07-W0050,1707802311.939,Tue Feb 13 06:31:51.938999 2024,20.0,80.0,3.49132,1.8.0,4,MiniPIX
13_tue_proton_daily_batch/toa_tot__r0000028638.t3pa,13_tue_proton_daily_batch,.t3pa,999,36,2026-05-02T19:39:56.904717+00:00,G07-W0050,1707802332.19,Tue Feb 13 06:32:12.190000 2024,20.0,80.0,3.49132,1.8.0,4,MiniPIX
13_tue_proton_daily_batch/toa_tot__r0000028638.t3pa.info,13_tue_proton_daily_batch,.t3pa.info,944,,2026-05-02T19:39:56.930214+00:00,G07-W0050,1707802332.19,Tue Feb 13 06:32:12.190000 2024,20.0,80.0,3.49132,1.8.0,4,MiniPIX
13_tue_proton_daily_batch/toa_tot__r0000028639.t3pa,13_tue_proton_daily_batch,.t3pa,851,30,2026-05-02T19:39:56.902190+00:00,G07-W0050,1707802352.423,Tue Feb 13 06:32:32.423000 2024,20.0,80.0,3.49132,1.8.0,4,MiniPIX
13_tue_proton_daily_batch/toa_tot__r0000028639.t3pa.info,13_tue_proton_daily_batch,.t3pa.info,944,,2026-05-02T19:39:56.867147+00:00,G07-W0050,1707802352.423,Tue Feb 13 06:32:32.423000 2024,20.0,80.0,3.49132,1.8.0,4,MiniPIX
13_tue_proton_daily_batch/toa_tot__r0000028640.t3pa,13_tue_proton_daily_batch,.t3pa,743,26,2026-05-02T19:39:56.906292+00:00,G07-W0050,1707802372.656,Tue Feb 13 06:32:52.655999 2024,20.0,80.0,3.49132,1.8.0,4,MiniPIX
13_tue_proton_daily_batch/toa_tot__r0000028640.t3pa.info,13_tue_proton_daily_batch,.t3pa.info,944,,2026-05-02T19:39:56.906003+00:00,G07-W0050,1707802372.656,Tue Feb 13 06:32:52.655999 2024,20.0,80.0,3.49132,1.8.0,4,MiniPIX
13_tue_proton_daily_batch/toa_tot__r0000028641.t3pa,13_tue_proton_daily_batch,.t3pa,514,18,2026-05-02T19:39:56.902332+00:00,G07-W0050,1707802392.874,Tue Feb 13 06:33:12.874000 2024,20.0,80.0,3.49132,1.8.0,4,MiniPIX
13_tue_proton_daily_batch/toa_tot__r0000028641.t3pa.info,13_tue_proton_daily_batch,.t3pa.info,944,,2026-05-02T19:39:56.865063+00:00,G07-W0050,1707802392.874,Tue Feb 13 06:33:12.874000 2024,20.0,80.0,3.49132,1.8.0,4,MiniPIX
13_tue_proton_daily_batch/toa_tot__r0000028642.t3pa,13_tue_proton_daily_batch,.t3pa,624,22,2026-05-02T19:39:56.906841+00:00,G07-W0050,1707802413.122,Tue Feb 13 06:33:33.121999 2024,20.0,80.0,3.49132,1.8.0,4,MiniPIX
13_tue_proton_daily_batch/toa_tot__r0000028642.t3pa.info,13_tue_proton_daily_batch,.t3pa.info,944,,2026-05-02T19:39:56.864930+00:00,G07-W0050,1707802413.122,Tue Feb 13 06:33:33.121999 2024,20.0,80.0,3.49132,1.8.0,4,MiniPIX
13_tue_proton_daily_batch/toa_tot__r0000028643.t3pa,13_tue_proton_daily_batch,.t3pa,2517,90,2026-05-02T19:39:56.904842+00:00,G07-W0050,1707802433.355,Tue Feb 13 06:33:53.355000 2024,20.0,80.0,3.49132,1.8.0,4,MiniPIX
13_tue_proton_daily_batch/toa_tot__r0000028643.t3pa.info,13_tue_proton_daily_batch,.t3pa.info,944,,2026-05-02T19:39:56.894839+00:00,G07-W0050,1707802433.355,Tue Feb 13 06:33:53.355000 2024,20.0,80.0,3.49132,1.8.0,4,MiniPIX
13_tue_proton_daily_batch/toa_tot__r0000028644.t3pa,13_tue_proton_daily_batch,.t3pa,1078,39,2026-05-02T19:39:56.866715+00:00,G07-W0050,1707802453.588,Tue Feb 13 06:34:13.588000 2024,20.0,80.0,3.49132,1.8.0,4,MiniPIX
13_tue_proton_daily_batch/toa_tot__r0000028644.t3pa.info,13_tue_proton_daily_batch,.t3pa.info,944,,2026-05-02T19:39:56.866080+00:00,G07-W0050,1707802453.588,Tue Feb 13 06:34:13.588000 2024,20.0,80.0,3.49132,1.8.0,4,MiniPIX
13_tue_proton_daily_batch/toa_tot__r0000028645.t3pa,13_tue_proton_daily_batch,.t3pa,1014,36,2026-05-02T19:39:56.866520+00:00,G07-W0050,1707802473.821,Tue Feb 13 06:34:33.821000 2024,20.0,80.0,3.49132,1.8.0,4,MiniPIX
13_tue_proton_daily_batch/toa_tot__r0000028645.t3pa.info,13_tue_proton_daily_batch,.t3pa.info,944,,2026-05-02T19:39:56.905946+00:00,G07-W0050,1707802473.821,Tue Feb 13 06:34:33.821000 2024,20.0,80.0,3.49132,1.8.0,4,MiniPIX
13_tue_proton_daily_batch/toa_tot__r0000028646.t3pa,13_tue_proton_daily_batch,.t3pa,379,13,2026-05-02T19:39:56.906579+00:00,G07-W0050,1707802494.054,Tue Feb 13 06:34:54.053999 2024,20.0,80.0,3.49132,1.8.0,4,MiniPIX
13_tue_proton_daily_batch/toa_tot__r0000028646.t3pa.info,13_tue_proton_daily_batch,.t3pa.info,944,,2026-05-02T19:39:56.864872+00:00,G07-W0050,1707802494.054,Tue Feb 13 06:34:54.053999 2024,20.0,80.0,3.49132,1.8.0,4,MiniPIX
13_tue_proton_daily_batch/toa_tot__r0000028647.t3pa,13_tue_proton_daily_batch,.t3pa,1916,69,2026-05-02T19:39:56.865036+00:00,G07-W0050,1707802514.289,Tue Feb 13 06:35:14.289000 2024,20.0,80.0,3.49132,1.8.0,4,MiniPIX
13_tue_proton_daily_batch/toa_tot__r0000028647.t3pa.info,13_tue_proton_daily_batch,.t3pa.info,944,,2026-05-02T19:39:56.894960+00:00,G07-W0050,1707802514.289,Tue Feb 13 06:35:14.289000 2024,20.0,80.0,3.49132,1.8.0,4,MiniPIX
13_tue_proton_daily_batch/toa_tot__r0000028648.t3pa,13_tue_proton_daily_batch,.t3pa,1324,47,2026-05-02T19:39:56.901968+00:00,G07-W0050,1707802534.522,Tue Feb 13 06:35:34.522000 2024,20.0,80.0,3.49132,1.8.0,4,MiniPIX
13_tue_proton_daily_batch/toa_tot__r0000028648.t3pa.info,13_tue_proton_daily_batch,.t3pa.info,944,,2026-05-02T19:39:56.894773+00:00,G07-W0050,1707802534.522,Tue Feb 13 06:35:34.522000 2024,20.0,80.0,3.49132,1.8.0,4,MiniPIX
13_tue_proton_daily_batch/toa_tot__r0000028649.t3pa,13_tue_proton_daily_batch,.t3pa,787,28,2026-05-02T19:39:56.867525+00:00,G07-W0050,1707802554.758,Tue Feb 13 06:35:54.757999 2024,20.0,80.0,3.49132,1.8.0,4,MiniPIX
13_tue_proton_daily_batch/toa_tot__r0000028649.t3pa.info,13_tue_proton_daily_batch,.t3pa.info,944,,2026-05-02T19:39:56.905025+00:00,G07-W0050,1707802554.758,Tue Feb 13 06:35:54.757999 2024,20.0,80.0,3.49132,1.8.0,4,MiniPIX
13_tue_proton_daily_batch/toa_tot__r0000028650.t3pa,13_tue_proton_daily_batch,.t3pa,60982,2099,2026-05-02T19:39:56.930015+00:00,G07-W0050,1707802574.993,Tue Feb 13 06:36:14.993000 2024,20.0,80.0,3.49132,1.8.0,4,MiniPIX
13_tue_proton_daily_batch/toa_tot__r0000028650.t3pa.info,13_tue_proton_daily_batch,.t3pa.info,944,,2026-05-02T19:39:56.870747+00:00,G07-W0050,1707802574.993,Tue Feb 13 06:36:14.993000 2024,20.0,80.0,3.49132,1.8.0,4,MiniPIX
13_tue_proton_daily_batch/toa_tot__r0000028651.t3pa,13_tue_proton_daily_batch,.t3pa,596,21,2026-05-02T19:39:56.866247+00:00,G07-W0050,1707802595.227,Tue Feb 13 06:36:35.226999 2024,20.0,80.0,3.49132,1.8.0,4,MiniPIX
13_tue_proton_daily_batch/toa_tot__r0000028651.t3pa.info,13_tue_proton_daily_batch,.t3pa.info,944,,2026-05-02T19:39:56.906696+00:00,G07-W0050,1707802595.227,Tue Feb 13 06:36:35.226999 2024,20.0,80.0,3.49132,1.8.0,4,MiniPIX
13_tue_proton_daily_batch/toa_tot__r0000028652.t3pa,13_tue_proton_daily_batch,.t3pa,2375,85,2026-05-02T19:39:56.865853+00:00,G07-W0050,1707802615.46,Tue Feb 13 06:36:55.460000 2024,20.0,80.0,3.49132,1.8.0,4,MiniPIX
13_tue_proton_daily_batch/toa_tot__r0000028652.t3pa.info,13_tue_proton_daily_batch,.t3pa.info,944,,2026-05-02T19:39:56.894193+00:00,G07-W0050,1707802615.46,Tue Feb 13 06:36:55.460000 2024,20.0,80.0,3.49132,1.8.0,4,MiniPIX
13_tue_proton_daily_batch/toa_tot__r0000028653.t3pa,13_tue_proton_daily_batch,.t3pa,1544,55,2026-05-02T19:39:56.906651+00:00,G07-W0050,1707802635.693,Tue Feb 13 06:37:15.693000 2024,20.0,80.0,3.49132,1.8.0,4,MiniPIX
13_tue_proton_daily_batch/toa_tot__r0000028653.t3pa.info,13_tue_proton_daily_batch,.t3pa.info,944,,2026-05-02T19:39:56.901710+00:00,G07-W0050,1707802635.693,Tue Feb 13 06:37:15.693000 2024,20.0,80.0,3.49132,1.8.0,4,MiniPIX
13_tue_proton_daily_batch/toa_tot__r0000028654.t3pa,13_tue_proton_daily_batch,.t3pa,44043,1524,2026-05-02T19:39:56.893970+00:00,G07-W0050,1707802655.928,Tue Feb 13 06:37:35.927999 2024,20.0,80.0,3.49132,1.8.0,4,MiniPIX
13_tue_proton_daily_batch/toa_tot__r0000028654.t3pa.info,13_tue_proton_daily_batch,.t3pa.info,944,,2026-05-02T19:39:56.866619+00:00,G07-W0050,1707802655.928,Tue Feb 13 06:37:35.927999 2024,20.0,80.0,3.49132,1.8.0,4,MiniPIX
13_tue_proton_daily_batch/toa_tot__r0000028655.t3pa,13_tue_proton_daily_batch,.t3pa,825,29,2026-05-02T19:39:56.902090+00:00,G07-W0050,1707802676.161,Tue Feb 13 06:37:56.161000 2024,20.0,80.0,3.49132,1.8.0,4,MiniPIX
13_tue_proton_daily_batch/toa_tot__r0000028655.t3pa.info,13_tue_proton_daily_batch,.t3pa.info,944,,2026-05-02T19:39:56.904623+00:00,G07-W0050,1707802676.161,Tue Feb 13 06:37:56.161000 2024,20.0,80.0,3.49132,1.8.0,4,MiniPIX
13_tue_proton_daily_batch/toa_tot__r0000028656.t3pa,13_tue_proton_daily_batch,.t3pa,1182,42,2026-05-02T19:39:56.872524+00:00,G07-W0050,1707802696.393,Tue Feb 13 06:38:16.392999 2024,20.0,80.0,3.49132,1.8.0,4,MiniPIX
13_tue_proton_daily_batch/toa_tot__r0000028656.t3pa.info,13_tue_proton_daily_batch,.t3pa.info,944,,2026-05-02T19:39:56.894934+00:00,G07-W0050,1707802696.393,Tue Feb 13 06:38:16.392999 2024,20.0,80.0,3.49132,1.8.0,4,MiniPIX
13_tue_proton_daily_batch/toa_tot__r0000028657.t3pa,13_tue_proton_daily_batch,.t3pa,515,18,2026-05-02T19:39:56.901841+00:00,G07-W0050,1707802716.626,Tue Feb 13 06:38:36.625999 2024,20.0,80.0,3.49132,1.8.0,4,MiniPIX
13_tue_proton_daily_batch/toa_tot__r0000028657.t3pa.info,13_tue_proton_daily_batch,.t3pa.info,944,,2026-05-02T19:39:56.867453+00:00,G07-W0050,1707802716.626,Tue Feb 13 06:38:36.625999 2024,20.0,80.0,3.49132,1.8.0,4,MiniPIX
13_tue_proton_daily_batch/toa_tot__r0000028658.t3pa,13_tue_proton_daily_batch,.t3pa,709,25,2026-05-02T19:39:56.870634+00:00,G07-W0050,1707802736.86,Tue Feb 13 06:38:56.859999 2024,20.0,80.0,3.49132,1.8.0,4,MiniPIX
13_tue_proton_daily_batch/toa_tot__r0000028658.t3pa.info,13_tue_proton_daily_batch,.t3pa.info,944,,2026-05-02T19:39:56.924387+00:00,G07-W0050,1707802736.86,Tue Feb 13 06:38:56.859999 2024,20.0,80.0,3.49132,1.8.0,4,MiniPIX
13_tue_proton_daily_batch/toa_tot__r0000028659.t3pa,13_tue_proton_daily_batch,.t3pa,464,16,2026-05-02T19:39:56.906235+00:00,G07-W0050,1707802757.093,Tue Feb 13 06:39:17.092999 2024,20.0,80.0,3.49132,1.8.0,4,MiniPIX
13_tue_proton_daily_batch/toa_tot__r0000028659.t3pa.info,13_tue_proton_daily_batch,.t3pa.info,944,,2026-05-02T19:39:56.916147+00:00,G07-W0050,1707802757.093,Tue Feb 13 06:39:17.092999 2024,20.0,80.0,3.49132,1.8.0,4,MiniPIX
13_tue_proton_daily_batch/toa_tot__r0000028660.t3pa,13_tue_proton_daily_batch,.t3pa,546,19,2026-05-02T19:39:56.904647+00:00,G07-W0050,1707802777.326,Tue Feb 13 06:39:37.325999 2024,20.0,80.0,3.49132,1.8.0,4,MiniPIX
13_tue_proton_daily_batch/toa_tot__r0000028660.t3pa.info,13_tue_proton_daily_batch,.t3pa.info,944,,2026-05-02T19:39:56.912812+00:00,G07-W0050,1707802777.326,Tue Feb 13 06:39:37.325999 2024,20.0,80.0,3.49132,1.8.0,4,MiniPIX
13_tue_proton_daily_batch/toa_tot__r0000028661.t3pa,13_tue_proton_daily_batch,.t3pa,413,14,2026-05-02T19:39:56.872447+00:00,G07-W0050,1707802797.559,Tue Feb 13 06:39:57.559000 2024,20.0,80.0,3.49132,1.8.0,4,MiniPIX
13_tue_proton_daily_batch/toa_tot__r0000028661.t3pa.info,13_tue_proton_daily_batch,.t3pa.info,944,,2026-05-02T19:39:56.924557+00:00,G07-W0050,1707802797.559,Tue Feb 13 06:39:57.559000 2024,20.0,80.0,3.49132,1.8.0,4,MiniPIX
13_tue_proton_daily_batch/toa_tot__r0000028662.t3pa,13_tue_proton_daily_batch,.t3pa,733,26,2026-05-02T19:39:56.906460+00:00,G07-W0050,1707802817.792,Tue Feb 13 06:40:17.792000 2024,20.0,80.0,3.49132,1.8.0,4,MiniPIX
13_tue_proton_daily_batch/toa_tot__r0000028662.t3pa.info,13_tue_proton_daily_batch,.t3pa.info,944,,2026-05-02T19:39:56.913079+00:00,G07-W0050,1707802817.792,Tue Feb 13 06:40:17.792000 2024,20.0,80.0,3.49132,1.8.0,4,MiniPIX
13_tue_proton_daily_batch/toa_tot__r0000028663.t3pa,13_tue_proton_daily_batch,.t3pa,820,29,2026-05-02T19:39:56.902165+00:00,G07-W0050,1707802838.025,Tue Feb 13 06:40:38.025000 2024,20.0,80.0,3.49132,1.8.0,4,MiniPIX
13_tue_proton_daily_batch/toa_tot__r0000028663.t3pa.info,13_tue_proton_daily_batch,.t3pa.info,944,,2026-05-02T19:39:56.929369+00:00,G07-W0050,1707802838.025,Tue Feb 13 06:40:38.025000 2024,20.0,80.0,3.49132,1.8.0,4,MiniPIX
13_tue_proton_daily_batch/toa_tot__r0000028664.t3pa,13_tue_proton_daily_batch,.t3pa,1191,43,2026-05-02T19:39:56.866740+00:00,G07-W0050,1707802858.258,Tue Feb 13 06:40:58.257999 2024,20.0,80.0,3.49132,1.8.0,4,MiniPIX
13_tue_proton_daily_batch/toa_tot__r0000028664.t3pa.info,13_tue_proton_daily_batch,.t3pa.info,944,,2026-05-02T19:39:56.904692+00:00,G07-W0050,1707802858.258,Tue Feb 13 06:40:58.257999 2024,20.0,80.0,3.49132,1.8.0,4,MiniPIX
13_tue_proton_daily_batch/toa_tot__r0000028665.t3pa,13_tue_proton_daily_batch,.t3pa,2597,94,2026-05-02T19:39:56.870665+00:00,G07-W0050,1707802878.493,Tue Feb 13 06:41:18.493000 2024,20.0,80.0,3.49132,1.8.0,4,MiniPIX
13_tue_proton_daily_batch/toa_tot__r0000028665.t3pa.info,13_tue_proton_daily_batch,.t3pa.info,944,,2026-05-02T19:39:56.901356+00:00,G07-W0050,1707802878.493,Tue Feb 13 06:41:18.493000 2024,20.0,80.0,3.49132,1.8.0,4,MiniPIX
13_tue_proton_daily_batch/toa_tot__r0000028666.t3pa,13_tue_proton_daily_batch,.t3pa,634,22,2026-05-02T19:39:56.866595+00:00,G07-W0050,1707802898.728,Tue Feb 13 06:41:38.727999 2024,20.0,80.0,3.49132,1.8.0,4,MiniPIX
13_tue_proton_daily_batch/toa_tot__r0000028666.t3pa.info,13_tue_proton_daily_batch,.t3pa.info,944,,2026-05-02T19:39:56.894008+00:00,G07-W0050,1707802898.728,Tue Feb 13 06:41:38.727999 2024,20.0,80.0,3.49132,1.8.0,4,MiniPIX
13_tue_proton_daily_batch/toa_tot__r0000028667.t3pa,13_tue_proton_daily_batch,.t3pa,595,21,2026-05-02T19:39:56.905751+00:00,G07-W0050,1707802918.961,Tue Feb 13 06:41:58.960999 2024,20.0,80.0,3.49132,1.8.0,4,MiniPIX
13_tue_proton_daily_batch/toa_tot__r0000028667.t3pa.info,13_tue_proton_daily_batch,.t3pa.info,944,,2026-05-02T19:39:56.906773+00:00,G07-W0050,1707802918.961,Tue Feb 13 06:41:58.960999 2024,20.0,80.0,3.49132,1.8.0,4,MiniPIX
13_tue_proton_daily_batch/toa_tot__r0000028668.t3pa,13_tue_proton_daily_batch,.t3pa,487,17,2026-05-02T19:39:56.872495+00:00,G07-W0050,1707802939.194,Tue Feb 13 06:42:19.194000 2024,20.0,80.0,3.49132,1.8.0,4,MiniPIX
13_tue_proton_daily_batch/toa_tot__r0000028668.t3pa.info,13_tue_proton_daily_batch,.t3pa.info,944,,2026-05-02T19:39:56.913280+00:00,G07-W0050,1707802939.194,Tue Feb 13 06:42:19.194000 2024,20.0,80.0,3.49132,1.8.0,4,MiniPIX
13_tue_proton_daily_batch/toa_tot__r0000028669.t3pa,13_tue_proton_daily_batch,.t3pa,826,29,2026-05-02T19:39:56.924418+00:00,G07-W0050,1707802959.427,Tue Feb 13 06:42:39.427000 2024,20.0,80.0,3.49132,1.8.0,4,MiniPIX
13_tue_proton_daily_batch/toa_tot__r0000028669.t3pa.info,13_tue_proton_daily_batch,.t3pa.info,944,,2026-05-02T19:39:56.913378+00:00,G07-W0050,1707802959.427,Tue Feb 13 06:42:39.427000 2024,20.0,80.0,3.49132,1.8.0,4,MiniPIX
13_tue_proton_daily_batch/toa_tot__r0000028670.t3pa,13_tue_proton_daily_batch,.t3pa,1297,46,2026-05-02T19:39:56.905335+00:00,G07-W0050,1707802979.66,Tue Feb 13 06:42:59.660000 2024,20.0,80.0,3.49132,1.8.0,4,MiniPIX
13_tue_proton_daily_batch/toa_tot__r0000028670.t3pa.info,13_tue_proton_daily_batch,.t3pa.info,944,,2026-05-02T19:39:56.916196+00:00,G07-W0050,1707802979.66,Tue Feb 13 06:42:59.660000 2024,20.0,80.0,3.49132,1.8.0,4,MiniPIX
13_tue_proton_daily_batch/toa_tot__r0000028671.t3pa,13_tue_proton_daily_batch,.t3pa,601,21,2026-05-02T19:39:56.866952+00:00,G07-W0050,1707802999.893,Tue Feb 13 06:43:19.892999 2024,20.0,80.0,3.49132,1.8.0,4,MiniPIX
13_tue_proton_daily_batch/toa_tot__r0000028671.t3pa.info,13_tue_proton_daily_batch,.t3pa.info,944,,2026-05-02T19:39:56.930051+00:00,G07-W0050,1707802999.893,Tue Feb 13 06:43:19.892999 2024,20.0,80.0,3.49132,1.8.0,4,MiniPIX
13_tue_proton_daily_batch/toa_tot__r0000028672.t3pa,13_tue_proton_daily_batch,.t3pa,1625,59,2026-05-02T19:39:56.872291+00:00,G07-W0050,1707803020.141,Tue Feb 13 06:43:40.141000 2024,20.0,80.0,3.49132,1.8.0,4,MiniPIX
13_tue_proton_daily_batch/toa_tot__r0000028672.t3pa.info,13_tue_proton_daily_batch,.t3pa.info,944,,2026-05-02T19:39:56.871105+00:00,G07-W0050,1707803020.141,Tue Feb 13 06:43:40.141000 2024,20.0,80.0,3.49132,1.8.0,4,MiniPIX
13_tue_proton_daily_batch/toa_tot__r0000028673.t3pa,13_tue_proton_daily_batch,.t3pa,459,16,2026-05-02T19:39:56.905071+00:00,G07-W0050,1707803041.374,Tue Feb 13 06:44:01.374000 2024,20.0,80.0,3.49132,1.8.0,4,MiniPIX
13_tue_proton_daily_batch/toa_tot__r0000028673.t3pa.info,13_tue_proton_daily_batch,.t3pa.info,944,,2026-05-02T19:39:56.864957+00:00,G07-W0050,1707803041.374,Tue Feb 13 06:44:01.374000 2024,20.0,80.0,3.49132,1.8.0,4,MiniPIX
13_tue_proton_daily_batch/toa_tot__r0000028674.t3pa,13_tue_proton_daily_batch,.t3pa,1096,39,2026-05-02T19:39:56.929876+00:00,G07-W0050,1707803061.607,Tue Feb 13 06:44:21.607000 2024,20.0,80.0,3.49132,1.8.0,4,MiniPIX
13_tue_proton_daily_batch/toa_tot__r0000028674.t3pa.info,13_tue_proton_daily_batch,.t3pa.info,944,,2026-05-02T19:39:56.901617+00:00,G07-W0050,1707803061.607,Tue Feb 13 06:44:21.607000 2024,20.0,80.0,3.49132,1.8.0,4,MiniPIX
13_tue_proton_daily_batch/toa_tot__r0000028675.t3pa,13_tue_proton_daily_batch,.t3pa,1309,46,2026-05-02T19:39:56.901594+00:00,G07-W0050,1707803081.84,Tue Feb 13 06:44:41.839999 2024,20.0,80.0,3.49132,1.8.0,4,MiniPIX
13_tue_proton_daily_batch/toa_tot__r0000028675.t3pa.info,13_tue_proton_daily_batch,.t3pa.info,944,,2026-05-02T19:39:56.929320+00:00,G07-W0050,1707803081.84,Tue Feb 13 06:44:41.839999 2024,20.0,80.0,3.49132,1.8.0,4,MiniPIX
13_tue_proton_daily_batch/toa_tot__r0000028676.t3pa,13_tue_proton_daily_batch,.t3pa,1379,49,2026-05-02T19:39:56.929561+00:00,G07-W0050,1707803102.057,Tue Feb 13 06:45:02.056999 2024,20.0,80.0,3.49132,1.8.0,4,MiniPIX
13_tue_proton_daily_batch/toa_tot__r0000028676.t3pa.info,13_tue_proton_daily_batch,.t3pa.info,944,,2026-05-02T19:39:56.894815+00:00,G07-W0050,1707803102.057,Tue Feb 13 06:45:02.056999 2024,20.0,80.0,3.49132,1.8.0,4,MiniPIX
13_tue_proton_daily_batch/toa_tot__r0000028677.t3pa,13_tue_proton_daily_batch,.t3pa,460,16,2026-05-02T19:39:56.865561+00:00,G07-W0050,1707803122.306,Tue Feb 13 06:45:22.305999 2024,20.0,80.0,3.49132,1.8.0,4,MiniPIX
13_tue_proton_daily_batch/toa_tot__r0000028677.t3pa.info,13_tue_proton_daily_batch,.t3pa.info,944,,2026-05-02T19:39:56.905379+00:00,G07-W0050,1707803122.306,Tue Feb 13 06:45:22.305999 2024,20.0,80.0,3.49132,1.8.0,4,MiniPIX
13_tue_proton_daily_batch/toa_tot__r0000028678.t3pa,13_tue_proton_daily_batch,.t3pa,681,24,2026-05-02T19:39:56.929438+00:00,G07-W0050,1707803142.539,Tue Feb 13 06:45:42.539000 2024,20.0,80.0,3.49132,1.8.0,4,MiniPIX
13_tue_proton_daily_batch/toa_tot__r0000028678.t3pa.info,13_tue_proton_daily_batch,.t3pa.info,944,,2026-05-02T19:39:56.894526+00:00,G07-W0050,1707803142.539,Tue Feb 13 06:45:42.539000 2024,20.0,80.0,3.49132,1.8.0,4,MiniPIX
13_tue_proton_daily_batch/toa_tot__r0000028679.t3pa,13_tue_proton_daily_batch,.t3pa,997,35,2026-05-02T19:39:56.904815+00:00,G07-W0050,1707803162.774,Tue Feb 13 06:46:02.773999 2024,20.0,80.0,3.49132,1.8.0,4,MiniPIX
13_tue_proton_daily_batch/toa_tot__r0000028679.t3pa.info,13_tue_proton_daily_batch,.t3pa.info,944,,2026-05-02T19:39:56.930074+00:00,G07-W0050,1707803162.774,Tue Feb 13 06:46:02.773999 2024,20.0,80.0,3.49132,1.8.0,4,MiniPIX
13_tue_proton_daily_batch/toa_tot__r0000028680.t3pa,13_tue_proton_daily_batch,.t3pa,879,31,2026-05-02T19:39:56.906075+00:00,G07-W0050,1707803183.007,Tue Feb 13 06:46:23.006999 2024,20.0,80.0,3.49132,1.8.0,4,MiniPIX
13_tue_proton_daily_batch/toa_tot__r0000028680.t3pa.info,13_tue_proton_daily_batch,.t3pa.info,944,,2026-05-02T19:39:56.871082+00:00,G07-W0050,1707803183.007,Tue Feb 13 06:46:23.006999 2024,20.0,80.0,3.49132,1.8.0,4,MiniPIX
13_tue_proton_daily_batch/toa_tot__r0000028681.t3pa,13_tue_proton_daily_batch,.t3pa,982,35,2026-05-02T19:39:56.902115+00:00,G07-W0050,1707803203.24,Tue Feb 13 06:46:43.240000 2024,20.0,80.0,3.49132,1.8.0,4,MiniPIX
13_tue_proton_daily_batch/toa_tot__r0000028681.t3pa.info,13_tue_proton_daily_batch,.t3pa.info,944,,2026-05-02T19:39:56.906864+00:00,G07-W0050,1707803203.24,Tue Feb 13 06:46:43.240000 2024,20.0,80.0,3.49132,1.8.0,4,MiniPIX
13_tue_proton_daily_batch/toa_tot__r0000028682.t3pa,13_tue_proton_daily_batch,.t3pa,602,21,2026-05-02T19:39:56.867334+00:00,G07-W0050,1707803223.473,Tue Feb 13 06:47:03.473000 2024,20.0,80.0,3.49132,1.8.0,4,MiniPIX
13_tue_proton_daily_batch/toa_tot__r0000028682.t3pa.info,13_tue_proton_daily_batch,.t3pa.info,944,,2026-05-02T19:39:56.905595+00:00,G07-W0050,1707803223.473,Tue Feb 13 06:47:03.473000 2024,20.0,80.0,3.49132,1.8.0,4,MiniPIX
13_tue_proton_daily_batch/toa_tot__r0000028683.t3pa,13_tue_proton_daily_batch,.t3pa,1034,37,2026-05-02T19:39:56.906144+00:00,G07-W0050,1707803243.705,Tue Feb 13 06:47:23.704999 2024,20.0,80.0,3.49132,1.8.0,4,MiniPIX
13_tue_proton_daily_batch/toa_tot__r0000028683.t3pa.info,13_tue_proton_daily_batch,.t3pa.info,944,,2026-05-02T19:39:56.906167+00:00,G07-W0050,1707803243.705,Tue Feb 13 06:47:23.704999 2024,20.0,80.0,3.49132,1.8.0,4,MiniPIX
13_tue_proton_daily_batch/toa_tot__r0000028684.t3pa,13_tue_proton_daily_batch,.t3pa,645,23,2026-05-02T19:39:56.872314+00:00,G07-W0050,1707803263.938,Tue Feb 13 06:47:43.937999 2024,20.0,80.0,3.49132,1.8.0,4,MiniPIX
13_tue_proton_daily_batch/toa_tot__r0000028684.t3pa.info,13_tue_proton_daily_batch,.t3pa.info,944,,2026-05-02T19:39:56.902262+00:00,G07-W0050,1707803263.938,Tue Feb 13 06:47:43.937999 2024,20.0,80.0,3.49132,1.8.0,4,MiniPIX
13_tue_proton_daily_batch/toa_tot__r0000028685.t3pa,13_tue_proton_daily_batch,.t3pa,464,16,2026-05-02T19:39:56.929900+00:00,G07-W0050,1707803284.171,Tue Feb 13 06:48:04.171000 2024,20.0,80.0,3.49132,1.8.0,4,MiniPIX
13_tue_proton_daily_batch/toa_tot__r0000028685.t3pa.info,13_tue_proton_daily_batch,.t3pa.info,944,,2026-05-02T19:39:56.894451+00:00,G07-W0050,1707803284.171,Tue Feb 13 06:48:04.171000 2024,20.0,80.0,3.49132,1.8.0,4,MiniPIX
13_tue_proton_daily_batch/toa_tot__r0000028686.t3pa,13_tue_proton_daily_batch,.t3pa,655,23,2026-05-02T19:39:56.912938+00:00,G07-W0050,1707803304.407,Tue Feb 13 06:48:24.407000 2024,20.0,80.0,3.49132,1.8.0,4,MiniPIX
13_tue_proton_daily_batch/toa_tot__r0000028686.t3pa.info,13_tue_proton_daily_batch,.t3pa.info,944,,2026-05-02T19:39:56.906795+00:00,G07-W0050,1707803304.407,Tue Feb 13 06:48:24.407000 2024,20.0,80.0,3.49132,1.8.0,4,MiniPIX
13_tue_proton_daily_batch/toa_tot__r0000028687.t3pa,13_tue_proton_daily_batch,.t3pa,155069,5326,2026-05-02T19:39:56.913558+00:00,G07-W0050,1707803324.64,Tue Feb 13 06:48:44.640000 2024,20.0,80.0,3.49132,1.8.0,4,MiniPIX
13_tue_proton_daily_batch/toa_tot__r0000028687.t3pa.info,13_tue_proton_daily_batch,.t3pa.info,944,,2026-05-02T19:39:56.904670+00:00,G07-W0050,1707803324.64,Tue Feb 13 06:48:44.640000 2024,20.0,80.0,3.49132,1.8.0,4,MiniPIX
13_tue_proton_daily_batch/toa_tot__r0000028688.t3pa,13_tue_proton_daily_batch,.t3pa,11167,419,2026-05-02T19:39:56.901489+00:00,G07-W0050,1707803344.873,Tue Feb 13 06:49:04.872999 2024,20.0,80.0,3.49132,1.8.0,4,MiniPIX
13_tue_proton_daily_batch/toa_tot__r0000028688.t3pa.info,13_tue_proton_daily_batch,.t3pa.info,944,,2026-05-02T19:39:56.894089+00:00,G07-W0050,1707803344.873,Tue Feb 13 06:49:04.872999 2024,20.0,80.0,3.49132,1.8.0,4,MiniPIX
13_tue_proton_daily_batch/toa_tot__r0000028689.t3pa,13_tue_proton_daily_batch,.t3pa,2116030,69374,2026-05-02T19:39:56.902730+00:00,G07-W0050,1707803365.106,Tue Feb 13 06:49:25.105999 2024,20.0,80.0,3.49132,1.8.0,4,MiniPIX
13_tue_proton_daily_batch/toa_tot__r0000028689.t3pa.info,13_tue_proton_daily_batch,.t3pa.info,944,,2026-05-02T19:39:56.912863+00:00,G07-W0050,1707803365.106,Tue Feb 13 06:49:25.105999 2024,20.0,80.0,3.49132,1.8.0,4,MiniPIX
13_tue_proton_daily_batch/toa_tot__r0000028690.t3pa,13_tue_proton_daily_batch,.t3pa,787766,27015,2026-05-02T19:39:56.872137+00:00,G07-W0050,1707803385.354,Tue Feb 13 06:49:45.354000 2024,20.0,80.0,3.49132,1.8.0,4,MiniPIX
13_tue_proton_daily_batch/toa_tot__r0000028690.t3pa.info,13_tue_proton_daily_batch,.t3pa.info,944,,2026-05-02T19:39:56.912683+00:00,G07-W0050,1707803385.354,Tue Feb 13 06:49:45.354000 2024,20.0,80.0,3.49132,1.8.0,4,MiniPIX
13_tue_proton_daily_batch/toa_tot__r0000028691.t3pa,13_tue_proton_daily_batch,.t3pa,2804134,91886,2026-05-02T19:39:56.868729+00:00,G07-W0050,1707803405.587,Tue Feb 13 06:50:05.586999 2024,20.0,80.0,3.49132,1.8.0,4,MiniPIX
13_tue_proton_daily_batch/toa_tot__r0000028691.t3pa.info,13_tue_proton_daily_batch,.t3pa.info,944,,2026-05-02T19:39:56.865929+00:00,G07-W0050,1707803405.587,Tue Feb 13 06:50:05.586999 2024,20.0,80.0,3.49132,1.8.0,4,MiniPIX
13_tue_proton_daily_batch/toa_tot__r0000028692.t3pa,13_tue_proton_daily_batch,.t3pa,3094,112,2026-05-02T19:39:56.893812+00:00,G07-W0050,1707803425.836,Tue Feb 13 06:50:25.835999 2024,20.0,80.0,3.49132,1.8.0,4,MiniPIX
13_tue_proton_daily_batch/toa_tot__r0000028692.t3pa.info,13_tue_proton_daily_batch,.t3pa.info,944,,2026-05-02T19:39:56.913033+00:00,G07-W0050,1707803425.836,Tue Feb 13 06:50:25.835999 2024,20.0,80.0,3.49132,1.8.0,4,MiniPIX
13_tue_proton_daily_batch/toa_tot__r0000028693.t3pa,13_tue_proton_daily_batch,.t3pa,1115,40,2026-05-02T19:39:56.865114+00:00,G07-W0050,1707803447.069,Tue Feb 13 06:50:47.069000 2024,20.0,80.0,3.49132,1.8.0,4,MiniPIX
13_tue_proton_daily_batch/toa_tot__r0000028693.t3pa.info,13_tue_proton_daily_batch,.t3pa.info,944,,2026-05-02T19:39:56.906410+00:00,G07-W0050,1707803447.069,Tue Feb 13 06:50:47.069000 2024,20.0,80.0,3.49132,1.8.0,4,MiniPIX
13_tue_proton_daily_batch/toa_tot__r0000028694.t3pa,13_tue_proton_daily_batch,.t3pa,2195,80,2026-05-02T19:39:56.929799+00:00,G07-W0050,1707803467.302,Tue Feb 13 06:51:07.302000 2024,20.0,80.0,3.49132,1.8.0,4,MiniPIX
13_tue_proton_daily_batch/toa_tot__r0000028694.t3pa.info,13_tue_proton_daily_batch,.t3pa.info,944,,2026-05-02T19:39:56.906026+00:00,G07-W0050,1707803467.302,Tue Feb 13 06:51:07.302000 2024,20.0,80.0,3.49132,1.8.0,4,MiniPIX
13_tue_proton_daily_batch/toa_tot__r0000028695.t3pa,13_tue_proton_daily_batch,.t3pa,1675,60,2026-05-02T19:39:56.865189+00:00,G07-W0050,1707803487.534,Tue Feb 13 06:51:27.533999 2024,20.0,80.0,3.49132,1.8.0,4,MiniPIX
13_tue_proton_daily_batch/toa_tot__r0000028695.t3pa.info,13_tue_proton_daily_batch,.t3pa.info,944,,2026-05-02T19:39:56.866397+00:00,G07-W0050,1707803487.534,Tue Feb 13 06:51:27.533999 2024,20.0,80.0,3.49132,1.8.0,4,MiniPIX
13_tue_proton_daily_batch/toa_tot__r0000028696.t3pa,13_tue_proton_daily_batch,.t3pa,1722,62,2026-05-02T19:39:56.866787+00:00,G07-W0050,1707803507.767,Tue Feb 13 06:51:47.766999 2024,20.0,80.0,3.49132,1.8.0,4,MiniPIX
13_tue_proton_daily_batch/toa_tot__r0000028696.t3pa.info,13_tue_proton_daily_batch,.t3pa.info,944,,2026-05-02T19:39:56.912986+00:00,G07-W0050,1707803507.767,Tue Feb 13 06:51:47.766999 2024,20.0,80.0,3.49132,1.8.0,4,MiniPIX
D05/tot_toa__r0000000000.t3pa,D05,.t3pa,59115,2044,2026-05-02T19:39:58.166397+00:00,D05-W0105,1773485861.735,Sat Mar 14 11:57:41.734999 2026,20.0,80.0,3.515614,1.8.1,4,MiniPIX
D05/tot_toa__r0000000000.t3pa.info,D05,.t3pa.info,944,,2026-05-02T19:39:58.211411+00:00,D05-W0105,1773485861.735,Sat Mar 14 11:57:41.734999 2026,20.0,80.0,3.515614,1.8.1,4,MiniPIX
D05/tot_toa__r0000000001.t3pa,D05,.t3pa,60995,2104,2026-05-02T19:39:58.165855+00:00,D05-W0105,1773485881.995,Sat Mar 14 11:58:01.994999 2026,20.0,80.0,3.515614,1.8.1,4,MiniPIX
D05/tot_toa__r0000000001.t3pa.info,D05,.t3pa.info,944,,2026-05-02T19:39:58.165206+00:00,D05-W0105,1773485881.995,Sat Mar 14 11:58:01.994999 2026,20.0,80.0,3.515614,1.8.1,4,MiniPIX
D05/tot_toa__r0000000002.t3pa,D05,.t3pa,63823,2201,2026-05-02T19:39:58.165368+00:00,D05-W0105,1773485902.761,Sat Mar 14 11:58:22.760999 2026,20.0,80.0,3.515614,1.8.1,4,MiniPIX
D05/tot_toa__r0000000002.t3pa.info,D05,.t3pa.info,944,,2026-05-02T19:39:58.140074+00:00,D05-W0105,1773485902.761,Sat Mar 14 11:58:22.760999 2026,20.0,80.0,3.515614,1.8.1,4,MiniPIX
D05/tot_toa__r0000000003.t3pa,D05,.t3pa,60042,2074,2026-05-02T19:39:58.072713+00:00,D05-W0105,1773485924.035,Sat Mar 14 11:58:44.035000 2026,20.0,80.0,3.515614,1.8.1,4,MiniPIX
D05/tot_toa__r0000000003.t3pa.info,D05,.t3pa.info,944,,2026-05-02T19:39:58.284928+00:00,D05-W0105,1773485924.035,Sat Mar 14 11:58:44.035000 2026,20.0,80.0,3.515614,1.8.1,4,MiniPIX
D05/tot_toa__r0000000004.t3pa,D05,.t3pa,61889,2137,2026-05-02T19:39:58.188568+00:00,D05-W0105,1773485944.292,Sat Mar 14 11:59:04.292000 2026,20.0,80.0,3.515614,1.8.1,4,MiniPIX
D05/tot_toa__r0000000004.t3pa.info,D05,.t3pa.info,944,,2026-05-02T19:39:58.073699+00:00,D05-W0105,1773485944.292,Sat Mar 14 11:59:04.292000 2026,20.0,80.0,3.515614,1.8.1,4,MiniPIX
D05/tot_toa__r0000000005.t3pa,D05,.t3pa,62027,2142,2026-05-02T19:39:58.165475+00:00,D05-W0105,1773485966.045,Sat Mar 14 11:59:26.045000 2026,20.0,80.0,3.515614,1.8.1,4,MiniPIX
D05/tot_toa__r0000000005.t3pa.info,D05,.t3pa.info,944,,2026-05-02T19:39:58.188210+00:00,D05-W0105,1773485966.045,Sat Mar 14 11:59:26.045000 2026,20.0,80.0,3.515614,1.8.1,4,MiniPIX
D05/tot_toa__r0000000006.t3pa,D05,.t3pa,62669,2161,2026-05-02T19:39:58.188462+00:00,D05-W0105,1773485986.302,Sat Mar 14 11:59:46.302000 2026,20.0,80.0,3.515614,1.8.1,4,MiniPIX
D05/tot_toa__r0000000006.t3pa.info,D05,.t3pa.info,944,,2026-05-02T19:39:58.073554+00:00,D05-W0105,1773485986.302,Sat Mar 14 11:59:46.302000 2026,20.0,80.0,3.515614,1.8.1,4,MiniPIX
D05/tot_toa__r0000000007.t3pa,D05,.t3pa,61329,2112,2026-05-02T19:39:58.073816+00:00,D05-W0105,1773486008.589,Sat Mar 14 12:00:08.588999 2026,20.0,80.0,3.515614,1.8.1,4,MiniPIX
D05/tot_toa__r0000000007.t3pa.info,D05,.t3pa.info,944,,2026-05-02T19:39:58.284900+00:00,D05-W0105,1773486008.589,Sat Mar 14 12:00:08.588999 2026,20.0,80.0,3.515614,1.8.1,4,MiniPIX
D05/tot_toa__r0000000008.t3pa,D05,.t3pa,50953,1763,2026-05-02T19:39:58.101748+00:00,D05-W0105,1773486028.855,Sat Mar 14 12:00:28.855000 2026,20.0,80.0,3.515614,1.8.1,4,MiniPIX
D05/tot_toa__r0000000008.t3pa.info,D05,.t3pa.info,944,,2026-05-02T19:39:58.266063+00:00,D05-W0105,1773486028.855,Sat Mar 14 12:00:28.855000 2026,20.0,80.0,3.515614,1.8.1,4,MiniPIX
D05/tot_toa__r0000000009.t3pa,D05,.t3pa,60406,2088,2026-05-02T19:39:58.073299+00:00,D05-W0105,1773486049.608,Sat Mar 14 12:00:49.608000 2026,20.0,80.0,3.515614,1.8.1,4,MiniPIX
D05/tot_toa__r0000000009.t3pa.info,D05,.t3pa.info,944,,2026-05-02T19:39:58.101660+00:00,D05-W0105,1773486049.608,Sat Mar 14 12:00:49.608000 2026,20.0,80.0,3.515614,1.8.1,4,MiniPIX
D05/tot_toa__r0000000010.t3pa,D05,.t3pa,48653,1689,2026-05-02T19:39:58.072563+00:00,D05-W0105,1773486070.86,Sat Mar 14 12:01:10.859999 2026,20.0,80.0,3.515614,1.8.1,4,MiniPIX
D05/tot_toa__r0000000010.t3pa.info,D05,.t3pa.info,944,,2026-05-02T19:39:57.991789+00:00,D05-W0105,1773486070.86,Sat Mar 14 12:01:10.859999 2026,20.0,80.0,3.515614,1.8.1,4,MiniPIX
D05/tot_toa__r0000000011.t3pa,D05,.t3pa,56805,1961,2026-05-02T19:39:58.188328+00:00,D05-W0105,1773486091.12,Sat Mar 14 12:01:31.119999 2026,20.0,80.0,3.515614,1.8.1,4,MiniPIX
D05/tot_toa__r0000000011.t3pa.info,D05,.t3pa.info,944,,2026-05-02T19:39:58.072596+00:00,D05-W0105,1773486091.12,Sat Mar 14 12:01:31.119999 2026,20.0,80.0,3.515614,1.8.1,4,MiniPIX
D05/tot_toa__r0000000012.t3pa,D05,.t3pa,55159,1907,2026-05-02T19:39:58.037439+00:00,D05-W0105,1773486111.895,Sat Mar 14 12:01:51.894999 2026,20.0,80.0,3.515614,1.8.1,4,MiniPIX
D05/tot_toa__r0000000012.t3pa.info,D05,.t3pa.info,944,,2026-05-02T19:39:57.991757+00:00,D05-W0105,1773486111.895,Sat Mar 14 12:01:51.894999 2026,20.0,80.0,3.515614,1.8.1,4,MiniPIX
D05/tot_toa__r0000000013.t3pa,D05,.t3pa,56082,1942,2026-05-02T19:39:58.073030+00:00,D05-W0105,1773486132.161,Sat Mar 14 12:02:12.161000 2026,20.0,80.0,3.515614,1.8.1,4,MiniPIX
D05/tot_toa__r0000000013.t3pa.info,D05,.t3pa.info,944,,2026-05-02T19:39:58.165265+00:00,D05-W0105,1773486132.161,Sat Mar 14 12:02:12.161000 2026,20.0,80.0,3.515614,1.8.1,4,MiniPIX
D05/tot_toa__r0000000014.t3pa,D05,.t3pa,51243,1781,2026-05-02T19:39:58.165666+00:00,D05-W0105,1773486153.931,Sat Mar 14 12:02:33.930999 2026,20.0,80.0,3.515614,1.8.1,4,MiniPIX
D05/tot_toa__r0000000014.t3pa.info,D05,.t3pa.info,944,,2026-05-02T19:39:58.188365+00:00,D05-W0105,1773486153.931,Sat Mar 14 12:02:33.930999 2026,20.0,80.0,3.515614,1.8.1,4,MiniPIX
D05/tot_toa__r0000000015.t3pa,D05,.t3pa,48355,1678,2026-05-02T19:39:58.211705+00:00,D05-W0105,1773486174.186,Sat Mar 14 12:02:54.186000 2026,20.0,80.0,3.515614,1.8.1,4,MiniPIX
D05/tot_toa__r0000000015.t3pa.info,D05,.t3pa.info,944,,2026-05-02T19:39:58.073671+00:00,D05-W0105,1773486174.186,Sat Mar 14 12:02:54.186000 2026,20.0,80.0,3.515614,1.8.1,4,MiniPIX
D05/tot_toa__r0000000016.t3pa,D05,.t3pa,50422,1749,2026-05-02T19:39:58.211805+00:00,D05-W0105,1773486194.947,Sat Mar 14 12:03:14.947000 2026,20.0,80.0,3.515614,1.8.1,4,MiniPIX
D05/tot_toa__r0000000016.t3pa.info,D05,.t3pa.info,944,,2026-05-02T19:39:58.072620+00:00,D05-W0105,1773486194.947,Sat Mar 14 12:03:14.947000 2026,20.0,80.0,3.515614,1.8.1,4,MiniPIX
D05/tot_toa__r0000000017.t3pa,D05,.t3pa,53425,1853,2026-05-02T19:39:58.188667+00:00,D05-W0105,1773486215.199,Sat Mar 14 12:03:35.198999 2026,20.0,80.0,3.515614,1.8.1,4,MiniPIX
D05/tot_toa__r0000000017.t3pa.info,D05,.t3pa.info,944,,2026-05-02T19:39:58.200539+00:00,D05-W0105,1773486215.199,Sat Mar 14 12:03:35.198999 2026,20.0,80.0,3.515614,1.8.1,4,MiniPIX
D05/tot_toa__r0000000018.t3pa,D05,.t3pa,51879,1795,2026-05-02T19:39:58.072929+00:00,D05-W0105,1773486236.971,Sat Mar 14 12:03:56.970999 2026,20.0,80.0,3.515614,1.8.1,4,MiniPIX
D05/tot_toa__r0000000018.t3pa.info,D05,.t3pa.info,944,,2026-05-02T19:39:58.165239+00:00,D05-W0105,1773486236.971,Sat Mar 14 12:03:56.970999 2026,20.0,80.0,3.515614,1.8.1,4,MiniPIX
D05/tot_toa__r0000000019.t3pa,D05,.t3pa,48100,1669,2026-05-02T19:39:58.073639+00:00,D05-W0105,1773486257.26,Sat Mar 14 12:04:17.259999 2026,20.0,80.0,3.515614,1.8.1,4,MiniPIX
D05/tot_toa__r0000000019.t3pa.info,D05,.t3pa.info,944,,2026-05-02T19:39:58.166246+00:00,D05-W0105,1773486257.26,Sat Mar 14 12:04:17.259999 2026,20.0,80.0,3.515614,1.8.1,4,MiniPIX
D05/tot_toa__r0000000020.t3pa,D05,.t3pa,48870,1698,2026-05-02T19:39:58.037581+00:00,D05-W0105,1773486277.522,Sat Mar 14 12:04:37.522000 2026,20.0,80.0,3.515614,1.8.1,4,MiniPIX
D05/tot_toa__r0000000020.t3pa.info,D05,.t3pa.info,944,,2026-05-02T19:39:58.073206+00:00,D05-W0105,1773486277.522,Sat Mar 14 12:04:37.522000 2026,20.0,80.0,3.515614,1.8.1,4,MiniPIX
D05/tot_toa__r0000000021.t3pa,D05,.t3pa,49999,1735,2026-05-02T19:39:58.266156+00:00,D05-W0105,1773486298.275,Sat Mar 14 12:04:58.275000 2026,20.0,80.0,3.515614,1.8.1,4,MiniPIX
D05/tot_toa__r0000000021.t3pa.info,D05,.t3pa.info,944,,2026-05-02T19:39:57.991845+00:00,D05-W0105,1773486298.275,Sat Mar 14 12:04:58.275000 2026,20.0,80.0,3.515614,1.8.1,4,MiniPIX
D05/tot_toa__r0000000022.t3pa,D05,.t3pa,50582,1755,2026-05-02T19:39:58.166541+00:00,D05-W0105,1773486318.559,Sat Mar 14 12:05:18.559000 2026,20.0,80.0,3.515614,1.8.1,4,MiniPIX
D05/tot_toa__r0000000022.t3pa.info,D05,.t3pa.info,944,,2026-05-02T19:39:58.072409+00:00,D05-W0105,1773486318.559,Sat Mar 14 12:05:18.559000 2026,20.0,80.0,3.515614,1.8.1,4,MiniPIX
D05/tot_toa__r0000000023.t3pa,D05,.t3pa,52442,1812,2026-05-02T19:39:58.166057+00:00,D05-W0105,1773486339.322,Sat Mar 14 12:05:39.322000 2026,20.0,80.0,3.515614,1.8.1,4,MiniPIX
D05/tot_toa__r0000000023.t3pa.info,D05,.t3pa.info,944,,2026-05-02T19:39:58.073179+00:00,D05-W0105,1773486339.322,Sat Mar 14 12:05:39.322000 2026,20.0,80.0,3.515614,1.8.1,4,MiniPIX
D05/tot_toa__r0000000024.t3pa,D05,.t3pa,46708,1619,2026-05-02T19:39:58.101620+00:00,D05-W0105,1773486359.573,Sat Mar 14 12:05:59.572999 2026,20.0,80.0,3.515614,1.8.1,4,MiniPIX
D05/tot_toa__r0000000024.t3pa.info,D05,.t3pa.info,944,,2026-05-02T19:39:58.188951+00:00,D05-W0105,1773486359.573,Sat Mar 14 12:05:59.572999 2026,20.0,80.0,3.515614,1.8.1,4,MiniPIX
D05/tot_toa__r0000000025.t3pa,D05,.t3pa,40371,1411,2026-05-02T19:39:58.073892+00:00,D05-W0105,1773486380.333,Sat Mar 14 12:06:20.332999 2026,20.0,80.0,3.515614,1.8.1,4,MiniPIX
D05/tot_toa__r0000000025.t3pa.info,D05,.t3pa.info,944,,2026-05-02T19:39:58.211591+00:00,D05-W0105,1773486380.333,Sat Mar 14 12:06:20.332999 2026,20.0,80.0,3.515614,1.8.1,4,MiniPIX
D05/tot_toa__r0000000026.t3pa,D05,.t3pa,50706,1751,2026-05-02T19:39:58.165568+00:00,D05-W0105,1773486400.588,Sat Mar 14 12:06:40.588000 2026,20.0,80.0,3.515614,1.8.1,4,MiniPIX
D05/tot_toa__r0000000026.t3pa.info,D05,.t3pa.info,944,,2026-05-02T19:39:58.188181+00:00,D05-W0105,1773486400.588,Sat Mar 14 12:06:40.588000 2026,20.0,80.0,3.515614,1.8.1,4,MiniPIX
D05/tot_toa__r0000000027.t3pa,D05,.t3pa,30430414,979261,2026-05-02T19:39:58.067770+00:00,D05-W0105,1773486421.343,Sat Mar 14 12:07:01.342999 2026,20.0,80.0,3.515614,1.8.1,4,MiniPIX
D05/tot_toa__r0000000027.t3pa.info,D05,.t3pa.info,944,,2026-05-02T19:39:58.188975+00:00,D05-W0105,1773486421.343,Sat Mar 14 12:07:01.342999 2026,20.0,80.0,3.515614,1.8.1,4,MiniPIX
D05/tot_toa__r0000000028.t3pa,D05,.t3pa,42074953,1334602,2026-05-02T19:39:58.031768+00:00,D05-W0105,1773486441.893,Sat Mar 14 12:07:21.892999 2026,20.0,80.0,3.515614,1.8.1,4,MiniPIX
D05/tot_toa__r0000000028.t3pa.info,D05,.t3pa.info,944,,2026-05-02T19:39:58.037615+00:00,D05-W0105,1773486441.893,Sat Mar 14 12:07:21.892999 2026,20.0,80.0,3.515614,1.8.1,4,MiniPIX
D05/tot_toa__r0000000029.t3pa,D05,.t3pa,68123,2350,2026-05-02T19:39:58.166184+00:00,D05-W0105,1773486462.3,Sat Mar 14 12:07:42.299999 2026,20.0,80.0,3.515614,1.8.1,4,MiniPIX
D05/tot_toa__r0000000029.t3pa.info,D05,.t3pa.info,944,,2026-05-02T19:39:58.166270+00:00,D05-W0105,1773486462.3,Sat Mar 14 12:07:42.299999 2026,20.0,80.0,3.515614,1.8.1,4,MiniPIX
D05/tot_toa__r0000000030.t3pa,D05,.t3pa,74287,2554,2026-05-02T19:39:58.072831+00:00,D05-W0105,1773486483.059,Sat Mar 14 12:08:03.059000 2026,20.0,80.0,3.515614,1.8.1,4,MiniPIX
D05/tot_toa__r0000000030.t3pa.info,D05,.t3pa.info,944,,2026-05-02T19:39:58.037487+00:00,D05-W0105,1773486483.059,Sat Mar 14 12:08:03.059000 2026,20.0,80.0,3.515614,1.8.1,4,MiniPIX
D05/tot_toa__r0000000031.t3pa,D05,.t3pa,62549,2159,2026-05-02T19:39:57.991886+00:00,D05-W0105,1773486503.317,Sat Mar 14 12:08:23.316999 2026,20.0,80.0,3.515614,1.8.1,4,MiniPIX
D05/tot_toa__r0000000031.t3pa.info,D05,.t3pa.info,944,,2026-05-02T19:39:58.166294+00:00,D05-W0105,1773486503.317,Sat Mar 14 12:08:23.316999 2026,20.0,80.0,3.515614,1.8.1,4,MiniPIX
D05/tot_toa__r0000000032.t3pa,D05,.t3pa,60363,2083,2026-05-02T19:39:58.188813+00:00,D05-W0105,1773486524.088,Sat Mar 14 12:08:44.088000 2026,20.0,80.0,3.515614,1.8.1,4,MiniPIX
D05/tot_toa__r0000000032.t3pa.info,D05,.t3pa.info,944,,2026-05-02T19:39:58.037315+00:00,D05-W0105,1773486524.088,Sat Mar 14 12:08:44.088000 2026,20.0,80.0,3.515614,1.8.1,4,MiniPIX
D05/tot_toa__r0000000033.t3pa,D05,.t3pa,20936443,666382,2026-05-02T19:39:58.184773+00:00,D05-W0105,1773486544.362,Sat Mar 14 12:09:04.361999 2026,20.0,80.0,3.515614,1.8.1,4,MiniPIX
D05/tot_toa__r0000000033.t3pa.info,D05,.t3pa.info,944,,2026-05-02T19:39:58.211621+00:00,D05-W0105,1773486544.362,Sat Mar 14 12:09:04.361999 2026,20.0,80.0,3.515614,1.8.1,4,MiniPIX
D05/tot_toa__r0000000034.t3pa,D05,.t3pa,10983232,363070,2026-05-02T19:39:58.197774+00:00,D05-W0105,1773486565.255,Sat Mar 14 12:09:25.255000 2026,20.0,80.0,3.515614,1.8.1,4,MiniPIX
D05/tot_toa__r0000000034.t3pa.info,D05,.t3pa.info,944,,2026-05-02T19:39:58.284952+00:00,D05-W0105,1773486565.255,Sat Mar 14 12:09:25.255000 2026,20.0,80.0,3.515614,1.8.1,4,MiniPIX
D05/tot_toa__r0000000035.t3pa,D05,.t3pa,64250,2222,2026-05-02T19:39:58.101859+00:00,D05-W0105,1773486585.893,Sat Mar 14 12:09:45.892999 2026,20.0,80.0,3.515614,1.8.1,4,MiniPIX
D05/tot_toa__r0000000035.t3pa.info,D05,.t3pa.info,944,,2026-05-02T19:39:58.101466+00:00,D05-W0105,1773486585.893,Sat Mar 14 12:09:45.892999 2026,20.0,80.0,3.515614,1.8.1,4,MiniPIX
D05/tot_toa__r0000000036.t3pa,D05,.t3pa,59809,2064,2026-05-02T19:39:58.188918+00:00,D05-W0105,1773486606.156,Sat Mar 14 12:10:06.155999 2026,20.0,80.0,3.515614,1.8.1,4,MiniPIX
D05/tot_toa__r0000000036.t3pa.info,D05,.t3pa.info,944,,2026-05-02T19:39:58.281704+00:00,D05-W0105,1773486606.156,Sat Mar 14 12:10:06.155999 2026,20.0,80.0,3.515614,1.8.1,4,MiniPIX
D05/tot_toa__r0000000037.t3pa,D05,.t3pa,6743112,216957,2026-05-02T19:39:58.263776+00:00,D05-W0105,1773486630.477,Sat Mar 14 12:10:30.476999 2026,20.0,80.0,3.515614,1.8.1,4,MiniPIX
D05/tot_toa__r0000000037.t3pa.info,D05,.t3pa.info,944,,2026-05-02T19:39:58.188235+00:00,D05-W0105,1773486630.477,Sat Mar 14 12:10:30.476999 2026,20.0,80.0,3.515614,1.8.1,4,MiniPIX
D05/tot_toa__r0000000038.t3pa,D05,.t3pa,25314664,804918,2026-05-02T19:39:58.096771+00:00,D05-W0105,1773486651.838,Sat Mar 14 12:10:51.838000 2026,20.0,80.0,3.515614,1.8.1,4,MiniPIX
D05/tot_toa__r0000000038.t3pa.info,D05,.t3pa.info,944,,2026-05-02T19:39:58.211838+00:00,D05-W0105,1773486651.838,Sat Mar 14 12:10:51.838000 2026,20.0,80.0,3.515614,1.8.1,4,MiniPIX
D05/tot_toa__r0000000039.t3pa,D05,.t3pa,23527507,760521,2026-05-02T19:39:58.161773+00:00,D05-W0105,1773486674.082,Sat Mar 14 12:11:14.082000 2026,20.0,80.0,3.515614,1.8.1,4,MiniPIX
D05/tot_toa__r0000000039.t3pa.info,D05,.t3pa.info,944,,2026-05-02T19:39:58.166430+00:00,D05-W0105,1773486674.082,Sat Mar 14 12:11:14.082000 2026,20.0,80.0,3.515614,1.8.1,4,MiniPIX
D05/tot_toa__r0000000040.t3pa,D05,.t3pa,68469,2362,2026-05-02T19:39:58.165968+00:00,D05-W0105,1773486694.473,Sat Mar 14 12:11:34.473000 2026,20.0,80.0,3.515614,1.8.1,4,MiniPIX
D05/tot_toa__r0000000040.t3pa.info,D05,.t3pa.info,944,,2026-05-02T19:39:58.140035+00:00,D05-W0105,1773486694.473,Sat Mar 14 12:11:34.473000 2026,20.0,80.0,3.515614,1.8.1,4,MiniPIX
D05/tot_toa__r0000000041.t3pa,D05,.t3pa,68249,2356,2026-05-02T19:39:58.211549+00:00,D05-W0105,1773486715.236,Sat Mar 14 12:11:55.236000 2026,20.0,80.0,3.515614,1.8.1,4,MiniPIX
D05/tot_toa__r0000000041.t3pa.info,D05,.t3pa.info,944,,2026-05-02T19:39:58.258737+00:00,D05-W0105,1773486715.236,Sat Mar 14 12:11:55.236000 2026,20.0,80.0,3.515614,1.8.1,4,MiniPIX
D05/tot_toa__r0000000042.t3pa,D05,.t3pa,15119733,482109,2026-05-02T19:39:58.278777+00:00,D05-W0105,1773486735.496,Sat Mar 14 12:12:15.496000 2026,20.0,80.0,3.515614,1.8.1,4,MiniPIX
D05/tot_toa__r0000000042.t3pa.info,D05,.t3pa.info,944,,2026-05-02T19:39:58.188698+00:00,D05-W0105,1773486735.496,Sat Mar 14 12:12:15.496000 2026,20.0,80.0,3.515614,1.8.1,4,MiniPIX
D05/tot_toa__r0000000043.t3pa,D05,.t3pa,76163,2621,2026-05-02T19:39:58.073144+00:00,D05-W0105,1773486756.15,Sat Mar 14 12:12:36.150000 2026,20.0,80.0,3.515614,1.8.1,4,MiniPIX
D05/tot_toa__r0000000043.t3pa.info,D05,.t3pa.info,944,,2026-05-02T19:39:58.072471+00:00,D05-W0105,1773486756.15,Sat Mar 14 12:12:36.150000 2026,20.0,80.0,3.515614,1.8.1,4,MiniPIX
D05/tot_toa__r0000000044.t3pa,D05,.t3pa,2996813,98377,2026-05-02T19:39:58.283777+00:00,D05-W0105,1773486778.935,Sat Mar 14 12:12:58.934999 2026,20.0,80.0,3.515614,1.8.1,4,MiniPIX
D05/tot_toa__r0000000044.t3pa.info,D05,.t3pa.info,944,,2026-05-02T19:39:58.101519+00:00,D05-W0105,1773486778.935,Sat Mar 14 12:12:58.934999 2026,20.0,80.0,3.515614,1.8.1,4,MiniPIX
D05/tot_toa__r0000000045.t3pa,D05,.t3pa,10662399,341108,2026-05-02T19:39:58.208774+00:00,D05-W0105,1773486799.538,Sat Mar 14 12:13:19.538000 2026,20.0,80.0,3.515614,1.8.1,4,MiniPIX
D05/tot_toa__r0000000045.t3pa.info,D05,.t3pa.info,944,,2026-05-02T19:39:58.166455+00:00,D05-W0105,1773486799.538,Sat Mar 14 12:13:19.538000 2026,20.0,80.0,3.515614,1.8.1,4,MiniPIX
D05/tot_toa__r0000000046.t3pa,D05,.t3pa,31229334,1003928,2026-05-02T19:39:58.133772+00:00,D05-W0105,1773486821.225,Sat Mar 14 12:13:41.224999 2026,20.0,80.0,3.515614,1.8.1,4,MiniPIX
D05/tot_toa__r0000000046.t3pa.info,D05,.t3pa.info,944,,2026-05-02T19:39:58.166221+00:00,D05-W0105,1773486821.225,Sat Mar 14 12:13:41.224999 2026,20.0,80.0,3.515614,1.8.1,4,MiniPIX
D05/tot_toa__r0000000047.t3pa,D05,.t3pa,83021,2853,2026-05-02T19:39:58.285232+00:00,D05-W0105,1773486841.839,Sat Mar 14 12:14:01.838999 2026,20.0,80.0,3.515614,1.8.1,4,MiniPIX
D05/tot_toa__r0000000047.t3pa.info,D05,.t3pa.info,944,,2026-05-02T19:39:58.281735+00:00,D05-W0105,1773486841.839,Sat Mar 14 12:14:01.838999 2026,20.0,80.0,3.515614,1.8.1,4,MiniPIX
D05/tot_toa__r0000000048.t3pa,D05,.t3pa,81023,2787,2026-05-02T19:39:58.139918+00:00,D05-W0105,1773486864.128,Sat Mar 14 12:14:24.128000 2026,20.0,80.0,3.515614,1.8.1,4,MiniPIX
D05/tot_toa__r0000000048.t3pa.info,D05,.t3pa.info,944,,2026-05-02T19:39:58.101898+00:00,D05-W0105,1773486864.128,Sat Mar 14 12:14:24.128000 2026,20.0,80.0,3.515614,1.8.1,4,MiniPIX
D05/tot_toa__r0000000049.t3pa,D05,.t3pa,74249,2557,2026-05-02T19:39:58.285101+00:00,D05-W0105,1773486884.382,Sat Mar 14 12:14:44.381999 2026,20.0,80.0,3.515614,1.8.1,4,MiniPIX
D05/tot_toa__r0000000049.t3pa.info,D05,.t3pa.info,944,,2026-05-02T19:39:57.991819+00:00,D05-W0105,1773486884.382,Sat Mar 14 12:14:44.381999 2026,20.0,80.0,3.515614,1.8.1,4,MiniPIX
D05/tot_toa__r0000000050.t3pa,D05,.t3pa,170742,5817,2026-05-02T19:39:58.073510+00:00,D05-W0105,1773486905.137,Sat Mar 14 12:15:05.137000 2026,20.0,80.0,3.515614,1.8.1,4,MiniPIX
D05/tot_toa__r0000000050.t3pa.info,D05,.t3pa.info,944,,2026-05-02T19:39:58.072444+00:00,D05-W0105,1773486905.137,Sat Mar 14 12:15:05.137000 2026,20.0,80.0,3.515614,1.8.1,4,MiniPIX
D05/tot_toa__r0000000051.t3pa,D05,.t3pa,53697,1860,2026-05-02T19:39:58.165757+00:00,D05-W0105,1773486925.404,Sat Mar 14 12:15:25.404000 2026,20.0,80.0,3.515614,1.8.1,4,MiniPIX
D05/tot_toa__r0000000051.t3pa.info,D05,.t3pa.info,944,,2026-05-02T19:39:58.073724+00:00,D05-W0105,1773486925.404,Sat Mar 14 12:15:25.404000 2026,20.0,80.0,3.515614,1.8.1,4,MiniPIX
D05/tot_toa__r0000000052.t3pa,D05,.t3pa,45489396,1430116,2026-05-02T19:39:58.252776+00:00,D05-W0105,1773486946.164,Sat Mar 14 12:15:46.164000 2026,20.0,80.0,3.515614,1.8.1,4,MiniPIX
D05/tot_toa__r0000000052.t3pa.info,D05,.t3pa.info,944,,2026-05-02T19:39:58.037640+00:00,D05-W0105,1773486946.164,Sat Mar 14 12:15:46.164000 2026,20.0,80.0,3.515614,1.8.1,4,MiniPIX
D05/tot_toa__r0000000053.t3pa,D05,.t3pa,61063,2112,2026-05-02T19:39:57.991619+00:00,D05-W0105,1773486966.668,Sat Mar 14 12:16:06.667999 2026,20.0,80.0,3.515614,1.8.1,4,MiniPIX
D05/tot_toa__r0000000053.t3pa.info,D05,.t3pa.info,944,,2026-05-02T19:39:58.188721+00:00,D05-W0105,1773486966.668,Sat Mar 14 12:16:06.667999 2026,20.0,80.0,3.515614,1.8.1,4,MiniPIX
F08/tot_toa__r0000000000.t3pa,F08,.t3pa,644637,21657,2026-05-02T19:39:57.227829+00:00,F08-W0060,1773485859.818,Sat Mar 14 11:57:39.818000 2026,20.0,-500.0,5.014741,1.8.1,4,MiniPIX
F08/tot_toa__r0000000000.t3pa.info,F08,.t3pa.info,939,,2026-05-02T19:39:57.313066+00:00,F08-W0060,1773485859.818,Sat Mar 14 11:57:39.818000 2026,20.0,-500.0,5.014741,1.8.1,4,MiniPIX
F08/tot_toa__r0000000001.t3pa,F08,.t3pa,643986,21636,2026-05-02T19:39:57.225068+00:00,F08-W0060,1773485882.111,Sat Mar 14 11:58:02.111000 2026,20.0,-500.0,5.014741,1.8.1,4,MiniPIX
F08/tot_toa__r0000000001.t3pa.info,F08,.t3pa.info,939,,2026-05-02T19:39:57.221133+00:00,F08-W0060,1773485882.111,Sat Mar 14 11:58:02.111000 2026,20.0,-500.0,5.014741,1.8.1,4,MiniPIX
F08/tot_toa__r0000000002.t3pa,F08,.t3pa,634728,21320,2026-05-02T19:39:57.222003+00:00,F08-W0060,1773485903.406,Sat Mar 14 11:58:23.405999 2026,20.0,-500.0,5.014741,1.8.1,4,MiniPIX
F08/tot_toa__r0000000002.t3pa.info,F08,.t3pa.info,939,,2026-05-02T19:39:57.177754+00:00,F08-W0060,1773485903.406,Sat Mar 14 11:58:23.405999 2026,20.0,-500.0,5.014741,1.8.1,4,MiniPIX
F08/tot_toa__r0000000003.t3pa,F08,.t3pa,606415,20405,2026-05-02T19:39:57.065176+00:00,F08-W0060,1773485923.703,Sat Mar 14 11:58:43.703000 2026,20.0,-500.0,5.014741,1.8.1,4,MiniPIX
F08/tot_toa__r0000000003.t3pa.info,F08,.t3pa.info,939,,2026-05-02T19:39:57.443134+00:00,F08-W0060,1773485923.703,Sat Mar 14 11:58:43.703000 2026,20.0,-500.0,5.014741,1.8.1,4,MiniPIX
F08/tot_toa__r0000000004.t3pa,F08,.t3pa,624347,20988,2026-05-02T19:39:57.268444+00:00,F08-W0060,1773485944.489,Sat Mar 14 11:59:04.489000 2026,20.0,-500.0,5.014741,1.8.1,4,MiniPIX
F08/tot_toa__r0000000004.t3pa.info,F08,.t3pa.info,939,,2026-05-02T19:39:57.069739+00:00,F08-W0060,1773485944.489,Sat Mar 14 11:59:04.489000 2026,20.0,-500.0,5.014741,1.8.1,4,MiniPIX
F08/tot_toa__r0000000005.t3pa,F08,.t3pa,592220,19926,2026-05-02T19:39:57.222687+00:00,F08-W0060,1773485964.77,Sat Mar 14 11:59:24.769999 2026,20.0,-500.0,5.014741,1.8.1,4,MiniPIX
F08/tot_toa__r0000000005.t3pa.info,F08,.t3pa.info,939,,2026-05-02T19:39:57.266361+00:00,F08-W0060,1773485964.77,Sat Mar 14 11:59:24.769999 2026,20.0,-500.0,5.014741,1.8.1,4,MiniPIX
F08/tot_toa__r0000000006.t3pa,F08,.t3pa,591105,19893,2026-05-02T19:39:57.267740+00:00,F08-W0060,1773485986.559,Sat Mar 14 11:59:46.559000 2026,20.0,-500.0,5.014741,1.8.1,4,MiniPIX
F08/tot_toa__r0000000006.t3pa.info,F08,.t3pa.info,939,,2026-05-02T19:39:57.069097+00:00,F08-W0060,1773485986.559,Sat Mar 14 11:59:46.559000 2026,20.0,-500.0,5.014741,1.8.1,4,MiniPIX
F08/tot_toa__r0000000007.t3pa,F08,.t3pa,599200,20153,2026-05-02T19:39:57.070378+00:00,F08-W0060,1773486007.822,Sat Mar 14 12:00:07.822000 2026,20.0,-500.0,5.014741,1.8.1,4,MiniPIX
F08/tot_toa__r0000000007.t3pa.info,F08,.t3pa.info,939,,2026-05-02T19:39:57.443105+00:00,F08-W0060,1773486007.822,Sat Mar 14 12:00:07.822000 2026,20.0,-500.0,5.014741,1.8.1,4,MiniPIX
F08/tot_toa__r0000000008.t3pa,F08,.t3pa,616067,20718,2026-05-02T19:39:57.119813+00:00,F08-W0060,1773486029.109,Sat Mar 14 12:00:29.108999 2026,20.0,-500.0,5.014741,1.8.1,4,MiniPIX
F08/tot_toa__r0000000008.t3pa.info,F08,.t3pa.info,939,,2026-05-02T19:39:57.410378+00:00,F08-W0060,1773486029.109,Sat Mar 14 12:00:29.108999 2026,20.0,-500.0,5.014741,1.8.1,4,MiniPIX
F08/tot_toa__r0000000009.t3pa,F08,.t3pa,582243,19605,2026-05-02T19:39:57.068335+00:00,F08-W0060,1773486049.385,Sat Mar 14 12:00:49.384999 2026,20.0,-500.0,5.014741,1.8.1,4,MiniPIX
F08/tot_toa__r0000000009.t3pa.info,F08,.t3pa.info,939,,2026-05-02T19:39:57.119151+00:00,F08-W0060,1773486049.385,Sat Mar 14 12:00:49.384999 2026,20.0,-500.0,5.014741,1.8.1,4,MiniPIX
F08/tot_toa__r0000000010.t3pa,F08,.t3pa,578652,19483,2026-05-02T19:39:57.064430+00:00,F08-W0060,1773486070.168,Sat Mar 14 12:01:10.167999 2026,20.0,-500.0,5.014741,1.8.1,4,MiniPIX
F08/tot_toa__r0000000010.t3pa.info,F08,.t3pa.info,939,,2026-05-02T19:39:56.930760+00:00,F08-W0060,1773486070.168,Sat Mar 14 12:01:10.167999 2026,20.0,-500.0,5.014741,1.8.1,4,MiniPIX
F08/tot_toa__r0000000011.t3pa,F08,.t3pa,573166,19287,2026-05-02T19:39:57.267000+00:00,F08-W0060,1773486091.462,Sat Mar 14 12:01:31.461999 2026,20.0,-500.0,5.014741,1.8.1,4,MiniPIX
F08/tot_toa__r0000000011.t3pa.info,F08,.t3pa.info,939,,2026-05-02T19:39:57.064519+00:00,F08-W0060,1773486091.462,Sat Mar 14 12:01:31.461999 2026,20.0,-500.0,5.014741,1.8.1,4,MiniPIX
F08/tot_toa__r0000000012.t3pa,F08,.t3pa,546780,18423,2026-05-02T19:39:57.007610+00:00,F08-W0060,1773486111.746,Sat Mar 14 12:01:51.746000 2026,20.0,-500.0,5.014741,1.8.1,4,MiniPIX
F08/tot_toa__r0000000012.t3pa.info,F08,.t3pa.info,939,,2026-05-02T19:39:56.930733+00:00,F08-W0060,1773486111.746,Sat Mar 14 12:01:51.746000 2026,20.0,-500.0,5.014741,1.8.1,4,MiniPIX
F08/tot_toa__r0000000013.t3pa,F08,.t3pa,573843,19325,2026-05-02T19:39:57.067028+00:00,F08-W0060,1773486133.527,Sat Mar 14 12:02:13.526999 2026,20.0,-500.0,5.014741,1.8.1,4,MiniPIX
F08/tot_toa__r0000000013.t3pa.info,F08,.t3pa.info,939,,2026-05-02T19:39:57.221209+00:00,F08-W0060,1773486133.527,Sat Mar 14 12:02:13.526999 2026,20.0,-500.0,5.014741,1.8.1,4,MiniPIX
F08/tot_toa__r0000000014.t3pa,F08,.t3pa,544306,18339,2026-05-02T19:39:57.223828+00:00,F08-W0060,1773486153.813,Sat Mar 14 12:02:33.812999 2026,20.0,-500.0,5.014741,1.8.1,4,MiniPIX
F08/tot_toa__r0000000014.t3pa.info,F08,.t3pa.info,939,,2026-05-02T19:39:57.267134+00:00,F08-W0060,1773486153.813,Sat Mar 14 12:02:33.812999 2026,20.0,-500.0,5.014741,1.8.1,4,MiniPIX
F08/tot_toa__r0000000015.t3pa,F08,.t3pa,547479,18452,2026-05-02T19:39:57.314551+00:00,F08-W0060,1773486174.606,Sat Mar 14 12:02:54.605999 2026,20.0,-500.0,5.014741,1.8.1,4,MiniPIX
F08/tot_toa__r0000000015.t3pa.info,F08,.t3pa.info,939,,2026-05-02T19:39:57.069712+00:00,F08-W0060,1773486174.606,Sat Mar 14 12:02:54.605999 2026,20.0,-500.0,5.014741,1.8.1,4,MiniPIX
F08/tot_toa__r0000000016.t3pa,F08,.t3pa,531814,17944,2026-05-02T19:39:57.315165+00:00,F08-W0060,1773486194.891,Sat Mar 14 12:03:14.891000 2026,20.0,-500.0,5.014741,1.8.1,4,MiniPIX
F08/tot_toa__r0000000016.t3pa.info,F08,.t3pa.info,939,,2026-05-02T19:39:57.064546+00:00,F08-W0060,1773486194.891,Sat Mar 14 12:03:14.891000 2026,20.0,-500.0,5.014741,1.8.1,4,MiniPIX
F08/tot_toa__r0000000017.t3pa,F08,.t3pa,541614,18254,2026-05-02T19:39:57.269083+00:00,F08-W0060,1773486216.67,Sat Mar 14 12:03:36.670000 2026,20.0,-500.0,5.014741,1.8.1,4,MiniPIX
F08/tot_toa__r0000000017.t3pa.info,F08,.t3pa.info,939,,2026-05-02T19:39:57.291703+00:00,F08-W0060,1773486216.67,Sat Mar 14 12:03:36.670000 2026,20.0,-500.0,5.014741,1.8.1,4,MiniPIX
F08/tot_toa__r0000000018.t3pa,F08,.t3pa,514699,17367,2026-05-02T19:39:57.066389+00:00,F08-W0060,1773486236.96,Sat Mar 14 12:03:56.960000 2026,20.0,-500.0,5.014741,1.8.1,4,MiniPIX
F08/tot_toa__r0000000018.t3pa.info,F08,.t3pa.info,939,,2026-05-02T19:39:57.221179+00:00,F08-W0060,1773486236.96,Sat Mar 14 12:03:56.960000 2026,20.0,-500.0,5.014741,1.8.1,4,MiniPIX
F08/tot_toa__r0000000019.t3pa,F08,.t3pa,515818,17397,2026-05-02T19:39:57.069643+00:00,F08-W0060,1773486257.259,Sat Mar 14 12:04:17.259000 2026,20.0,-500.0,5.014741,1.8.1,4,MiniPIX
F08/tot_toa__r0000000019.t3pa.info,F08,.t3pa.info,939,,2026-05-02T19:39:57.227121+00:00,F08-W0060,1773486257.259,Sat Mar 14 12:04:17.259000 2026,20.0,-500.0,5.014741,1.8.1,4,MiniPIX
F08/tot_toa__r0000000020.t3pa,F08,.t3pa,489156,16518,2026-05-02T19:39:57.008232+00:00,F08-W0060,1773486277.549,Sat Mar 14 12:04:37.549000 2026,20.0,-500.0,5.014741,1.8.1,4,MiniPIX
F08/tot_toa__r0000000020.t3pa.info,F08,.t3pa.info,939,,2026-05-02T19:39:57.067735+00:00,F08-W0060,1773486277.549,Sat Mar 14 12:04:37.549000 2026,20.0,-500.0,5.014741,1.8.1,4,MiniPIX
F08/tot_toa__r0000000021.t3pa,F08,.t3pa,508747,17166,2026-05-02T19:39:57.410946+00:00,F08-W0060,1773486297.854,Sat Mar 14 12:04:57.854000 2026,20.0,-500.0,5.014741,1.8.1,4,MiniPIX
F08/tot_toa__r0000000021.t3pa.info,F08,.t3pa.info,939,,2026-05-02T19:39:56.930804+00:00,F08-W0060,1773486297.854,Sat Mar 14 12:04:57.854000 2026,20.0,-500.0,5.014741,1.8.1,4,MiniPIX
F08/tot_toa__r0000000022.t3pa,F08,.t3pa,503305,17004,2026-05-02T19:39:57.228461+00:00,F08-W0060,1773486318.636,Sat Mar 14 12:05:18.635999 2026,20.0,-500.0,5.014741,1.8.1,4,MiniPIX
F08/tot_toa__r0000000022.t3pa.info,F08,.t3pa.info,939,,2026-05-02T19:39:57.063722+00:00,F08-W0060,1773486318.636,Sat Mar 14 12:05:18.635999 2026,20.0,-500.0,5.014741,1.8.1,4,MiniPIX
F08/tot_toa__r0000000023.t3pa,F08,.t3pa,501685,16943,2026-05-02T19:39:57.226329+00:00,F08-W0060,1773486338.917,Sat Mar 14 12:05:38.917000 2026,20.0,-500.0,5.014741,1.8.1,4,MiniPIX
F08/tot_toa__r0000000023.t3pa.info,F08,.t3pa.info,939,,2026-05-02T19:39:57.067711+00:00,F08-W0060,1773486338.917,Sat Mar 14 12:05:38.917000 2026,20.0,-500.0,5.014741,1.8.1,4,MiniPIX
F08/tot_toa__r0000000024.t3pa,F08,.t3pa,493612,16667,2026-05-02T19:39:57.119035+00:00,F08-W0060,1773486359.709,Sat Mar 14 12:05:59.709000 2026,20.0,-500.0,5.014741,1.8.1,4,MiniPIX
F08/tot_toa__r0000000024.t3pa.info,F08,.t3pa.info,939,,2026-05-02T19:39:57.270372+00:00,F08-W0060,1773486359.709,Sat Mar 14 12:05:59.709000 2026,20.0,-500.0,5.014741,1.8.1,4,MiniPIX
F08/tot_toa__r0000000025.t3pa,F08,.t3pa,501202,16925,2026-05-02T19:39:57.070961+00:00,F08-W0060,1773486380.007,Sat Mar 14 12:06:20.006999 2026,20.0,-500.0,5.014741,1.8.1,4,MiniPIX
F08/tot_toa__r0000000025.t3pa.info,F08,.t3pa.info,939,,2026-05-02T19:39:57.313945+00:00,F08-W0060,1773486380.007,Sat Mar 14 12:06:20.006999 2026,20.0,-500.0,5.014741,1.8.1,4,MiniPIX
F08/tot_toa__r0000000026.t3pa,F08,.t3pa,471963,15946,2026-05-02T19:39:57.223234+00:00,F08-W0060,1773486400.781,Sat Mar 14 12:06:40.780999 2026,20.0,-500.0,5.014741,1.8.1,4,MiniPIX
F08/tot_toa__r0000000026.t3pa.info,F08,.t3pa.info,939,,2026-05-02T19:39:57.266322+00:00,F08-W0060,1773486400.781,Sat Mar 14 12:06:40.780999 2026,20.0,-500.0,5.014741,1.8.1,4,MiniPIX
F08/tot_toa__r0000000027.t3pa,F08,.t3pa,53145689,1697506,2026-05-02T19:39:57.056735+00:00,F08-W0060,1773486421.073,Sat Mar 14 12:07:01.072999 2026,20.0,-500.0,5.014741,1.8.1,4,MiniPIX
F08/tot_toa__r0000000027.t3pa.info,F08,.t3pa.info,939,,2026-05-02T19:39:57.270397+00:00,F08-W0060,1773486421.073,Sat Mar 14 12:07:01.072999 2026,20.0,-500.0,5.014741,1.8.1,4,MiniPIX
F08/tot_toa__r0000000028.t3pa,F08,.t3pa,73605991,2326137,2026-05-02T19:39:56.998733+00:00,F08-W0060,1773486441.94,Sat Mar 14 12:07:21.940000 2026,20.0,-500.0,5.014741,1.8.1,4,MiniPIX
F08/tot_toa__r0000000028.t3pa.info,F08,.t3pa.info,939,,2026-05-02T19:39:57.008315+00:00,F08-W0060,1773486441.94,Sat Mar 14 12:07:21.940000 2026,20.0,-500.0,5.014741,1.8.1,4,MiniPIX
F08/tot_toa__r0000000029.t3pa,F08,.t3pa,618311,20799,2026-05-02T19:39:57.227004+00:00,F08-W0060,1773486462.36,Sat Mar 14 12:07:42.359999 2026,20.0,-500.0,5.014741,1.8.1,4,MiniPIX
F08/tot_toa__r0000000029.t3pa.info,F08,.t3pa.info,939,,2026-05-02T19:39:57.227148+00:00,F08-W0060,1773486462.36,Sat Mar 14 12:07:42.359999 2026,20.0,-500.0,5.014741,1.8.1,4,MiniPIX
F08/tot_toa__r0000000030.t3pa,F08,.t3pa,547477,18463,2026-05-02T19:39:57.065805+00:00,F08-W0060,1773486482.652,Sat Mar 14 12:08:02.651999 2026,20.0,-500.0,5.014741,1.8.1,4,MiniPIX
F08/tot_toa__r0000000030.t3pa.info,F08,.t3pa.info,939,,2026-05-02T19:39:57.007725+00:00,F08-W0060,1773486482.652,Sat Mar 14 12:08:02.651999 2026,20.0,-500.0,5.014741,1.8.1,4,MiniPIX
F08/tot_toa__r0000000031.t3pa,F08,.t3pa,541465,18258,2026-05-02T19:39:56.930827+00:00,F08-W0060,1773486503.452,Sat Mar 14 12:08:23.451999 2026,20.0,-500.0,5.014741,1.8.1,4,MiniPIX
F08/tot_toa__r0000000031.t3pa.info,F08,.t3pa.info,939,,2026-05-02T19:39:57.227174+00:00,F08-W0060,1773486503.452,Sat Mar 14 12:08:23.451999 2026,20.0,-500.0,5.014741,1.8.1,4,MiniPIX
F08/tot_toa__r0000000032.t3pa,F08,.t3pa,496909,16770,2026-05-02T19:39:57.269711+00:00,F08-W0060,1773486523.728,Sat Mar 14 12:08:43.727999 2026,20.0,-500.0,5.014741,1.8.1,4,MiniPIX
F08/tot_toa__r0000000032.t3pa.info,F08,.t3pa.info,939,,2026-05-02T19:39:57.007015+00:00,F08-W0060,1773486523.728,Sat Mar 14 12:08:43.727999 2026,20.0,-500.0,5.014741,1.8.1,4,MiniPIX
F08/tot_toa__r0000000033.t3pa,F08,.t3pa,35674450,1137534,2026-05-02T19:39:57.260742+00:00,F08-W0060,1773486544.512,Sat Mar 14 12:09:04.512000 2026,20.0,-500.0,5.014741,1.8.1,4,MiniPIX
F08/tot_toa__r0000000033.t3pa.info,F08,.t3pa.info,939,,2026-05-02T19:39:57.313973+00:00,F08-W0060,1773486544.512,Sat Mar 14 12:09:04.512000 2026,20.0,-500.0,5.014741,1.8.1,4,MiniPIX
F08/tot_toa__r0000000034.t3pa,F08,.t3pa,19302607,639951,2026-05-02T19:39:57.288743+00:00,F08-W0060,1773486565.302,Sat Mar 14 12:09:25.302000 2026,20.0,-500.0,5.014741,1.8.1,4,MiniPIX
F08/tot_toa__r0000000034.t3pa.info,F08,.t3pa.info,939,,2026-05-02T19:39:57.443161+00:00,F08-W0060,1773486565.302,Sat Mar 14 12:09:25.302000 2026,20.0,-500.0,5.014741,1.8.1,4,MiniPIX
F08/tot_toa__r0000000035.t3pa,F08,.t3pa,547926,18471,2026-05-02T19:39:57.120461+00:00,F08-W0060,1773486585.714,Sat Mar 14 12:09:45.713999 2026,20.0,-500.0,5.014741,1.8.1,4,MiniPIX
F08/tot_toa__r0000000035.t3pa.info,F08,.t3pa.info,939,,2026-05-02T19:39:57.118329+00:00,F08-W0060,1773486585.714,Sat Mar 14 12:09:45.713999 2026,20.0,-500.0,5.014741,1.8.1,4,MiniPIX
F08/tot_toa__r0000000036.t3pa,F08,.t3pa,542321,18280,2026-05-02T19:39:57.270302+00:00,F08-W0060,1773486609.878,Sat Mar 14 12:10:09.878000 2026,20.0,-500.0,5.014741,1.8.1,4,MiniPIX
F08/tot_toa__r0000000036.t3pa.info,F08,.t3pa.info,939,,2026-05-02T19:39:57.437377+00:00,F08-W0060,1773486609.878,Sat Mar 14 12:10:09.878000 2026,20.0,-500.0,5.014741,1.8.1,4,MiniPIX
F08/tot_toa__r0000000037.t3pa,F08,.t3pa,12031412,387474,2026-05-02T19:39:57.407747+00:00,F08-W0060,1773486631.153,Sat Mar 14 12:10:31.153000 2026,20.0,-500.0,5.014741,1.8.1,4,MiniPIX
F08/tot_toa__r0000000037.t3pa.info,F08,.t3pa.info,939,,2026-05-02T19:39:57.266390+00:00,F08-W0060,1773486631.153,Sat Mar 14 12:10:31.153000 2026,20.0,-500.0,5.014741,1.8.1,4,MiniPIX
F08/tot_toa__r0000000038.t3pa,F08,.t3pa,44067397,1396682,2026-05-02T19:39:57.112737+00:00,F08-W0060,1773486653.379,Sat Mar 14 12:10:53.378999 2026,20.0,-500.0,5.014741,1.8.1,4,MiniPIX
F08/tot_toa__r0000000038.t3pa.info,F08,.t3pa.info,939,,2026-05-02T19:39:57.315248+00:00,F08-W0060,1773486653.379,Sat Mar 14 12:10:53.378999 2026,20.0,-500.0,5.014741,1.8.1,4,MiniPIX
F08/tot_toa__r0000000039.t3pa,F08,.t3pa,40458175,1304463,2026-05-02T19:39:57.215741+00:00,F08-W0060,1773486674.156,Sat Mar 14 12:11:14.155999 2026,20.0,-500.0,5.014741,1.8.1,4,MiniPIX
F08/tot_toa__r0000000039.t3pa.info,F08,.t3pa.info,939,,2026-05-02T19:39:57.227919+00:00,F08-W0060,1773486674.156,Sat Mar 14 12:11:14.155999 2026,20.0,-500.0,5.014741,1.8.1,4,MiniPIX
F08/tot_toa__r0000000040.t3pa,F08,.t3pa,610449,20530,2026-05-02T19:39:57.225751+00:00,F08-W0060,1773486694.55,Sat Mar 14 12:11:34.549999 2026,20.0,-500.0,5.014741,1.8.1,4,MiniPIX
F08/tot_toa__r0000000040.t3pa.info,F08,.t3pa.info,939,,2026-05-02T19:39:57.177717+00:00,F08-W0060,1773486694.55,Sat Mar 14 12:11:34.549999 2026,20.0,-500.0,5.014741,1.8.1,4,MiniPIX
F08/tot_toa__r0000000041.t3pa,F08,.t3pa,549859,18518,2026-05-02T19:39:57.313826+00:00,F08-W0060,1773486714.832,Sat Mar 14 12:11:54.832000 2026,20.0,-500.0,5.014741,1.8.1,4,MiniPIX
F08/tot_toa__r0000000041.t3pa.info,F08,.t3pa.info,939,,2026-05-02T19:39:57.397570+00:00,F08-W0060,1773486714.832,Sat Mar 14 12:11:54.832000 2026,20.0,-500.0,5.014741,1.8.1,4,MiniPIX
F08/tot_toa__r0000000042.t3pa,F08,.t3pa,26055306,834722,2026-05-02T19:39:57.433748+00:00,F08-W0060,1773486735.627,Sat Mar 14 12:12:15.627000 2026,20.0,-500.0,5.014741,1.8.1,4,MiniPIX
F08/tot_toa__r0000000042.t3pa.info,F08,.t3pa.info,939,,2026-05-02T19:39:57.269166+00:00,F08-W0060,1773486735.627,Sat Mar 14 12:12:15.627000 2026,20.0,-500.0,5.014741,1.8.1,4,MiniPIX
F08/tot_toa__r0000000043.t3pa,F08,.t3pa,540426,18230,2026-05-02T19:39:57.067640+00:00,F08-W0060,1773486758.49,Sat Mar 14 12:12:38.490000 2026,20.0,-500.0,5.014741,1.8.1,4,MiniPIX
F08/tot_toa__r0000000043.t3pa.info,F08,.t3pa.info,939,,2026-05-02T19:39:57.063804+00:00,F08-W0060,1773486758.49,Sat Mar 14 12:12:38.490000 2026,20.0,-500.0,5.014741,1.8.1,4,MiniPIX
F08/tot_toa__r0000000044.t3pa,F08,.t3pa,5622335,182926,2026-05-02T19:39:57.440748+00:00,F08-W0060,1773486778.786,Sat Mar 14 12:12:58.786000 2026,20.0,-500.0,5.014741,1.8.1,4,MiniPIX
F08/tot_toa__r0000000044.t3pa.info,F08,.t3pa.info,939,,2026-05-02T19:39:57.118380+00:00,F08-W0060,1773486778.786,Sat Mar 14 12:12:58.786000 2026,20.0,-500.0,5.014741,1.8.1,4,MiniPIX
F08/tot_toa__r0000000045.t3pa,F08,.t3pa,18517691,594127,2026-05-02T19:39:57.309744+00:00,F08-W0060,1773486800.543,Sat Mar 14 12:13:20.542999 2026,20.0,-500.0,5.014741,1.8.1,4,MiniPIX
F08/tot_toa__r0000000045.t3pa.info,F08,.t3pa.info,939,,2026-05-02T19:39:57.227943+00:00,F08-W0060,1773486800.543,Sat Mar 14 12:13:20.542999 2026,20.0,-500.0,5.014741,1.8.1,4,MiniPIX
F08/tot_toa__r0000000046.t3pa,F08,.t3pa,54424423,1737024,2026-05-02T19:39:57.170739+00:00,F08-W0060,1773486821.287,Sat Mar 14 12:13:41.286999 2026,20.0,-500.0,5.014741,1.8.1,4,MiniPIX
F08/tot_toa__r0000000046.t3pa.info,F08,.t3pa.info,939,,2026-05-02T19:39:57.227095+00:00,F08-W0060,1773486821.287,Sat Mar 14 12:13:41.286999 2026,20.0,-500.0,5.014741,1.8.1,4,MiniPIX
F08/tot_toa__r0000000047.t3pa,F08,.t3pa,579350,19508,2026-05-02T19:39:57.444355+00:00,F08-W0060,1773486843.518,Sat Mar 14 12:14:03.517999 2026,20.0,-500.0,5.014741,1.8.1,4,MiniPIX
F08/tot_toa__r0000000047.t3pa.info,F08,.t3pa.info,939,,2026-05-02T19:39:57.437409+00:00,F08-W0060,1773486843.518,Sat Mar 14 12:14:03.517999 2026,20.0,-500.0,5.014741,1.8.1,4,MiniPIX
F08/tot_toa__r0000000048.t3pa,F08,.t3pa,537815,18136,2026-05-02T19:39:57.176739+00:00,F08-W0060,1773486863.813,Sat Mar 14 12:14:23.812999 2026,20.0,-500.0,5.014741,1.8.1,4,MiniPIX
F08/tot_toa__r0000000048.t3pa.info,F08,.t3pa.info,939,,2026-05-02T19:39:57.120559+00:00,F08-W0060,1773486863.813,Sat Mar 14 12:14:23.812999 2026,20.0,-500.0,5.014741,1.8.1,4,MiniPIX
F08/tot_toa__r0000000049.t3pa,F08,.t3pa,515132,17378,2026-05-02T19:39:57.443717+00:00,F08-W0060,1773486884.59,Sat Mar 14 12:14:44.589999 2026,20.0,-500.0,5.014741,1.8.1,4,MiniPIX
F08/tot_toa__r0000000049.t3pa.info,F08,.t3pa.info,939,,2026-05-02T19:39:56.930782+00:00,F08-W0060,1773486884.59,Sat Mar 14 12:14:44.589999 2026,20.0,-500.0,5.014741,1.8.1,4,MiniPIX
F08/tot_toa__r0000000050.t3pa,F08,.t3pa,619767,20860,2026-05-02T19:39:57.069015+00:00,F08-W0060,1773486904.88,Sat Mar 14 12:15:04.880000 2026,20.0,-500.0,5.014741,1.8.1,4,MiniPIX
F08/tot_toa__r0000000050.t3pa.info,F08,.t3pa.info,939,,2026-05-02T19:39:57.063772+00:00,F08-W0060,1773486904.88,Sat Mar 14 12:15:04.880000 2026,20.0,-500.0,5.014741,1.8.1,4,MiniPIX
F08/tot_toa__r0000000051.t3pa,F08,.t3pa,496442,16767,2026-05-02T19:39:57.224378+00:00,F08-W0060,1773486925.673,Sat Mar 14 12:15:25.673000 2026,20.0,-500.0,5.014741,1.8.1,4,MiniPIX
F08/tot_toa__r0000000051.t3pa.info,F08,.t3pa.info,939,,2026-05-02T19:39:57.069764+00:00,F08-W0060,1773486925.673,Sat Mar 14 12:15:25.673000 2026,20.0,-500.0,5.014741,1.8.1,4,MiniPIX
F08/tot_toa__r0000000052.t3pa,F08,.t3pa,78247237,2452962,2026-05-02T19:39:57.387746+00:00,F08-W0060,1773486945.953,Sat Mar 14 12:15:45.953000 2026,20.0,-500.0,5.014741,1.8.1,4,MiniPIX
F08/tot_toa__r0000000052.t3pa.info,F08,.t3pa.info,939,,2026-05-02T19:39:57.008339+00:00,F08-W0060,1773486945.953,Sat Mar 14 12:15:45.953000 2026,20.0,-500.0,5.014741,1.8.1,4,MiniPIX
F08/tot_toa__r0000000053.t3pa,F08,.t3pa,412320,14023,2026-05-02T19:39:56.930255+00:00,F08-W0060,1773486969.627,Sat Mar 14 12:16:09.627000 2026,20.0,-500.0,5.014741,1.8.1,4,MiniPIX
F08/tot_toa__r0000000053.t3pa.info,F08,.t3pa.info,939,,2026-05-02T19:39:57.269194+00:00,F08-W0060,1773486969.627,Sat Mar 14 12:16:09.627000 2026,20.0,-500.0,5.014741,1.8.1,4,MiniPIX
data I05/sync__I05-W0044_r000.t3pa,data I05,.t3pa,182458088,5515566,2026-05-02T19:39:57.747759+00:00,I05-W0044,1614769143.332054,Wed Mar  3 11:59:03.332054 2021,60.0,300.0,4.998257,1.7.5,4,MiniPIX
data I05/sync__I05-W0044_r000.t3pa.info,data I05,.t3pa.info,944,,2026-05-02T19:39:57.767904+00:00,I05-W0044,1614769143.332054,Wed Mar  3 11:59:03.332054 2021,60.0,300.0,4.998257,1.7.5,4,MiniPIX
data I05/sync__I05-W0044_r001.t3pa,data I05,.t3pa,208206700,6275049,2026-05-02T19:39:57.965766+00:00,I05-W0044,1614769206.076026,Wed Mar  3 12:00:06.076026 2021,60.0,300.0,4.998257,1.7.5,4,MiniPIX
data I05/sync__I05-W0044_r001.t3pa.info,data I05,.t3pa.info,944,,2026-05-02T19:39:57.990767+00:00,I05-W0044,1614769206.076026,Wed Mar  3 12:00:06.076026 2021,60.0,300.0,4.998257,1.7.5,4,MiniPIX
data I05/sync__I05-W0044_r002.t3pa,data I05,.t3pa,69162854,2156669,2026-05-02T19:39:57.568753+00:00,I05-W0044,1614769268.801594,Wed Mar  3 12:01:08.801593 2021,60.0,300.0,4.998257,1.7.5,4,MiniPIX
data I05/sync__I05-W0044_r002.t3pa.info,data I05,.t3pa.info,944,,2026-05-02T19:39:57.577095+00:00,I05-W0044,1614769268.801594,Wed Mar  3 12:01:08.801593 2021,60.0,300.0,4.998257,1.7.5,4,MiniPIX
data M07/sync__M07-W0044_r000.t3pa,data M07,.t3pa,46055320,1413287,2026-05-02T19:39:56.799726+00:00,M07-W0044,1614769143.593419,Wed Mar  3 11:59:03.593418 2021,60.0,100.0,3.004906,1.7.5,4,MiniPIX
data M07/sync__M07-W0044_r000.t3pa.info,data M07,.t3pa.info,944,,2026-05-02T19:39:56.864782+00:00,M07-W0044,1614769143.593419,Wed Mar  3 11:59:03.593418 2021,60.0,100.0,3.004906,1.7.5,4,MiniPIX
data M07/sync__M07-W0044_r001.t3pa,data M07,.t3pa,53108436,1620995,2026-05-02T19:39:56.857728+00:00,M07-W0044,1614769206.340381,Wed Mar  3 12:00:06.340381 2021,60.0,100.0,3.004906,1.7.5,4,MiniPIX
data M07/sync__M07-W0044_r001.t3pa.info,data M07,.t3pa.info,944,,2026-05-02T19:39:56.864752+00:00,M07-W0044,1614769206.340381,Wed Mar  3 12:00:06.340381 2021,60.0,100.0,3.004906,1.7.5,4,MiniPIX
data M07/sync__M07-W0044_r002.t3pa,data M07,.t3pa,17356471,551514,2026-05-02T19:39:56.750725+00:00,M07-W0044,1614769268.984112,Wed Mar  3 12:01:08.984111 2021,60.0,100.0,3.004906,1.7.5,4,MiniPIX
data M07/sync__M07-W0044_r002.t3pa.info,data M07,.t3pa.info,944,,2026-05-02T19:39:56.864711+00:00,M07-W0044,1614769268.984112,Wed Mar  3 12:01:08.984111 2021,60.0,100.0,3.004906,1.7.5,4,MiniPIX
